time_target,class,wavelength,r_b
2021-08-28T19:01:58Z,saccharina_latissima,340,0.0353
2021-08-28T19:01:58Z,saccharina_latissima,342,0.035275
2021-08-28T19:01:58Z,saccharina_latissima,344,0.0352
2021-08-28T19:01:58Z,saccharina_latissima,346,0.03499375
2021-08-28T19:01:58Z,saccharina_latissima,348,0.03472352941176471
2021-08-28T19:01:58Z,saccharina_latissima,350,0.0347
2021-08-28T19:01:58Z,saccharina_latissima,352,0.0347625
2021-08-28T19:01:58Z,saccharina_latissima,354,0.03505882352941176
2021-08-28T19:01:58Z,saccharina_latissima,356,0.035275
2021-08-28T19:01:58Z,saccharina_latissima,358,0.034829411764705887
2021-08-28T19:01:58Z,saccharina_latissima,360,0.034664705882352945
2021-08-28T19:01:58Z,saccharina_latissima,362,0.0344625
2021-08-28T19:01:58Z,saccharina_latissima,364,0.03433750000000001
2021-08-28T19:01:58Z,saccharina_latissima,366,0.03438235294117647
2021-08-28T19:01:58Z,saccharina_latissima,368,0.0345
2021-08-28T19:01:58Z,saccharina_latissima,370,0.0345
2021-08-28T19:01:58Z,saccharina_latissima,372,0.0344
2021-08-28T19:01:58Z,saccharina_latissima,374,0.034075
2021-08-28T19:01:58Z,saccharina_latissima,376,0.033811764705882354
2021-08-28T19:01:58Z,saccharina_latissima,378,0.0338375
2021-08-28T19:01:58Z,saccharina_latissima,380,0.03408235294117647
2021-08-28T19:01:58Z,saccharina_latissima,382,0.0340125
2021-08-28T19:01:58Z,saccharina_latissima,384,0.033549999999999996
2021-08-28T19:01:58Z,saccharina_latissima,386,0.03338823529411765
2021-08-28T19:01:58Z,saccharina_latissima,388,0.03326875
2021-08-28T19:01:58Z,saccharina_latissima,390,0.03336875
2021-08-28T19:01:58Z,saccharina_latissima,392,0.03358125
2021-08-28T19:01:58Z,saccharina_latissima,394,0.03309375
2021-08-28T19:01:58Z,saccharina_latissima,396,0.03285294117647059
2021-08-28T19:01:58Z,saccharina_latissima,398,0.0325
2021-08-28T19:01:58Z,saccharina_latissima,400,0.032575
2021-08-28T19:01:58Z,saccharina_latissima,402,0.0327
2021-08-28T19:01:58Z,saccharina_latissima,404,0.032775
2021-08-28T19:01:58Z,saccharina_latissima,406,0.032652941176470586
2021-08-28T19:01:58Z,saccharina_latissima,408,0.03253125
2021-08-28T19:01:58Z,saccharina_latissima,410,0.03231250000000001
2021-08-28T19:01:58Z,saccharina_latissima,412,0.032281250000000004
2021-08-28T19:01:58Z,saccharina_latissima,414,0.0322
2021-08-28T19:01:58Z,saccharina_latissima,416,0.0322
2021-08-28T19:01:58Z,saccharina_latissima,418,0.032106249999999996
2021-08-28T19:01:58Z,saccharina_latissima,420,0.0321
2021-08-28T19:01:58Z,saccharina_latissima,422,0.0321
2021-08-28T19:01:58Z,saccharina_latissima,424,0.0321
2021-08-28T19:01:58Z,saccharina_latissima,426,0.0321
2021-08-28T19:01:58Z,saccharina_latissima,428,0.03218235294117647
2021-08-28T19:01:58Z,saccharina_latissima,430,0.031987499999999995
2021-08-28T19:01:58Z,saccharina_latissima,432,0.0318
2021-08-28T19:01:58Z,saccharina_latissima,434,0.03170625
2021-08-28T19:01:58Z,saccharina_latissima,436,0.03171333333333333
2021-08-28T19:01:58Z,saccharina_latissima,438,0.03175625
2021-08-28T19:01:58Z,saccharina_latissima,440,0.0317
2021-08-28T19:01:58Z,saccharina_latissima,442,0.03179375
2021-08-28T19:01:58Z,saccharina_latissima,444,0.0319375
2021-08-28T19:01:58Z,saccharina_latissima,446,0.0321
2021-08-28T19:01:58Z,saccharina_latissima,448,0.0322375
2021-08-28T19:01:58Z,saccharina_latissima,450,0.032393750000000006
2021-08-28T19:01:58Z,saccharina_latissima,452,0.0326
2021-08-28T19:01:58Z,saccharina_latissima,454,0.03264375
2021-08-28T19:01:58Z,saccharina_latissima,456,0.03276875
2021-08-28T19:01:58Z,saccharina_latissima,458,0.03289375
2021-08-28T19:01:58Z,saccharina_latissima,460,0.033025
2021-08-28T19:01:58Z,saccharina_latissima,462,0.03315
2021-08-28T19:01:58Z,saccharina_latissima,464,0.033275000000000006
2021-08-28T19:01:58Z,saccharina_latissima,466,0.0335
2021-08-28T19:01:58Z,saccharina_latissima,468,0.03364999999999999
2021-08-28T19:01:58Z,saccharina_latissima,470,0.0339
2021-08-28T19:01:58Z,saccharina_latissima,472,0.03415000000000001
2021-08-28T19:01:58Z,saccharina_latissima,474,0.03451250000000001
2021-08-28T19:01:58Z,saccharina_latissima,476,0.03479375
2021-08-28T19:01:58Z,saccharina_latissima,478,0.035112500000000005
2021-08-28T19:01:58Z,saccharina_latissima,480,0.0353625
2021-08-28T19:01:58Z,saccharina_latissima,482,0.03572499999999999
2021-08-28T19:01:58Z,saccharina_latissima,484,0.035975
2021-08-28T19:01:58Z,saccharina_latissima,486,0.0361
2021-08-28T19:01:58Z,saccharina_latissima,488,0.036187500000000004
2021-08-28T19:01:58Z,saccharina_latissima,490,0.03641875
2021-08-28T19:01:58Z,saccharina_latissima,492,0.03654375
2021-08-28T19:01:58Z,saccharina_latissima,494,0.0367375
2021-08-28T19:01:58Z,saccharina_latissima,496,0.037000000000000005
2021-08-28T19:01:58Z,saccharina_latissima,498,0.037349999999999994
2021-08-28T19:01:58Z,saccharina_latissima,500,0.03765
2021-08-28T19:01:58Z,saccharina_latissima,502,0.038025
2021-08-28T19:01:58Z,saccharina_latissima,504,0.038425
2021-08-28T19:01:58Z,saccharina_latissima,506,0.038925
2021-08-28T19:01:58Z,saccharina_latissima,508,0.03943999999999999
2021-08-28T19:01:58Z,saccharina_latissima,510,0.0400375
2021-08-28T19:01:58Z,saccharina_latissima,512,0.0406625
2021-08-28T19:01:58Z,saccharina_latissima,514,0.041340000000000016
2021-08-28T19:01:58Z,saccharina_latissima,516,0.04204375
2021-08-28T19:01:58Z,saccharina_latissima,518,0.042762499999999995
2021-08-28T19:01:58Z,saccharina_latissima,520,0.04357499999999999
2021-08-28T19:01:58Z,saccharina_latissima,522,0.04445
2021-08-28T19:01:58Z,saccharina_latissima,524,0.04536000000000002
2021-08-28T19:01:58Z,saccharina_latissima,526,0.04623750000000001
2021-08-28T19:01:58Z,saccharina_latissima,528,0.04706666666666666
2021-08-28T19:01:58Z,saccharina_latissima,530,0.0480375
2021-08-28T19:01:58Z,saccharina_latissima,532,0.04899999999999998
2021-08-28T19:01:58Z,saccharina_latissima,534,0.05004999999999998
2021-08-28T19:01:58Z,saccharina_latissima,536,0.05109375000000002
2021-08-28T19:01:58Z,saccharina_latissima,538,0.05233333333333335
2021-08-28T19:01:58Z,saccharina_latissima,540,0.0535
2021-08-28T19:01:58Z,saccharina_latissima,542,0.05484375
2021-08-28T19:01:58Z,saccharina_latissima,544,0.05627499999999997
2021-08-28T19:01:58Z,saccharina_latissima,546,0.05783999999999996
2021-08-28T19:01:58Z,saccharina_latissima,548,0.05960000000000005
2021-08-28T19:01:58Z,saccharina_latissima,550,0.06160000000000003
2021-08-28T19:01:58Z,saccharina_latissima,552,0.06366875
2021-08-28T19:01:58Z,saccharina_latissima,554,0.066
2021-08-28T19:01:58Z,saccharina_latissima,556,0.0684333333333333
2021-08-28T19:01:58Z,saccharina_latissima,558,0.07108124999999996
2021-08-28T19:01:58Z,saccharina_latissima,560,0.07381999999999994
2021-08-28T19:01:58Z,saccharina_latissima,562,0.07659333333333339
2021-08-28T19:01:58Z,saccharina_latissima,564,0.07946250000000005
2021-08-28T19:01:58Z,saccharina_latissima,566,0.08231333333333336
2021-08-28T19:01:58Z,saccharina_latissima,568,0.0849
2021-08-28T19:01:58Z,saccharina_latissima,570,0.0873625
2021-08-28T19:01:58Z,saccharina_latissima,572,0.08955624999999996
2021-08-28T19:01:58Z,saccharina_latissima,574,0.09177333333333328
2021-08-28T19:01:58Z,saccharina_latissima,576,0.0935466666666667
2021-08-28T19:01:58Z,saccharina_latissima,578,0.09492000000000002
2021-08-28T19:01:58Z,saccharina_latissima,580,0.095925
2021-08-28T19:01:58Z,saccharina_latissima,582,0.0967375
2021-08-28T19:01:58Z,saccharina_latissima,584,0.09749999999999999
2021-08-28T19:01:58Z,saccharina_latissima,586,0.09833749999999998
2021-08-28T19:01:58Z,saccharina_latissima,588,0.09934666666666664
2021-08-28T19:01:58Z,saccharina_latissima,590,0.10049999999999996
2021-08-28T19:01:58Z,saccharina_latissima,592,0.10200000000000001
2021-08-28T19:01:58Z,saccharina_latissima,594,0.10406000000000004
2021-08-28T19:01:58Z,saccharina_latissima,596,0.10642500000000003
2021-08-28T19:01:58Z,saccharina_latissima,598,0.10868000000000004
2021-08-28T19:01:58Z,saccharina_latissima,600,0.11059375
2021-08-28T19:01:58Z,saccharina_latissima,602,0.1118
2021-08-28T19:01:58Z,saccharina_latissima,604,0.111875
2021-08-28T19:01:58Z,saccharina_latissima,606,0.11112000000000001
2021-08-28T19:01:58Z,saccharina_latissima,608,0.10949333333333335
2021-08-28T19:01:58Z,saccharina_latissima,610,0.10744000000000005
2021-08-28T19:01:58Z,saccharina_latissima,612,0.10498666666666673
2021-08-28T19:01:58Z,saccharina_latissima,614,0.10263749999999996
2021-08-28T19:01:58Z,saccharina_latissima,616,0.10028666666666662
2021-08-28T19:01:58Z,saccharina_latissima,618,0.09833124999999997
2021-08-28T19:01:58Z,saccharina_latissima,620,0.09693999999999998
2021-08-28T19:01:58Z,saccharina_latissima,622,0.09606874999999998
2021-08-28T19:01:58Z,saccharina_latissima,624,0.09546666666666667
2021-08-28T19:01:58Z,saccharina_latissima,626,0.095
2021-08-28T19:01:58Z,saccharina_latissima,628,0.09449999999999999
2021-08-28T19:01:58Z,saccharina_latissima,630,0.09374000000000002
2021-08-28T19:01:58Z,saccharina_latissima,632,0.09288
2021-08-28T19:01:58Z,saccharina_latissima,634,0.09216250000000002
2021-08-28T19:01:58Z,saccharina_latissima,636,0.09197999999999999
2021-08-28T19:01:58Z,saccharina_latissima,638,0.09283333333333331
2021-08-28T19:01:58Z,saccharina_latissima,640,0.0945133333333333
2021-08-28T19:01:58Z,saccharina_latissima,642,0.09676666666666672
2021-08-28T19:01:58Z,saccharina_latissima,644,0.09938666666666672
2021-08-28T19:01:58Z,saccharina_latissima,646,0.10160000000000004
2021-08-28T19:01:58Z,saccharina_latissima,648,0.10257499999999999
2021-08-28T19:01:58Z,saccharina_latissima,650,0.10191999999999998
2021-08-28T19:01:58Z,saccharina_latissima,652,0.09958666666666664
2021-08-28T19:01:58Z,saccharina_latissima,654,0.09563333333333326
2021-08-28T19:01:58Z,saccharina_latissima,656,0.08973999999999992
2021-08-28T19:01:58Z,saccharina_latissima,658,0.08237499999999998
2021-08-28T19:01:58Z,saccharina_latissima,660,0.0745
2021-08-28T19:01:58Z,saccharina_latissima,662,0.0671
2021-08-28T19:01:58Z,saccharina_latissima,664,0.06076666666666667
2021-08-28T19:01:58Z,saccharina_latissima,666,0.0556
2021-08-28T19:01:58Z,saccharina_latissima,668,0.052199999999999996
2021-08-28T19:01:58Z,saccharina_latissima,670,0.05026666666666667
2021-08-28T19:01:58Z,saccharina_latissima,672,0.0495
2021-08-28T19:01:58Z,saccharina_latissima,674,0.05006666666666667
2021-08-28T19:01:58Z,saccharina_latissima,676,0.051533333333333334
2021-08-28T19:01:58Z,saccharina_latissima,678,0.0538
2021-08-28T19:01:58Z,saccharina_latissima,680,0.05706666666666667
2021-08-28T19:01:58Z,saccharina_latissima,682,0.06146666666666666
2021-08-28T19:01:58Z,saccharina_latissima,684,0.0674
2021-08-28T19:01:58Z,saccharina_latissima,686,0.07593333333333334
2021-08-28T19:01:58Z,saccharina_latissima,688,0.08800000000000001
2021-08-28T19:01:58Z,saccharina_latissima,690,0.1035
2021-08-28T19:01:58Z,saccharina_latissima,692,0.12236666666666667
2021-08-28T19:01:58Z,saccharina_latissima,694,0.14336666666666667
2021-08-28T19:01:58Z,saccharina_latissima,696,0.1656
2021-08-28T19:01:58Z,saccharina_latissima,698,0.1874
2021-08-28T19:01:58Z,saccharina_latissima,700,0.20806666666666665
2021-08-28T19:01:58Z,saccharina_latissima,702,0.22719999999999999
2021-08-28T19:01:58Z,saccharina_latissima,704,0.2439666666666667
2021-08-28T19:01:58Z,saccharina_latissima,706,0.2586333333333333
2021-08-28T19:01:58Z,saccharina_latissima,708,0.2720600000000001
2021-08-28T19:01:58Z,saccharina_latissima,710,0.2829400000000001
2021-08-28T19:01:58Z,saccharina_latissima,712,0.2926333333333334
2021-08-28T19:01:58Z,saccharina_latissima,714,0.3014500000000001
2021-08-28T19:01:58Z,saccharina_latissima,716,0.31010000000000015
2021-08-28T19:01:58Z,saccharina_latissima,718,0.31738000000000016
2021-08-28T19:01:58Z,saccharina_latissima,720,0.32392000000000015
2021-08-28T19:01:58Z,saccharina_latissima,722,0.33126000000000017
2021-08-28T19:01:58Z,saccharina_latissima,724,0.33875714285714276
2021-08-28T19:01:58Z,saccharina_latissima,726,0.34569999999999984
2021-08-28T19:01:58Z,saccharina_latissima,728,0.35241999999999984
2021-08-28T19:01:58Z,saccharina_latissima,730,0.3593499999999999
2021-08-28T19:01:58Z,saccharina_latissima,732,0.36577999999999994
2021-08-28T19:01:58Z,saccharina_latissima,734,0.37245
2021-08-28T19:01:58Z,saccharina_latissima,736,0.3789
2021-08-28T19:01:58Z,saccharina_latissima,738,0.38507142857142856
2021-08-28T19:01:58Z,saccharina_latissima,740,0.39105333333333336
2021-08-28T19:01:58Z,saccharina_latissima,742,0.39657857142857156
2021-08-28T19:01:58Z,saccharina_latissima,744,0.40197333333333346
2021-08-28T19:01:58Z,saccharina_latissima,746,0.4069600000000001
2021-08-28T19:01:58Z,saccharina_latissima,748,0.4118599999999999
2021-08-28T19:01:58Z,saccharina_latissima,750,0.4162066666666666
2021-08-28T19:01:58Z,saccharina_latissima,752,0.4203928571428571
2021-08-28T19:01:58Z,saccharina_latissima,754,0.42452857142857137
2021-08-28T19:01:58Z,saccharina_latissima,756,0.42826666666666663
2021-08-28T19:01:58Z,saccharina_latissima,758,0.43362666666666677
2021-08-28T19:01:58Z,saccharina_latissima,760,0.43998571428571426
2021-08-28T19:01:58Z,saccharina_latissima,762,0.43986
2021-08-28T19:01:58Z,saccharina_latissima,764,0.43966
2021-08-28T19:01:58Z,saccharina_latissima,766,0.44184285714285704
2021-08-28T19:01:58Z,saccharina_latissima,768,0.44561333333333325
2021-08-28T19:01:58Z,saccharina_latissima,770,0.4492333333333333
2021-08-28T19:01:58Z,saccharina_latissima,772,0.4520571428571429
2021-08-28T19:01:58Z,saccharina_latissima,774,0.4545214285714286
2021-08-28T19:01:58Z,saccharina_latissima,776,0.45684666666666673
2021-08-28T19:01:58Z,saccharina_latissima,778,0.4589857142857143
2021-08-28T19:01:58Z,saccharina_latissima,780,0.46107333333333334
2021-08-28T19:01:58Z,saccharina_latissima,782,0.4629357142857143
2021-08-28T19:01:58Z,saccharina_latissima,784,0.4646
2021-08-28T19:01:58Z,saccharina_latissima,786,0.46627142857142856
2021-08-28T19:01:58Z,saccharina_latissima,788,0.4677
2021-08-28T19:01:58Z,saccharina_latissima,790,0.46921428571428564
2021-08-28T19:01:58Z,saccharina_latissima,792,0.4707071428571429
2021-08-28T19:01:58Z,saccharina_latissima,794,0.47200000000000003
2021-08-28T19:01:58Z,saccharina_latissima,796,0.4730142857142857
2021-08-28T19:01:58Z,saccharina_latissima,798,0.47378000000000003
2021-08-28T19:01:58Z,saccharina_latissima,800,0.47505000000000003
2021-08-28T19:08:11Z,saccharina_latissima,340,0.01399411764705882
2021-08-28T19:08:11Z,saccharina_latissima,342,0.013825000000000002
2021-08-28T19:08:11Z,saccharina_latissima,344,0.013364705882352937
2021-08-28T19:08:11Z,saccharina_latissima,346,0.0131
2021-08-28T19:08:11Z,saccharina_latissima,348,0.012923529411764705
2021-08-28T19:08:11Z,saccharina_latissima,350,0.0128
2021-08-28T19:08:11Z,saccharina_latissima,352,0.01276875
2021-08-28T19:08:11Z,saccharina_latissima,354,0.012594117647058825
2021-08-28T19:08:11Z,saccharina_latissima,356,0.012349999999999998
2021-08-28T19:08:11Z,saccharina_latissima,358,0.012111764705882355
2021-08-28T19:08:11Z,saccharina_latissima,360,0.011882352941176469
2021-08-28T19:08:11Z,saccharina_latissima,362,0.011724999999999998
2021-08-28T19:08:11Z,saccharina_latissima,364,0.011475
2021-08-28T19:08:11Z,saccharina_latissima,366,0.01131764705882353
2021-08-28T19:08:11Z,saccharina_latissima,368,0.011087499999999998
2021-08-28T19:08:11Z,saccharina_latissima,370,0.010841176470588236
2021-08-28T19:08:11Z,saccharina_latissima,372,0.010600000000000002
2021-08-28T19:08:11Z,saccharina_latissima,374,0.010424999999999999
2021-08-28T19:08:11Z,saccharina_latissima,376,0.010117647058823533
2021-08-28T19:08:11Z,saccharina_latissima,378,0.0099625
2021-08-28T19:08:11Z,saccharina_latissima,380,0.009758823529411764
2021-08-28T19:08:11Z,saccharina_latissima,382,0.0096375
2021-08-28T19:08:11Z,saccharina_latissima,384,0.009512499999999998
2021-08-28T19:08:11Z,saccharina_latissima,386,0.009388235294117647
2021-08-28T19:08:11Z,saccharina_latissima,388,0.009268750000000001
2021-08-28T19:08:11Z,saccharina_latissima,390,0.009087500000000002
2021-08-28T19:08:11Z,saccharina_latissima,392,0.009000000000000001
2021-08-28T19:08:11Z,saccharina_latissima,394,0.008893749999999999
2021-08-28T19:08:11Z,saccharina_latissima,396,0.008770588235294117
2021-08-28T19:08:11Z,saccharina_latissima,398,0.00865
2021-08-28T19:08:11Z,saccharina_latissima,400,0.0086
2021-08-28T19:08:11Z,saccharina_latissima,402,0.0085
2021-08-28T19:08:11Z,saccharina_latissima,404,0.008375
2021-08-28T19:08:11Z,saccharina_latissima,406,0.0083
2021-08-28T19:08:11Z,saccharina_latissima,408,0.008231249999999999
2021-08-28T19:08:11Z,saccharina_latissima,410,0.008106250000000002
2021-08-28T19:08:11Z,saccharina_latissima,412,0.00808125
2021-08-28T19:08:11Z,saccharina_latissima,414,0.008
2021-08-28T19:08:11Z,saccharina_latissima,416,0.00793125
2021-08-28T19:08:11Z,saccharina_latissima,418,0.0079
2021-08-28T19:08:11Z,saccharina_latissima,420,0.00778125
2021-08-28T19:08:11Z,saccharina_latissima,422,0.0077
2021-08-28T19:08:11Z,saccharina_latissima,424,0.00763125
2021-08-28T19:08:11Z,saccharina_latissima,426,0.0076
2021-08-28T19:08:11Z,saccharina_latissima,428,0.0075
2021-08-28T19:08:11Z,saccharina_latissima,430,0.007462499999999999
2021-08-28T19:08:11Z,saccharina_latissima,432,0.0074
2021-08-28T19:08:11Z,saccharina_latissima,434,0.007306250000000001
2021-08-28T19:08:11Z,saccharina_latissima,436,0.007286666666666668
2021-08-28T19:08:11Z,saccharina_latissima,438,0.0072
2021-08-28T19:08:11Z,saccharina_latissima,440,0.00713125
2021-08-28T19:08:11Z,saccharina_latissima,442,0.0070999999999999995
2021-08-28T19:08:11Z,saccharina_latissima,444,0.0070999999999999995
2021-08-28T19:08:11Z,saccharina_latissima,446,0.0070999999999999995
2021-08-28T19:08:11Z,saccharina_latissima,448,0.007031249999999999
2021-08-28T19:08:11Z,saccharina_latissima,450,0.006999999999999999
2021-08-28T19:08:11Z,saccharina_latissima,452,0.006999999999999999
2021-08-28T19:08:11Z,saccharina_latissima,454,0.006956249999999999
2021-08-28T19:08:11Z,saccharina_latissima,456,0.0069
2021-08-28T19:08:11Z,saccharina_latissima,458,0.0069
2021-08-28T19:08:11Z,saccharina_latissima,460,0.006875000000000001
2021-08-28T19:08:11Z,saccharina_latissima,462,0.0068000000000000005
2021-08-28T19:08:11Z,saccharina_latissima,464,0.0068000000000000005
2021-08-28T19:08:11Z,saccharina_latissima,466,0.0068000000000000005
2021-08-28T19:08:11Z,saccharina_latissima,468,0.0068000000000000005
2021-08-28T19:08:11Z,saccharina_latissima,470,0.0068000000000000005
2021-08-28T19:08:11Z,saccharina_latissima,472,0.0068000000000000005
2021-08-28T19:08:11Z,saccharina_latissima,474,0.0068000000000000005
2021-08-28T19:08:11Z,saccharina_latissima,476,0.0068000000000000005
2021-08-28T19:08:11Z,saccharina_latissima,478,0.0068000000000000005
2021-08-28T19:08:11Z,saccharina_latissima,480,0.0068000000000000005
2021-08-28T19:08:11Z,saccharina_latissima,482,0.006787500000000001
2021-08-28T19:08:11Z,saccharina_latissima,484,0.006737500000000001
2021-08-28T19:08:11Z,saccharina_latissima,486,0.0068000000000000005
2021-08-28T19:08:11Z,saccharina_latissima,488,0.0067125
2021-08-28T19:08:11Z,saccharina_latissima,490,0.0067
2021-08-28T19:08:11Z,saccharina_latissima,492,0.0067
2021-08-28T19:08:11Z,saccharina_latissima,494,0.0067
2021-08-28T19:08:11Z,saccharina_latissima,496,0.0066
2021-08-28T19:08:11Z,saccharina_latissima,498,0.0066
2021-08-28T19:08:11Z,saccharina_latissima,500,0.0066
2021-08-28T19:08:11Z,saccharina_latissima,502,0.006675000000000001
2021-08-28T19:08:11Z,saccharina_latissima,504,0.0067
2021-08-28T19:08:11Z,saccharina_latissima,506,0.0067
2021-08-28T19:08:11Z,saccharina_latissima,508,0.0067
2021-08-28T19:08:11Z,saccharina_latissima,510,0.006787500000000001
2021-08-28T19:08:11Z,saccharina_latissima,512,0.0068000000000000005
2021-08-28T19:08:11Z,saccharina_latissima,514,0.0068000000000000005
2021-08-28T19:08:11Z,saccharina_latissima,516,0.006868750000000001
2021-08-28T19:08:11Z,saccharina_latissima,518,0.0069
2021-08-28T19:08:11Z,saccharina_latissima,520,0.0069
2021-08-28T19:08:11Z,saccharina_latissima,522,0.00685
2021-08-28T19:08:11Z,saccharina_latissima,524,0.006880000000000003
2021-08-28T19:08:11Z,saccharina_latissima,526,0.00700625
2021-08-28T19:08:11Z,saccharina_latissima,528,0.007133333333333333
2021-08-28T19:08:11Z,saccharina_latissima,530,0.007262499999999999
2021-08-28T19:08:11Z,saccharina_latissima,532,0.007387499999999997
2021-08-28T19:08:11Z,saccharina_latissima,534,0.007518749999999998
2021-08-28T19:08:11Z,saccharina_latissima,536,0.007643750000000002
2021-08-28T19:08:11Z,saccharina_latissima,538,0.007773333333333335
2021-08-28T19:08:11Z,saccharina_latissima,540,0.008
2021-08-28T19:08:11Z,saccharina_latissima,542,0.0081625
2021-08-28T19:08:11Z,saccharina_latissima,544,0.008412499999999996
2021-08-28T19:08:11Z,saccharina_latissima,546,0.008673333333333326
2021-08-28T19:08:11Z,saccharina_latissima,548,0.009026666666666674
2021-08-28T19:08:11Z,saccharina_latissima,550,0.009375000000000008
2021-08-28T19:08:11Z,saccharina_latissima,552,0.00980625
2021-08-28T19:08:11Z,saccharina_latissima,554,0.0103
2021-08-28T19:08:11Z,saccharina_latissima,556,0.010833333333333327
2021-08-28T19:08:11Z,saccharina_latissima,558,0.011481249999999988
2021-08-28T19:08:11Z,saccharina_latissima,560,0.012133333333333317
2021-08-28T19:08:11Z,saccharina_latissima,562,0.012880000000000018
2021-08-28T19:08:11Z,saccharina_latissima,564,0.013618750000000011
2021-08-28T19:08:11Z,saccharina_latissima,566,0.014266666666666674
2021-08-28T19:08:11Z,saccharina_latissima,568,0.0149
2021-08-28T19:08:11Z,saccharina_latissima,570,0.015324999999999998
2021-08-28T19:08:11Z,saccharina_latissima,572,0.015712499999999997
2021-08-28T19:08:11Z,saccharina_latissima,574,0.015886666666666664
2021-08-28T19:08:11Z,saccharina_latissima,576,0.0161
2021-08-28T19:08:11Z,saccharina_latissima,578,0.0161
2021-08-28T19:08:11Z,saccharina_latissima,580,0.0161
2021-08-28T19:08:11Z,saccharina_latissima,582,0.016093749999999997
2021-08-28T19:08:11Z,saccharina_latissima,584,0.015966666666666667
2021-08-28T19:08:11Z,saccharina_latissima,586,0.0159
2021-08-28T19:08:11Z,saccharina_latissima,588,0.0159
2021-08-28T19:08:11Z,saccharina_latissima,590,0.01615999999999999
2021-08-28T19:08:11Z,saccharina_latissima,592,0.016599999999999997
2021-08-28T19:08:11Z,saccharina_latissima,594,0.01712000000000001
2021-08-28T19:08:11Z,saccharina_latissima,596,0.017662500000000015
2021-08-28T19:08:11Z,saccharina_latissima,598,0.01826000000000001
2021-08-28T19:08:11Z,saccharina_latissima,600,0.0186375
2021-08-28T19:08:11Z,saccharina_latissima,602,0.018799999999999997
2021-08-28T19:08:11Z,saccharina_latissima,604,0.018475000000000002
2021-08-28T19:08:11Z,saccharina_latissima,606,0.01784000000000001
2021-08-28T19:08:11Z,saccharina_latissima,608,0.016946666666666676
2021-08-28T19:08:11Z,saccharina_latissima,610,0.015960000000000023
2021-08-28T19:08:11Z,saccharina_latissima,612,0.015026666666666688
2021-08-28T19:08:11Z,saccharina_latissima,614,0.014131249999999986
2021-08-28T19:08:11Z,saccharina_latissima,616,0.013346666666666654
2021-08-28T19:08:11Z,saccharina_latissima,618,0.012824999999999993
2021-08-28T19:08:11Z,saccharina_latissima,620,0.012379999999999995
2021-08-28T19:08:11Z,saccharina_latissima,622,0.01199375
2021-08-28T19:08:11Z,saccharina_latissima,624,0.011833333333333333
2021-08-28T19:08:11Z,saccharina_latissima,626,0.011633333333333332
2021-08-28T19:08:11Z,saccharina_latissima,628,0.0115
2021-08-28T19:08:11Z,saccharina_latissima,630,0.01134666666666667
2021-08-28T19:08:11Z,saccharina_latissima,632,0.011140000000000002
2021-08-28T19:08:11Z,saccharina_latissima,634,0.011012500000000003
2021-08-28T19:08:11Z,saccharina_latissima,636,0.011019999999999999
2021-08-28T19:08:11Z,saccharina_latissima,638,0.01120666666666666
2021-08-28T19:08:11Z,saccharina_latissima,640,0.01155999999999999
2021-08-28T19:08:11Z,saccharina_latissima,642,0.011953333333333345
2021-08-28T19:08:11Z,saccharina_latissima,644,0.01244000000000001
2021-08-28T19:08:11Z,saccharina_latissima,646,0.012680000000000002
2021-08-28T19:08:11Z,saccharina_latissima,648,0.012687499999999997
2021-08-28T19:08:11Z,saccharina_latissima,650,0.012479999999999996
2021-08-28T19:08:11Z,saccharina_latissima,652,0.011933333333333325
2021-08-28T19:08:11Z,saccharina_latissima,654,0.011059999999999992
2021-08-28T19:08:11Z,saccharina_latissima,656,0.01021999999999999
2021-08-28T19:08:11Z,saccharina_latissima,658,0.009249999999999998
2021-08-28T19:08:11Z,saccharina_latissima,660,0.0084
2021-08-28T19:08:11Z,saccharina_latissima,662,0.0079
2021-08-28T19:08:11Z,saccharina_latissima,664,0.007566666666666667
2021-08-28T19:08:11Z,saccharina_latissima,666,0.0075
2021-08-28T19:08:11Z,saccharina_latissima,668,0.007533333333333333
2021-08-28T19:08:11Z,saccharina_latissima,670,0.007733333333333333
2021-08-28T19:08:11Z,saccharina_latissima,672,0.008100000000000001
2021-08-28T19:08:11Z,saccharina_latissima,674,0.008499999999999999
2021-08-28T19:08:11Z,saccharina_latissima,676,0.008966666666666666
2021-08-28T19:08:11Z,saccharina_latissima,678,0.0095
2021-08-28T19:08:11Z,saccharina_latissima,680,0.010066666666666666
2021-08-28T19:08:11Z,saccharina_latissima,682,0.010666666666666666
2021-08-28T19:08:11Z,saccharina_latissima,684,0.011399999999999999
2021-08-28T19:08:11Z,saccharina_latissima,686,0.0126
2021-08-28T19:08:11Z,saccharina_latissima,688,0.014266666666666667
2021-08-28T19:08:11Z,saccharina_latissima,690,0.016399999999999998
2021-08-28T19:08:11Z,saccharina_latissima,692,0.020133333333333333
2021-08-28T19:08:11Z,saccharina_latissima,694,0.026066666666666665
2021-08-28T19:08:11Z,saccharina_latissima,696,0.0347
2021-08-28T19:08:11Z,saccharina_latissima,698,0.04646666666666667
2021-08-28T19:08:11Z,saccharina_latissima,700,0.06093333333333334
2021-08-28T19:08:11Z,saccharina_latissima,702,0.0776
2021-08-28T19:08:11Z,saccharina_latissima,704,0.09566666666666666
2021-08-28T19:08:11Z,saccharina_latissima,706,0.11393333333333333
2021-08-28T19:08:11Z,saccharina_latissima,708,0.13255333333333355
2021-08-28T19:08:11Z,saccharina_latissima,710,0.14930000000000018
2021-08-28T19:08:11Z,saccharina_latissima,712,0.16478666666666683
2021-08-28T19:08:11Z,saccharina_latissima,714,0.17864285714285733
2021-08-28T19:08:11Z,saccharina_latissima,716,0.19092000000000026
2021-08-28T19:08:11Z,saccharina_latissima,718,0.2024400000000003
2021-08-28T19:08:11Z,saccharina_latissima,720,0.21441333333333357
2021-08-28T19:08:11Z,saccharina_latissima,722,0.22380000000000017
2021-08-28T19:08:11Z,saccharina_latissima,724,0.23222857142857126
2021-08-28T19:08:11Z,saccharina_latissima,726,0.24029999999999985
2021-08-28T19:08:11Z,saccharina_latissima,728,0.24747333333333316
2021-08-28T19:08:11Z,saccharina_latissima,730,0.25444999999999995
2021-08-28T19:08:11Z,saccharina_latissima,732,0.2604933333333333
2021-08-28T19:08:11Z,saccharina_latissima,734,0.2658142857142857
2021-08-28T19:08:11Z,saccharina_latissima,736,0.2708
2021-08-28T19:08:11Z,saccharina_latissima,738,0.27565000000000006
2021-08-28T19:08:11Z,saccharina_latissima,740,0.2804666666666667
2021-08-28T19:08:11Z,saccharina_latissima,742,0.28482142857142867
2021-08-28T19:08:11Z,saccharina_latissima,744,0.2891466666666668
2021-08-28T19:08:11Z,saccharina_latissima,746,0.2930400000000001
2021-08-28T19:08:11Z,saccharina_latissima,748,0.29671999999999993
2021-08-28T19:08:11Z,saccharina_latissima,750,0.30013333333333325
2021-08-28T19:08:11Z,saccharina_latissima,752,0.30343571428571425
2021-08-28T19:08:11Z,saccharina_latissima,754,0.3063714285714285
2021-08-28T19:08:11Z,saccharina_latissima,756,0.3088666666666667
2021-08-28T19:08:11Z,saccharina_latissima,758,0.30949333333333334
2021-08-28T19:08:11Z,saccharina_latissima,760,0.31090000000000007
2021-08-28T19:08:11Z,saccharina_latissima,762,0.31594000000000017
2021-08-28T19:08:11Z,saccharina_latissima,764,0.3205999999999999
2021-08-28T19:08:11Z,saccharina_latissima,766,0.3235714285714285
2021-08-28T19:08:11Z,saccharina_latissima,768,0.32427999999999996
2021-08-28T19:08:11Z,saccharina_latissima,770,0.32513333333333333
2021-08-28T19:08:11Z,saccharina_latissima,772,0.32610000000000006
2021-08-28T19:08:11Z,saccharina_latissima,774,0.32726428571428573
2021-08-28T19:08:11Z,saccharina_latissima,776,0.3284266666666667
2021-08-28T19:08:11Z,saccharina_latissima,778,0.32948571428571427
2021-08-28T19:08:11Z,saccharina_latissima,780,0.33058666666666664
2021-08-28T19:08:11Z,saccharina_latissima,782,0.3314857142857143
2021-08-28T19:08:11Z,saccharina_latissima,784,0.3323
2021-08-28T19:08:11Z,saccharina_latissima,786,0.3330285714285714
2021-08-28T19:08:11Z,saccharina_latissima,788,0.33352000000000004
2021-08-28T19:08:11Z,saccharina_latissima,790,0.3338857142857143
2021-08-28T19:08:11Z,saccharina_latissima,792,0.33445714285714284
2021-08-28T19:08:11Z,saccharina_latissima,794,0.3347
2021-08-28T19:08:11Z,saccharina_latissima,796,0.3349285714285714
2021-08-28T19:08:11Z,saccharina_latissima,798,0.33494
2021-08-28T19:08:11Z,saccharina_latissima,800,0.33490000000000003
2021-09-01T13:16:09Z,sediment,340,0.09017647058823533
2021-09-01T13:16:09Z,sediment,342,0.0904000000000001
2021-09-01T13:16:09Z,sediment,344,0.07902352941176463
2021-09-01T13:16:09Z,sediment,346,0.07465625
2021-09-01T13:16:09Z,sediment,348,0.08535294117647066
2021-09-01T13:16:09Z,sediment,350,0.08746249999999994
2021-09-01T13:16:09Z,sediment,352,0.081587500000000035
2021-09-01T13:16:09Z,sediment,354,0.0769235294117647
2021-09-01T13:16:09Z,sediment,356,0.07557499999999998
2021-09-01T13:16:09Z,sediment,358,0.06860000000000008
2021-09-01T13:16:09Z,sediment,360,0.07057647058823527
2021-09-01T13:16:09Z,sediment,362,0.07002500000000005
2021-09-01T13:16:09Z,sediment,364,0.07008750000000004
2021-09-01T13:16:09Z,sediment,366,0.0651588235294118
2021-09-01T13:16:09Z,sediment,368,0.06278750000000001
2021-09-01T13:16:09Z,sediment,370,0.06383529411764706
2021-09-01T13:16:09Z,sediment,372,0.06375
2021-09-01T13:16:09Z,sediment,374,0.065125
2021-09-01T13:16:09Z,sediment,376,0.061729411764705935
2021-09-01T13:16:09Z,sediment,378,0.06055000000000001
2021-09-01T13:16:09Z,sediment,380,0.06169411764705882
2021-09-01T13:16:09Z,sediment,382,0.062775
2021-09-01T13:16:09Z,sediment,384,0.063875
2021-09-01T13:16:09Z,sediment,386,0.06334705882352942
2021-09-01T13:16:09Z,sediment,388,0.0625125
2021-09-01T13:16:09Z,sediment,390,0.06269375
2021-09-01T13:16:09Z,sediment,392,0.06254375
2021-09-01T13:16:09Z,sediment,394,0.06278125000000001
2021-09-01T13:16:09Z,sediment,396,0.062029411764705875
2021-09-01T13:16:09Z,sediment,398,0.06054999999999999
2021-09-01T13:16:09Z,sediment,400,0.0599
2021-09-01T13:16:09Z,sediment,402,0.0601
2021-09-01T13:16:09Z,sediment,404,0.060475
2021-09-01T13:16:09Z,sediment,406,0.06049411764705882
2021-09-01T13:16:09Z,sediment,408,0.060393749999999996
2021-09-01T13:16:09Z,sediment,410,0.05983125000000001
2021-09-01T13:16:09Z,sediment,412,0.05966249999999999
2021-09-01T13:16:09Z,sediment,414,0.059631250000000004
2021-09-01T13:16:09Z,sediment,416,0.059868750000000005
2021-09-01T13:16:09Z,sediment,418,0.06018124999999999
2021-09-01T13:16:09Z,sediment,420,0.0603375
2021-09-01T13:16:09Z,sediment,422,0.0605875
2021-09-01T13:16:09Z,sediment,424,0.06090625
2021-09-01T13:16:09Z,sediment,426,0.061281249999999995
2021-09-01T13:16:09Z,sediment,428,0.06163529411764706
2021-09-01T13:16:09Z,sediment,430,0.061875
2021-09-01T13:16:09Z,sediment,432,0.062400000000000004
2021-09-01T13:16:09Z,sediment,434,0.06269374999999999
2021-09-01T13:16:09Z,sediment,436,0.06315333333333333
2021-09-01T13:16:09Z,sediment,438,0.0635875
2021-09-01T13:16:09Z,sediment,440,0.06404375
2021-09-01T13:16:09Z,sediment,442,0.06485624999999999
2021-09-01T13:16:09Z,sediment,444,0.06553125
2021-09-01T13:16:09Z,sediment,446,0.06640625
2021-09-01T13:16:09Z,sediment,448,0.06741875
2021-09-01T13:16:09Z,sediment,450,0.06835625
2021-09-01T13:16:09Z,sediment,452,0.06925
2021-09-01T13:16:09Z,sediment,454,0.0701625
2021-09-01T13:16:09Z,sediment,456,0.0709125
2021-09-01T13:16:09Z,sediment,458,0.07166249999999999
2021-09-01T13:16:09Z,sediment,460,0.07235
2021-09-01T13:16:09Z,sediment,462,0.0731
2021-09-01T13:16:09Z,sediment,464,0.07385000000000001
2021-09-01T13:16:09Z,sediment,466,0.0745
2021-09-01T13:16:09Z,sediment,468,0.075275
2021-09-01T13:16:09Z,sediment,470,0.0761
2021-09-01T13:16:09Z,sediment,472,0.07685
2021-09-01T13:16:09Z,sediment,474,0.0777375
2021-09-01T13:16:09Z,sediment,476,0.07848749999999999
2021-09-01T13:16:09Z,sediment,478,0.07934999999999999
2021-09-01T13:16:09Z,sediment,480,0.08010624999999999
2021-09-01T13:16:09Z,sediment,482,0.08096249999999999
2021-09-01T13:16:09Z,sediment,484,0.08158750000000001
2021-09-01T13:16:09Z,sediment,486,0.08208750000000001
2021-09-01T13:16:09Z,sediment,488,0.082725
2021-09-01T13:16:09Z,sediment,490,0.08349375
2021-09-01T13:16:09Z,sediment,492,0.08411874999999999
2021-09-01T13:16:09Z,sediment,494,0.08488124999999999
2021-09-01T13:16:09Z,sediment,496,0.0859
2021-09-01T13:16:09Z,sediment,498,0.08692499999999999
2021-09-01T13:16:09Z,sediment,500,0.08804999999999999
2021-09-01T13:16:09Z,sediment,502,0.0891
2021-09-01T13:16:09Z,sediment,504,0.09046250000000002
2021-09-01T13:16:09Z,sediment,506,0.0917125
2021-09-01T13:16:09Z,sediment,508,0.09305999999999998
2021-09-01T13:16:09Z,sediment,510,0.09455000000000001
2021-09-01T13:16:09Z,sediment,512,0.0959375
2021-09-01T13:16:09Z,sediment,514,0.09734000000000002
2021-09-01T13:16:09Z,sediment,516,0.09875625000000002
2021-09-01T13:16:09Z,sediment,518,0.10003749999999999
2021-09-01T13:16:09Z,sediment,520,0.10169999999999998
2021-09-01T13:16:09Z,sediment,522,0.1031
2021-09-01T13:16:09Z,sediment,524,0.10432000000000002
2021-09-01T13:16:09Z,sediment,526,0.10555625000000002
2021-09-01T13:16:09Z,sediment,528,0.10673333333333333
2021-09-01T13:16:09Z,sediment,530,0.1079
2021-09-01T13:16:09Z,sediment,532,0.10881249999999999
2021-09-01T13:16:09Z,sediment,534,0.10963124999999997
2021-09-01T13:16:09Z,sediment,536,0.1104625
2021-09-01T13:16:09Z,sediment,538,0.11131333333333335
2021-09-01T13:16:09Z,sediment,540,0.11220000000000001
2021-09-01T13:16:09Z,sediment,542,0.11314999999999999
2021-09-01T13:16:09Z,sediment,544,0.11409374999999998
2021-09-01T13:16:09Z,sediment,546,0.11509333333333331
2021-09-01T13:16:09Z,sediment,548,0.11622000000000002
2021-09-01T13:16:09Z,sediment,550,0.11743750000000003
2021-09-01T13:16:09Z,sediment,552,0.11868750000000002
2021-09-01T13:16:09Z,sediment,554,0.1199
2021-09-01T13:16:09Z,sediment,556,0.12126666666666665
2021-09-01T13:16:09Z,sediment,558,0.12256249999999998
2021-09-01T13:16:09Z,sediment,560,0.12377999999999999
2021-09-01T13:16:09Z,sediment,562,0.12500666666666668
2021-09-01T13:16:09Z,sediment,564,0.12600625000000001
2021-09-01T13:16:09Z,sediment,566,0.1269866666666667
2021-09-01T13:16:09Z,sediment,568,0.128
2021-09-01T13:16:09Z,sediment,570,0.12908125
2021-09-01T13:16:09Z,sediment,572,0.13026249999999998
2021-09-01T13:16:09Z,sediment,574,0.13173999999999997
2021-09-01T13:16:09Z,sediment,576,0.13312000000000004
2021-09-01T13:16:09Z,sediment,578,0.13432000000000005
2021-09-01T13:16:09Z,sediment,580,0.13540000000000002
2021-09-01T13:16:09Z,sediment,582,0.1361375
2021-09-01T13:16:09Z,sediment,584,0.13693333333333332
2021-09-01T13:16:09Z,sediment,586,0.1377125
2021-09-01T13:16:09Z,sediment,588,0.13855333333333333
2021-09-01T13:16:09Z,sediment,590,0.13923999999999997
2021-09-01T13:16:09Z,sediment,592,0.13974999999999999
2021-09-01T13:16:09Z,sediment,594,0.14042000000000002
2021-09-01T13:16:09Z,sediment,596,0.14096250000000002
2021-09-01T13:16:09Z,sediment,598,0.14156000000000002
2021-09-01T13:16:09Z,sediment,600,0.1419375
2021-09-01T13:16:09Z,sediment,602,0.1424
2021-09-01T13:16:09Z,sediment,604,0.14226875
2021-09-01T13:16:09Z,sediment,606,0.14207999999999998
2021-09-01T13:16:09Z,sediment,608,0.14171999999999998
2021-09-01T13:16:09Z,sediment,610,0.14096000000000003
2021-09-01T13:16:09Z,sediment,612,0.1404
2021-09-01T13:16:09Z,sediment,614,0.13999375
2021-09-01T13:16:09Z,sediment,616,0.13967333333333334
2021-09-01T13:16:09Z,sediment,618,0.13914999999999997
2021-09-01T13:16:09Z,sediment,620,0.1387
2021-09-01T13:16:09Z,sediment,622,0.13871875
2021-09-01T13:16:09Z,sediment,624,0.1391
2021-09-01T13:16:09Z,sediment,626,0.1395
2021-09-01T13:16:09Z,sediment,628,0.1396
2021-09-01T13:16:09Z,sediment,630,0.13927333333333333
2021-09-01T13:16:09Z,sediment,632,0.13902
2021-09-01T13:16:09Z,sediment,634,0.13933749999999998
2021-09-01T13:16:09Z,sediment,636,0.13921999999999998
2021-09-01T13:16:09Z,sediment,638,0.13935333333333333
2021-09-01T13:16:09Z,sediment,640,0.13948666666666665
2021-09-01T13:16:09Z,sediment,642,0.13979333333333338
2021-09-01T13:16:09Z,sediment,644,0.14054
2021-09-01T13:16:09Z,sediment,646,0.14158000000000004
2021-09-01T13:16:09Z,sediment,648,0.14161249999999997
2021-09-01T13:16:09Z,sediment,650,0.14064
2021-09-01T13:16:09Z,sediment,652,0.13973333333333332
2021-09-01T13:16:09Z,sediment,654,0.13950666666666667
2021-09-01T13:16:09Z,sediment,656,0.13915999999999998
2021-09-01T13:16:09Z,sediment,658,0.13733125
2021-09-01T13:16:09Z,sediment,660,0.1343
2021-09-01T13:16:09Z,sediment,662,0.13066666666666665
2021-09-01T13:16:09Z,sediment,664,0.12826666666666667
2021-09-01T13:16:09Z,sediment,666,0.1264
2021-09-01T13:16:09Z,sediment,668,0.12556666666666666
2021-09-01T13:16:09Z,sediment,670,0.12476666666666666
2021-09-01T13:16:09Z,sediment,672,0.12560000000000002
2021-09-01T13:16:09Z,sediment,674,0.12846666666666667
2021-09-01T13:16:09Z,sediment,676,0.13233333333333333
2021-09-01T13:16:09Z,sediment,678,0.1371
2021-09-01T13:16:09Z,sediment,680,0.1419
2021-09-01T13:16:09Z,sediment,682,0.14683333333333334
2021-09-01T13:16:09Z,sediment,684,0.1533
2021-09-01T13:16:09Z,sediment,686,0.1623666666666667
2021-09-01T13:16:09Z,sediment,688,0.17256666666666667
2021-09-01T13:16:09Z,sediment,690,0.17800000000000002
2021-09-01T13:16:09Z,sediment,692,0.18343333333333334
2021-09-01T13:16:09Z,sediment,694,0.19069999999999998
2021-09-01T13:16:09Z,sediment,696,0.19820000000000002
2021-09-01T13:16:09Z,sediment,698,0.20486666666666667
2021-09-01T13:16:09Z,sediment,700,0.21133333333333335
2021-09-01T13:16:09Z,sediment,702,0.217
2021-09-01T13:16:09Z,sediment,704,0.22460000000000002
2021-09-01T13:16:09Z,sediment,706,0.23426666666666668
2021-09-01T13:16:09Z,sediment,708,0.2424333333333334
2021-09-01T13:16:09Z,sediment,710,0.24942000000000014
2021-09-01T13:16:09Z,sediment,712,0.26622000000000023
2021-09-01T13:16:09Z,sediment,714,0.2858571428571431
2021-09-01T13:16:09Z,sediment,716,0.3112733333333342
2021-09-01T13:16:09Z,sediment,718,0.3497000000000009
2021-09-01T13:16:09Z,sediment,720,0.3595266666666681
2021-09-01T13:16:09Z,sediment,722,0.40886666666666727
2021-09-01T13:16:09Z,sediment,724,0.4833714285714268
2021-09-01T13:16:09Z,sediment,726,0.5487799999999997
2021-09-01T13:16:09Z,sediment,728,0.549526666666667
2021-09-01T13:16:09Z,sediment,730,0.5530214285714284
2021-09-01T13:16:09Z,sediment,732,0.5744200000000005
2021-09-01T13:16:09Z,sediment,734,0.5821428571428569
2021-09-01T13:16:09Z,sediment,736,0.5455
2021-09-01T13:16:09Z,sediment,738,0.5175499999999998
2021-09-01T13:16:09Z,sediment,740,0.485333333333333
2021-09-01T13:16:09Z,sediment,742,0.6142642857142837
2021-09-01T13:16:09Z,sediment,744,0.5111
2021-09-01T13:16:09Z,sediment,746,0.49333999999999933
2021-09-01T13:16:09Z,sediment,748,0.4831200000000009
2021-09-01T13:16:09Z,sediment,750,0.454666666666667
2021-09-01T13:16:09Z,sediment,752,0.456592857142857
2021-09-01T13:16:09Z,sediment,754,0.5143
2021-09-01T13:16:09Z,sediment,756,0.5143
2021-09-01T13:16:09Z,sediment,758,0.42447333333333237
2021-09-01T13:16:09Z,sediment,760,0.3981142857142874
2021-09-01T13:16:09Z,sediment,762,0.5040000000000024
2021-09-01T13:16:09Z,sediment,764,0.3931199999999967
2021-09-01T13:16:09Z,sediment,766,0.39617142857143195
2021-09-01T13:16:09Z,sediment,768,0.43288666666666503
2021-09-01T13:16:09Z,sediment,770,0.29996666666666666
2021-09-01T13:16:09Z,sediment,772,0.2666571428571434
2021-09-01T13:16:09Z,sediment,774,0.2762214285714309
2021-09-01T13:16:09Z,sediment,776,0.34399999999999636
2021-09-01T13:16:09Z,sediment,778,0.24571428571428663
2021-09-01T13:16:09Z,sediment,780,0.23821333333333342
2021-09-01T13:16:09Z,sediment,782,0.2376071428571428
2021-09-01T13:16:09Z,sediment,784,0.24
2021-09-01T13:16:09Z,sediment,786,0.32
2021-09-01T13:16:09Z,sediment,788,0.42400000000000393
2021-09-01T13:16:09Z,sediment,790,0.357142857142863
2021-09-01T13:16:09Z,sediment,792,0.17428571428571452
2021-09-01T13:16:09Z,sediment,794,0.1
2021-09-01T13:16:09Z,sediment,796,0.25714285714286295
2021-09-01T13:16:09Z,sediment,798,0.4
2021-09-01T13:16:09Z,sediment,800,0.23928571428571574
2021-09-01T13:24:49Z,saccharina_latissima,340,0.02349411764705872
2021-09-01T13:24:49Z,saccharina_latissima,342,0.016174999999999974
2021-09-01T13:24:49Z,saccharina_latissima,344,0.013041176470588122
2021-09-01T13:24:49Z,saccharina_latissima,346,0.01796875000000007
2021-09-01T13:24:49Z,saccharina_latissima,348,0.027147058823529437
2021-09-01T13:24:49Z,saccharina_latissima,350,0.02259375000000002
2021-09-01T13:24:49Z,saccharina_latissima,352,0.023843750000000004
2021-09-01T13:24:49Z,saccharina_latissima,354,0.02254705882352943
2021-09-01T13:24:49Z,saccharina_latissima,356,0.01764999999999995
2021-09-01T13:24:49Z,saccharina_latissima,358,0.013758823529411797
2021-09-01T13:24:49Z,saccharina_latissima,360,0.01901176470588236
2021-09-01T13:24:49Z,saccharina_latissima,362,0.020787500000000018
2021-09-01T13:24:49Z,saccharina_latissima,364,0.023974999999999972
2021-09-01T13:24:49Z,saccharina_latissima,366,0.020982352941176508
2021-09-01T13:24:49Z,saccharina_latissima,368,0.019937499999999962
2021-09-01T13:24:49Z,saccharina_latissima,370,0.01841176470588236
2021-09-01T13:24:49Z,saccharina_latissima,372,0.0203
2021-09-01T13:24:49Z,saccharina_latissima,374,0.020600000000000007
2021-09-01T13:24:49Z,saccharina_latissima,376,0.01938823529411766
2021-09-01T13:24:49Z,saccharina_latissima,378,0.017268749999999996
2021-09-01T13:24:49Z,saccharina_latissima,380,0.017152941176470583
2021-09-01T13:24:49Z,saccharina_latissima,382,0.0178625
2021-09-01T13:24:49Z,saccharina_latissima,384,0.018512500000000005
2021-09-01T13:24:49Z,saccharina_latissima,386,0.017805882352941182
2021-09-01T13:24:49Z,saccharina_latissima,388,0.016881250000000004
2021-09-01T13:24:49Z,saccharina_latissima,390,0.015500000000000003
2021-09-01T13:24:49Z,saccharina_latissima,392,0.01488125
2021-09-01T13:24:49Z,saccharina_latissima,394,0.014587499999999998
2021-09-01T13:24:49Z,saccharina_latissima,396,0.014341176470588234
2021-09-01T13:24:49Z,saccharina_latissima,398,0.0143
2021-09-01T13:24:49Z,saccharina_latissima,400,0.014325
2021-09-01T13:24:49Z,saccharina_latissima,402,0.0138
2021-09-01T13:24:49Z,saccharina_latissima,404,0.012850000000000006
2021-09-01T13:24:49Z,saccharina_latissima,406,0.012305882352941173
2021-09-01T13:24:49Z,saccharina_latissima,408,0.011787499999999996
2021-09-01T13:24:49Z,saccharina_latissima,410,0.011225000000000008
2021-09-01T13:24:49Z,saccharina_latissima,412,0.010806249999999998
2021-09-01T13:24:49Z,saccharina_latissima,414,0.01044375
2021-09-01T13:24:49Z,saccharina_latissima,416,0.010293749999999999
2021-09-01T13:24:49Z,saccharina_latissima,418,0.009918750000000004
2021-09-01T13:24:49Z,saccharina_latissima,420,0.009743749999999999
2021-09-01T13:24:49Z,saccharina_latissima,422,0.00945625
2021-09-01T13:24:49Z,saccharina_latissima,424,0.009193749999999999
2021-09-01T13:24:49Z,saccharina_latissima,426,0.0091
2021-09-01T13:24:49Z,saccharina_latissima,428,0.00884705882352941
2021-09-01T13:24:49Z,saccharina_latissima,430,0.008524999999999998
2021-09-01T13:24:49Z,saccharina_latissima,432,0.0084
2021-09-01T13:24:49Z,saccharina_latissima,434,0.008306250000000001
2021-09-01T13:24:49Z,saccharina_latissima,436,0.0079
2021-09-01T13:24:49Z,saccharina_latissima,438,0.0079
2021-09-01T13:24:49Z,saccharina_latissima,440,0.00783125
2021-09-01T13:24:49Z,saccharina_latissima,442,0.0078000000000000005
2021-09-01T13:24:49Z,saccharina_latissima,444,0.008018750000000002
2021-09-01T13:24:49Z,saccharina_latissima,446,0.008187500000000002
2021-09-01T13:24:49Z,saccharina_latissima,448,0.0084375
2021-09-01T13:24:49Z,saccharina_latissima,450,0.008687499999999997
2021-09-01T13:24:49Z,saccharina_latissima,452,0.00881875
2021-09-01T13:24:49Z,saccharina_latissima,454,0.0089
2021-09-01T13:24:49Z,saccharina_latissima,456,0.008968750000000001
2021-09-01T13:24:49Z,saccharina_latissima,458,0.00909375
2021-09-01T13:24:49Z,saccharina_latissima,460,0.009125
2021-09-01T13:24:49Z,saccharina_latissima,462,0.009250000000000001
2021-09-01T13:24:49Z,saccharina_latissima,464,0.009375
2021-09-01T13:24:49Z,saccharina_latissima,466,0.0095
2021-09-01T13:24:49Z,saccharina_latissima,468,0.009749999999999998
2021-09-01T13:24:49Z,saccharina_latissima,470,0.01005
2021-09-01T13:24:49Z,saccharina_latissima,472,0.010425000000000004
2021-09-01T13:24:49Z,saccharina_latissima,474,0.010818750000000004
2021-09-01T13:24:49Z,saccharina_latissima,476,0.011224999999999999
2021-09-01T13:24:49Z,saccharina_latissima,478,0.011556249999999999
2021-09-01T13:24:49Z,saccharina_latissima,480,0.011762499999999999
2021-09-01T13:24:49Z,saccharina_latissima,482,0.012112499999999998
2021-09-01T13:24:49Z,saccharina_latissima,484,0.012199999999999999
2021-09-01T13:24:49Z,saccharina_latissima,486,0.012199999999999999
2021-09-01T13:24:49Z,saccharina_latissima,488,0.012199999999999999
2021-09-01T13:24:49Z,saccharina_latissima,490,0.01231875
2021-09-01T13:24:49Z,saccharina_latissima,492,0.01244375
2021-09-01T13:24:49Z,saccharina_latissima,494,0.01256875
2021-09-01T13:24:49Z,saccharina_latissima,496,0.0128
2021-09-01T13:24:49Z,saccharina_latissima,498,0.012949999999999998
2021-09-01T13:24:49Z,saccharina_latissima,500,0.0132
2021-09-01T13:24:49Z,saccharina_latissima,502,0.013525000000000004
2021-09-01T13:24:49Z,saccharina_latissima,504,0.013925000000000005
2021-09-01T13:24:49Z,saccharina_latissima,506,0.014456249999999999
2021-09-01T13:24:49Z,saccharina_latissima,508,0.015039999999999994
2021-09-01T13:24:49Z,saccharina_latissima,510,0.015550000000000003
2021-09-01T13:24:49Z,saccharina_latissima,512,0.016062499999999997
2021-09-01T13:24:49Z,saccharina_latissima,514,0.016660000000000005
2021-09-01T13:24:49Z,saccharina_latissima,516,0.017312500000000005
2021-09-01T13:24:49Z,saccharina_latissima,518,0.017968749999999995
2021-09-01T13:24:49Z,saccharina_latissima,520,0.01864999999999999
2021-09-01T13:24:49Z,saccharina_latissima,522,0.01935
2021-09-01T13:24:49Z,saccharina_latissima,524,0.02000000000000001
2021-09-01T13:24:49Z,saccharina_latissima,526,0.020631250000000007
2021-09-01T13:24:49Z,saccharina_latissima,528,0.0213
2021-09-01T13:24:49Z,saccharina_latissima,530,0.022074999999999994
2021-09-01T13:24:49Z,saccharina_latissima,532,0.022824999999999984
2021-09-01T13:24:49Z,saccharina_latissima,534,0.02363124999999999
2021-09-01T13:24:49Z,saccharina_latissima,536,0.024462500000000012
2021-09-01T13:24:49Z,saccharina_latissima,538,0.025313333333333344
2021-09-01T13:24:49Z,saccharina_latissima,540,0.0263
2021-09-01T13:24:49Z,saccharina_latissima,542,0.027412499999999996
2021-09-01T13:24:49Z,saccharina_latissima,544,0.02866249999999998
2021-09-01T13:24:49Z,saccharina_latissima,546,0.0300533333333333
2021-09-01T13:24:49Z,saccharina_latissima,548,0.031660000000000035
2021-09-01T13:24:49Z,saccharina_latissima,550,0.03335625000000003
2021-09-01T13:24:49Z,saccharina_latissima,552,0.035300000000000005
2021-09-01T13:24:49Z,saccharina_latissima,554,0.037599999999999995
2021-09-01T13:24:49Z,saccharina_latissima,556,0.03990666666666663
2021-09-01T13:24:49Z,saccharina_latissima,558,0.042424999999999956
2021-09-01T13:24:49Z,saccharina_latissima,560,0.045206666666666596
2021-09-01T13:24:49Z,saccharina_latissima,562,0.0478933333333334
2021-09-01T13:24:49Z,saccharina_latissima,564,0.05076250000000005
2021-09-01T13:24:49Z,saccharina_latissima,566,0.053466666666666704
2021-09-01T13:24:49Z,saccharina_latissima,568,0.0559
2021-09-01T13:24:49Z,saccharina_latissima,570,0.05786874999999999
2021-09-01T13:24:49Z,saccharina_latissima,572,0.05957499999999997
2021-09-01T13:24:49Z,saccharina_latissima,574,0.0607933333333333
2021-09-01T13:24:49Z,saccharina_latissima,576,0.061566666666666686
2021-09-01T13:24:49Z,saccharina_latissima,578,0.06214000000000001
2021-09-01T13:24:49Z,saccharina_latissima,580,0.0623
2021-09-01T13:24:49Z,saccharina_latissima,582,0.06218749999999999
2021-09-01T13:24:49Z,saccharina_latissima,584,0.06196666666666667
2021-09-01T13:24:49Z,saccharina_latissima,586,0.061775000000000004
2021-09-01T13:24:49Z,saccharina_latissima,588,0.0617
2021-09-01T13:24:49Z,saccharina_latissima,590,0.061919999999999975
2021-09-01T13:24:49Z,saccharina_latissima,592,0.06285
2021-09-01T13:24:49Z,saccharina_latissima,594,0.06418000000000003
2021-09-01T13:24:49Z,saccharina_latissima,596,0.06587500000000004
2021-09-01T13:24:49Z,saccharina_latissima,598,0.06754000000000002
2021-09-01T13:24:49Z,saccharina_latissima,600,0.0686125
2021-09-01T13:24:49Z,saccharina_latissima,602,0.0692
2021-09-01T13:24:49Z,saccharina_latissima,604,0.06861875
2021-09-01T13:24:49Z,saccharina_latissima,606,0.06710000000000002
2021-09-01T13:24:49Z,saccharina_latissima,608,0.0647266666666667
2021-09-01T13:24:49Z,saccharina_latissima,610,0.061820000000000076
2021-09-01T13:24:49Z,saccharina_latissima,612,0.058620000000000075
2021-09-01T13:24:49Z,saccharina_latissima,614,0.05571249999999996
2021-09-01T13:24:49Z,saccharina_latissima,616,0.05297333333333329
2021-09-01T13:24:49Z,saccharina_latissima,618,0.05075624999999997
2021-09-01T13:24:49Z,saccharina_latissima,620,0.048773333333333314
2021-09-01T13:24:49Z,saccharina_latissima,622,0.047349999999999996
2021-09-01T13:24:49Z,saccharina_latissima,624,0.0465
2021-09-01T13:24:49Z,saccharina_latissima,626,0.04583333333333333
2021-09-01T13:24:49Z,saccharina_latissima,628,0.045
2021-09-01T13:24:49Z,saccharina_latissima,630,0.04438666666666668
2021-09-01T13:24:49Z,saccharina_latissima,632,0.04332000000000001
2021-09-01T13:24:49Z,saccharina_latissima,634,0.04265000000000001
2021-09-01T13:24:49Z,saccharina_latissima,636,0.042140000000000004
2021-09-01T13:24:49Z,saccharina_latissima,638,0.042273333333333316
2021-09-01T13:24:49Z,saccharina_latissima,640,0.04320666666666664
2021-09-01T13:24:49Z,saccharina_latissima,642,0.04486000000000003
2021-09-01T13:24:49Z,saccharina_latissima,644,0.046460000000000036
2021-09-01T13:24:49Z,saccharina_latissima,646,0.047900000000000026
2021-09-01T13:24:49Z,saccharina_latissima,648,0.048575
2021-09-01T13:24:49Z,saccharina_latissima,650,0.04795999999999998
2021-09-01T13:24:49Z,saccharina_latissima,652,0.04641999999999998
2021-09-01T13:24:49Z,saccharina_latissima,654,0.04409999999999995
2021-09-01T13:24:49Z,saccharina_latissima,656,0.03977999999999994
2021-09-01T13:24:49Z,saccharina_latissima,658,0.03495624999999998
2021-09-01T13:24:49Z,saccharina_latissima,660,0.030299999999999997
2021-09-01T13:24:49Z,saccharina_latissima,662,0.026733333333333335
2021-09-01T13:24:49Z,saccharina_latissima,664,0.024333333333333335
2021-09-01T13:24:49Z,saccharina_latissima,666,0.0232
2021-09-01T13:24:49Z,saccharina_latissima,668,0.0242
2021-09-01T13:24:49Z,saccharina_latissima,670,0.026533333333333336
2021-09-01T13:24:49Z,saccharina_latissima,672,0.030120484556946776
2021-09-01T13:24:49Z,saccharina_latissima,674,0.035047787005406575
2021-09-01T13:24:49Z,saccharina_latissima,676,0.04147931482371506
2021-09-01T13:24:49Z,saccharina_latissima,678,0.04849925912652422
2021-09-01T13:24:49Z,saccharina_latissima,680,0.05588322764624715
2021-09-01T13:24:49Z,saccharina_latissima,682,0.06328352044842964
2021-09-01T13:24:49Z,saccharina_latissima,684,0.07113033911875942
2021-09-01T13:24:49Z,saccharina_latissima,686,0.0818898297114439
2021-09-01T13:24:49Z,saccharina_latissima,688,0.09528257310489022
2021-09-01T13:24:49Z,saccharina_latissima,690,0.10631336867044917
2021-09-01T13:24:49Z,saccharina_latissima,692,0.11849478238454328
2021-09-01T13:24:49Z,saccharina_latissima,694,0.1331003194276724
2021-09-01T13:24:49Z,saccharina_latissima,696,0.15015877533359734
2021-09-01T13:24:49Z,saccharina_latissima,698,0.16643994571396584
2021-09-01T13:24:49Z,saccharina_latissima,700,0.1854596255777402
2021-09-01T13:24:49Z,saccharina_latissima,702,0.20661696741011198
2021-09-01T13:24:49Z,saccharina_latissima,704,0.22665364784720046
2021-09-01T13:24:49Z,saccharina_latissima,706,0.24837773996376084
2021-09-01T13:24:49Z,saccharina_latissima,708,0.27075687160624234
2021-09-01T13:24:49Z,saccharina_latissima,710,0.29286090349566524
2021-09-01T13:24:49Z,saccharina_latissima,712,0.3140580309208258
2021-09-01T13:24:49Z,saccharina_latissima,714,0.33361081333327514
2021-09-01T13:24:49Z,saccharina_latissima,716,0.35074357657356264
2021-09-01T13:24:49Z,saccharina_latissima,718,0.364556687478426
2021-09-01T13:24:49Z,saccharina_latissima,720,0.37618755313726887
2021-09-01T13:24:49Z,saccharina_latissima,722,0.386582177627823
2021-09-01T13:24:49Z,saccharina_latissima,724,0.3951588866236547
2021-09-01T13:24:49Z,saccharina_latissima,726,0.4021964977440626
2021-09-01T13:24:49Z,saccharina_latissima,728,0.4079646205198721
2021-09-01T13:24:49Z,saccharina_latissima,730,0.41270643117785183
2021-09-01T13:24:49Z,saccharina_latissima,732,0.4166312029157848
2021-09-01T13:24:49Z,saccharina_latissima,734,0.419913163831668
2021-09-01T13:24:49Z,saccharina_latissima,736,0.42269392905272585
2021-09-01T13:24:49Z,saccharina_latissima,738,0.42508659482109334
2021-09-01T13:24:49Z,saccharina_latissima,740,0.4271803083762614
2021-09-01T13:24:49Z,saccharina_latissima,742,0.4290446565745092
2021-09-01T13:24:49Z,saccharina_latissima,744,0.43073356152490605
2021-09-01T13:24:49Z,saccharina_latissima,746,0.43228857747073346
2021-09-01T13:24:49Z,saccharina_latissima,748,0.4337415949672622
2021-09-01T13:24:49Z,saccharina_latissima,750,0.4351170117272634
2021-09-01T13:24:49Z,saccharina_latissima,752,0.4364334490102736
2021-09-01T13:24:49Z,saccharina_latissima,754,0.4377050938806306
2021-09-01T13:24:49Z,saccharina_latissima,756,0.43894274049504134
2021-09-01T13:24:49Z,saccharina_latissima,758,0.4401545931336722
2021-09-01T13:24:49Z,saccharina_latissima,760,0.44134688276925055
2021-09-01T13:24:49Z,saccharina_latissima,762,0.4425243389159184
2021-09-01T13:24:49Z,saccharina_latissima,764,0.4436905498373165
2021-09-01T13:24:49Z,saccharina_latissima,766,0.44484823701940446
2021-09-01T13:24:49Z,saccharina_latissima,768,0.4459994640227565
2021-09-01T13:24:49Z,saccharina_latissima,770,0.44714579523562664
2021-09-01T13:24:49Z,saccharina_latissima,772,0.4482884164496773
2021-09-01T13:24:49Z,saccharina_latissima,774,0.4494282263843776
2021-09-01T13:24:49Z,saccharina_latissima,776,0.45056590612811825
2021-09-01T13:24:49Z,saccharina_latissima,778,0.4517019718062681
2021-09-01T13:24:49Z,saccharina_latissima,780,0.4528368145172151
2021-09-01T13:24:49Z,saccharina_latissima,782,0.45397073060827975
2021-09-01T13:24:49Z,saccharina_latissima,784,0.45510394462476844
2021-09-01T13:24:49Z,saccharina_latissima,786,0.45623662670332715
2021-09-01T13:24:49Z,saccharina_latissima,788,0.4573689057534377
2021-09-01T13:24:49Z,saccharina_latissima,790,0.458500879446326
2021-09-01T13:24:49Z,saccharina_latissima,792,0.4596326217841633
2021-09-01T13:24:49Z,saccharina_latissima,794,0.4607641888354948
2021-09-01T13:24:49Z,saccharina_latissima,796,0.46189562308103815
2021-09-01T13:24:49Z,saccharina_latissima,798,0.46302695670647287
2021-09-01T13:24:49Z,saccharina_latissima,800,0.46415821409733005
2021-09-01T13:31:26Z,coraline_crustose_algae,340,0.07934117647058826
2021-09-01T13:31:26Z,coraline_crustose_algae,342,0.07920000000000009
2021-09-01T13:31:26Z,coraline_crustose_algae,344,0.07007058823529408
2021-09-01T13:31:26Z,coraline_crustose_algae,346,0.07099375000000002
2021-09-01T13:31:26Z,coraline_crustose_algae,348,0.07010588235294116
2021-09-01T13:31:26Z,coraline_crustose_algae,350,0.07933749999999999
2021-09-01T13:31:26Z,coraline_crustose_algae,352,0.08158749999999995
2021-09-01T13:31:26Z,coraline_crustose_algae,354,0.08600588235294122
2021-09-01T13:31:26Z,coraline_crustose_algae,356,0.082575
2021-09-01T13:31:26Z,coraline_crustose_algae,358,0.07740000000000007
2021-09-01T13:31:26Z,coraline_crustose_algae,360,0.08259411764705879
2021-09-01T13:31:26Z,coraline_crustose_algae,362,0.08046250000000002
2021-09-01T13:31:26Z,coraline_crustose_algae,364,0.08646249999999994
2021-09-01T13:31:26Z,coraline_crustose_algae,366,0.08437058823529417
2021-09-01T13:31:26Z,coraline_crustose_algae,368,0.08543749999999997
2021-09-01T13:31:26Z,coraline_crustose_algae,370,0.08211764705882353
2021-09-01T13:31:26Z,coraline_crustose_algae,372,0.0795
2021-09-01T13:31:26Z,coraline_crustose_algae,374,0.07884999999999999
2021-09-01T13:31:26Z,coraline_crustose_algae,376,0.0792705882352941
2021-09-01T13:31:26Z,coraline_crustose_algae,378,0.08128125000000001
2021-09-01T13:31:26Z,coraline_crustose_algae,380,0.08017058823529413
2021-09-01T13:31:26Z,coraline_crustose_algae,382,0.0787
2021-09-01T13:31:26Z,coraline_crustose_algae,384,0.0777375
2021-09-01T13:31:26Z,coraline_crustose_algae,386,0.07584705882352942
2021-09-01T13:31:26Z,coraline_crustose_algae,388,0.07641875000000001
2021-09-01T13:31:26Z,coraline_crustose_algae,390,0.07673125
2021-09-01T13:31:26Z,coraline_crustose_algae,392,0.07668125
2021-09-01T13:31:26Z,coraline_crustose_algae,394,0.07587499999999998
2021-09-01T13:31:26Z,coraline_crustose_algae,396,0.07544117647058823
2021-09-01T13:31:26Z,coraline_crustose_algae,398,0.07525
2021-09-01T13:31:26Z,coraline_crustose_algae,400,0.07452499999999998
2021-09-01T13:31:26Z,coraline_crustose_algae,402,0.0737
2021-09-01T13:31:26Z,coraline_crustose_algae,404,0.0728
2021-09-01T13:31:26Z,coraline_crustose_algae,406,0.0714941176470588
2021-09-01T13:31:26Z,coraline_crustose_algae,408,0.06980625
2021-09-01T13:31:26Z,coraline_crustose_algae,410,0.06836875000000002
2021-09-01T13:31:26Z,coraline_crustose_algae,412,0.06684999999999999
2021-09-01T13:31:26Z,coraline_crustose_algae,414,0.06576249999999999
2021-09-01T13:31:26Z,coraline_crustose_algae,416,0.06458124999999999
2021-09-01T13:31:26Z,coraline_crustose_algae,418,0.06420624999999999
2021-09-01T13:31:26Z,coraline_crustose_algae,420,0.06344375000000001
2021-09-01T13:31:26Z,coraline_crustose_algae,422,0.0631125
2021-09-01T13:31:26Z,coraline_crustose_algae,424,0.06293125
2021-09-01T13:31:26Z,coraline_crustose_algae,426,0.06252500000000001
2021-09-01T13:31:26Z,coraline_crustose_algae,428,0.06202941176470588
2021-09-01T13:31:26Z,coraline_crustose_algae,430,0.06143749999999999
2021-09-01T13:31:26Z,coraline_crustose_algae,432,0.060533333333333335
2021-09-01T13:31:26Z,coraline_crustose_algae,434,0.059925000000000006
2021-09-01T13:31:26Z,coraline_crustose_algae,436,0.059373333333333334
2021-09-01T13:31:26Z,coraline_crustose_algae,438,0.05924375
2021-09-01T13:31:26Z,coraline_crustose_algae,440,0.05936875
2021-09-01T13:31:26Z,coraline_crustose_algae,442,0.05986875
2021-09-01T13:31:26Z,coraline_crustose_algae,444,0.061006250000000005
2021-09-01T13:31:26Z,coraline_crustose_algae,446,0.0626
2021-09-01T13:31:26Z,coraline_crustose_algae,448,0.06487500000000002
2021-09-01T13:31:26Z,coraline_crustose_algae,450,0.06756249999999997
2021-09-01T13:31:26Z,coraline_crustose_algae,452,0.07031250000000001
2021-09-01T13:31:26Z,coraline_crustose_algae,454,0.0728875
2021-09-01T13:31:26Z,coraline_crustose_algae,456,0.075
2021-09-01T13:31:26Z,coraline_crustose_algae,458,0.07653124999999998
2021-09-01T13:31:26Z,coraline_crustose_algae,460,0.077275
2021-09-01T13:31:26Z,coraline_crustose_algae,462,0.07755000000000001
2021-09-01T13:31:26Z,coraline_crustose_algae,464,0.077675
2021-09-01T13:31:26Z,coraline_crustose_algae,466,0.07769999999999999
2021-09-01T13:31:26Z,coraline_crustose_algae,468,0.07785
2021-09-01T13:31:26Z,coraline_crustose_algae,470,0.0781
2021-09-01T13:31:26Z,coraline_crustose_algae,472,0.07850000000000001
2021-09-01T13:31:26Z,coraline_crustose_algae,474,0.0788125
2021-09-01T13:31:26Z,coraline_crustose_algae,476,0.07903125
2021-09-01T13:31:26Z,coraline_crustose_algae,478,0.0789875
2021-09-01T13:31:26Z,coraline_crustose_algae,480,0.078575
2021-09-01T13:31:26Z,coraline_crustose_algae,482,0.077775
2021-09-01T13:31:26Z,coraline_crustose_algae,484,0.0764875
2021-09-01T13:31:26Z,coraline_crustose_algae,486,0.07492500000000002
2021-09-01T13:31:26Z,coraline_crustose_algae,488,0.073
2021-09-01T13:31:26Z,coraline_crustose_algae,490,0.07121249999999998
2021-09-01T13:31:26Z,coraline_crustose_algae,492,0.07000625
2021-09-01T13:31:26Z,coraline_crustose_algae,494,0.06901875
2021-09-01T13:31:26Z,coraline_crustose_algae,496,0.06849999999999999
2021-09-01T13:31:26Z,coraline_crustose_algae,498,0.06862499999999999
2021-09-01T13:31:26Z,coraline_crustose_algae,500,0.06945000000000001
2021-09-01T13:31:26Z,coraline_crustose_algae,502,0.07087500000000001
2021-09-01T13:31:26Z,coraline_crustose_algae,504,0.07291875000000003
2021-09-01T13:31:26Z,coraline_crustose_algae,506,0.0753875
2021-09-01T13:31:26Z,coraline_crustose_algae,508,0.07815999999999998
2021-09-01T13:31:26Z,coraline_crustose_algae,510,0.0808375
2021-09-01T13:31:26Z,coraline_crustose_algae,512,0.0832
2021-09-01T13:31:26Z,coraline_crustose_algae,514,0.08512000000000003
2021-09-01T13:31:26Z,coraline_crustose_algae,516,0.08651875
2021-09-01T13:31:26Z,coraline_crustose_algae,518,0.08745624999999999
2021-09-01T13:31:26Z,coraline_crustose_algae,520,0.0877
2021-09-01T13:31:26Z,coraline_crustose_algae,522,0.08765
2021-09-01T13:31:26Z,coraline_crustose_algae,524,0.08744
2021-09-01T13:31:26Z,coraline_crustose_algae,526,0.087075
2021-09-01T13:31:26Z,coraline_crustose_algae,528,0.08646666666666666
2021-09-01T13:31:26Z,coraline_crustose_algae,530,0.0856875
2021-09-01T13:31:26Z,coraline_crustose_algae,532,0.08506250000000001
2021-09-01T13:31:26Z,coraline_crustose_algae,534,0.08430625
2021-09-01T13:31:26Z,coraline_crustose_algae,536,0.083725
2021-09-01T13:31:26Z,coraline_crustose_algae,538,0.08320666666666666
2021-09-01T13:31:26Z,coraline_crustose_algae,540,0.08289999999999999
2021-09-01T13:31:26Z,coraline_crustose_algae,542,0.08250624999999999
2021-09-01T13:31:26Z,coraline_crustose_algae,544,0.0823
2021-09-01T13:31:26Z,coraline_crustose_algae,546,0.08221333333333335
2021-09-01T13:31:26Z,coraline_crustose_algae,548,0.08221333333333335
2021-09-01T13:31:26Z,coraline_crustose_algae,550,0.08234375000000001
2021-09-01T13:31:26Z,coraline_crustose_algae,552,0.0825375
2021-09-01T13:31:26Z,coraline_crustose_algae,554,0.0827
2021-09-01T13:31:26Z,coraline_crustose_algae,556,0.08257333333333333
2021-09-01T13:31:26Z,coraline_crustose_algae,558,0.08227500000000001
2021-09-01T13:31:26Z,coraline_crustose_algae,560,0.08149333333333336
2021-09-01T13:31:26Z,coraline_crustose_algae,562,0.08060666666666665
2021-09-01T13:31:26Z,coraline_crustose_algae,564,0.07973749999999999
2021-09-01T13:31:26Z,coraline_crustose_algae,566,0.07932666666666666
2021-09-01T13:31:26Z,coraline_crustose_algae,568,0.0796
2021-09-01T13:31:26Z,coraline_crustose_algae,570,0.08148749999999999
2021-09-01T13:31:26Z,coraline_crustose_algae,572,0.08485624999999992
2021-09-01T13:31:26Z,coraline_crustose_algae,574,0.09019999999999986
2021-09-01T13:31:26Z,coraline_crustose_algae,576,0.09739333333333354
2021-09-01T13:31:26Z,coraline_crustose_algae,578,0.10674666666666689
2021-09-01T13:31:26Z,coraline_crustose_algae,580,0.11695000000000015
2021-09-01T13:31:26Z,coraline_crustose_algae,582,0.12791875000000014
2021-09-01T13:31:26Z,coraline_crustose_algae,584,0.13840000000000002
2021-09-01T13:31:26Z,coraline_crustose_algae,586,0.14854999999999993
2021-09-01T13:31:26Z,coraline_crustose_algae,588,0.1579333333333332
2021-09-01T13:31:26Z,coraline_crustose_algae,590,0.16599999999999981
2021-09-01T13:31:26Z,coraline_crustose_algae,592,0.17335
2021-09-01T13:31:26Z,coraline_crustose_algae,594,0.17942000000000013
2021-09-01T13:31:26Z,coraline_crustose_algae,596,0.18436250000000007
2021-09-01T13:31:26Z,coraline_crustose_algae,598,0.18770000000000003
2021-09-01T13:31:26Z,coraline_crustose_algae,600,0.18965625
2021-09-01T13:31:26Z,coraline_crustose_algae,602,0.1905
2021-09-01T13:31:26Z,coraline_crustose_algae,604,0.18975625000000002
2021-09-01T13:31:26Z,coraline_crustose_algae,606,0.18786000000000003
2021-09-01T13:31:26Z,coraline_crustose_algae,608,0.18467333333333338
2021-09-01T13:31:26Z,coraline_crustose_algae,610,0.1807000000000001
2021-09-01T13:31:26Z,coraline_crustose_algae,612,0.1761400000000001
2021-09-01T13:31:26Z,coraline_crustose_algae,614,0.17175624999999994
2021-09-01T13:31:26Z,coraline_crustose_algae,616,0.16759999999999992
2021-09-01T13:31:26Z,coraline_crustose_algae,618,0.16399374999999994
2021-09-01T13:31:26Z,coraline_crustose_algae,620,0.16115999999999997
2021-09-01T13:31:26Z,coraline_crustose_algae,622,0.15921249999999998
2021-09-01T13:31:26Z,coraline_crustose_algae,624,0.15783333333333333
2021-09-01T13:31:26Z,coraline_crustose_algae,626,0.15743333333333334
2021-09-01T13:31:26Z,coraline_crustose_algae,628,0.1575
2021-09-01T13:31:26Z,coraline_crustose_algae,630,0.1586133333333333
2021-09-01T13:31:26Z,coraline_crustose_algae,632,0.15997999999999998
2021-09-01T13:31:26Z,coraline_crustose_algae,634,0.16163749999999996
2021-09-01T13:31:26Z,coraline_crustose_algae,636,0.16427999999999993
2021-09-01T13:31:26Z,coraline_crustose_algae,638,0.16758666666666658
2021-09-01T13:31:26Z,coraline_crustose_algae,640,0.17174666666666655
2021-09-01T13:31:26Z,coraline_crustose_algae,642,0.17548666666666676
2021-09-01T13:31:26Z,coraline_crustose_algae,644,0.17902666666666675
2021-09-01T13:31:26Z,coraline_crustose_algae,646,0.18180000000000007
2021-09-01T13:31:26Z,coraline_crustose_algae,648,0.18385
2021-09-01T13:31:26Z,coraline_crustose_algae,650,0.18396
2021-09-01T13:31:26Z,coraline_crustose_algae,652,0.1821333333333333
2021-09-01T13:31:26Z,coraline_crustose_algae,654,0.1781066666666666
2021-09-01T13:31:26Z,coraline_crustose_algae,656,0.17243999999999995
2021-09-01T13:31:26Z,coraline_crustose_algae,658,0.16604375
2021-09-01T13:31:26Z,coraline_crustose_algae,660,0.1563
2021-09-01T13:31:26Z,coraline_crustose_algae,662,0.14396666666666666
2021-09-01T13:31:26Z,coraline_crustose_algae,664,0.13163333333333332
2021-09-01T13:31:26Z,coraline_crustose_algae,666,0.12029999999999999
2021-09-01T13:31:26Z,coraline_crustose_algae,668,0.113
2021-09-01T13:31:26Z,coraline_crustose_algae,670,0.10766666666666667
2021-09-01T13:31:26Z,coraline_crustose_algae,672,0.1042075679501409
2021-09-01T13:31:26Z,coraline_crustose_algae,674,0.10418148163875943
2021-09-01T13:31:26Z,coraline_crustose_algae,676,0.10823692940029349
2021-09-01T13:31:26Z,coraline_crustose_algae,678,0.1149485971154342
2021-09-01T13:31:26Z,coraline_crustose_algae,680,0.12488759711975653
2021-09-01T13:31:26Z,coraline_crustose_algae,682,0.13759880467617586
2021-09-01T13:31:26Z,coraline_crustose_algae,684,0.15285309159990562
2021-09-01T13:31:26Z,coraline_crustose_algae,686,0.17508662954444523
2021-09-01T13:31:26Z,coraline_crustose_algae,688,0.20373188894801225
2021-09-01T13:31:26Z,coraline_crustose_algae,690,0.23409974824700508
2021-09-01T13:31:26Z,coraline_crustose_algae,692,0.2709623794268089
2021-09-01T13:31:26Z,coraline_crustose_algae,694,0.3170628994958321
2021-09-01T13:31:26Z,coraline_crustose_algae,696,0.3713462537781911
2021-09-01T13:31:26Z,coraline_crustose_algae,698,0.43618516932526163
2021-09-01T13:31:26Z,coraline_crustose_algae,700,0.5115969123591755
2021-09-01T13:31:26Z,coraline_crustose_algae,702,0.5976635389535057
2021-09-01T13:31:26Z,coraline_crustose_algae,704,0.6914040166149199
2021-09-01T13:31:26Z,coraline_crustose_algae,706,0.79033264108900525
2021-09-01T13:31:26Z,coraline_crustose_algae,708,0.8924401088857081
2021-09-01T13:31:26Z,coraline_crustose_algae,710,0.9514990400000002
2021-09-01T13:31:26Z,coraline_crustose_algae,712,0.9728937412266666
2021-09-01T13:31:26Z,coraline_crustose_algae,714,0.9878339232000001
2021-09-01T13:31:26Z,coraline_crustose_algae,716,0.9964718395733334
2021-09-01T13:31:26Z,coraline_crustose_algae,718,0.99907886336
2021-09-01T13:31:26Z,coraline_crustose_algae,720,0.999
2021-09-01T13:31:26Z,coraline_crustose_algae,722,0.999
2021-09-01T13:31:26Z,coraline_crustose_algae,724,0.999
2021-09-01T13:31:26Z,coraline_crustose_algae,726,0.999
2021-09-01T13:31:26Z,coraline_crustose_algae,728,0.999
2021-09-01T13:31:26Z,coraline_crustose_algae,730,0.999
2021-09-01T13:31:26Z,coraline_crustose_algae,732,0.999
2021-09-01T13:31:26Z,coraline_crustose_algae,734,0.999
2021-09-01T13:31:26Z,coraline_crustose_algae,736,0.999
2021-09-01T13:31:26Z,coraline_crustose_algae,738,0.999
2021-09-01T13:31:26Z,coraline_crustose_algae,740,0.999
2021-09-01T13:31:26Z,coraline_crustose_algae,742,0.999
2021-09-01T13:31:26Z,coraline_crustose_algae,744,0.999
2021-09-01T13:31:26Z,coraline_crustose_algae,746,0.999
2021-09-01T13:31:26Z,coraline_crustose_algae,748,0.999
2021-09-01T13:31:26Z,coraline_crustose_algae,750,0.999
2021-09-01T13:31:26Z,coraline_crustose_algae,752,0.999
2021-09-01T13:31:26Z,coraline_crustose_algae,754,0.999
2021-09-01T13:31:26Z,coraline_crustose_algae,756,0.999
2021-09-01T13:31:26Z,coraline_crustose_algae,758,0.999
2021-09-01T13:31:26Z,coraline_crustose_algae,760,0.999
2021-09-01T13:31:26Z,coraline_crustose_algae,762,0.999
2021-09-01T13:31:26Z,coraline_crustose_algae,764,0.999
2021-09-01T13:31:26Z,coraline_crustose_algae,766,0.999
2021-09-01T13:31:26Z,coraline_crustose_algae,768,0.999
2021-09-01T13:31:26Z,coraline_crustose_algae,770,0.999
2021-09-01T13:31:26Z,coraline_crustose_algae,772,0.999
2021-09-01T13:31:26Z,coraline_crustose_algae,774,0.999
2021-09-01T13:31:26Z,coraline_crustose_algae,776,0.999
2021-09-01T13:31:26Z,coraline_crustose_algae,778,0.999
2021-09-01T13:31:26Z,coraline_crustose_algae,780,0.999
2021-09-01T13:31:26Z,coraline_crustose_algae,782,0.999
2021-09-01T13:31:26Z,coraline_crustose_algae,784,0.999
2021-09-01T13:31:26Z,coraline_crustose_algae,786,0.999
2021-09-01T13:31:26Z,coraline_crustose_algae,788,0.999
2021-09-01T13:31:26Z,coraline_crustose_algae,790,0.999
2021-09-01T13:31:26Z,coraline_crustose_algae,792,0.999
2021-09-01T13:31:26Z,coraline_crustose_algae,794,0.999
2021-09-01T13:31:26Z,coraline_crustose_algae,796,0.999
2021-09-01T13:31:26Z,coraline_crustose_algae,798,0.999
2021-09-01T13:31:26Z,coraline_crustose_algae,800,0.999
2021-09-01T13:32:39Z,coraline_crustose_algae,340,0.08344117647058827
2021-09-01T13:32:39Z,coraline_crustose_algae,342,0.08727499999999994
2021-09-01T13:32:39Z,coraline_crustose_algae,344,0.09487058823529418
2021-09-01T13:32:39Z,coraline_crustose_algae,346,0.09232499999999996
2021-09-01T13:32:39Z,coraline_crustose_algae,348,0.08334705882352937
2021-09-01T13:32:39Z,coraline_crustose_algae,350,0.08299375000000013
2021-09-01T13:32:39Z,coraline_crustose_algae,352,0.09165
2021-09-01T13:32:39Z,coraline_crustose_algae,354,0.09332352941176467
2021-09-01T13:32:39Z,coraline_crustose_algae,356,0.09214999999999997
2021-09-01T13:32:39Z,coraline_crustose_algae,358,0.08375882352941186
2021-09-01T13:32:39Z,coraline_crustose_algae,360,0.08504117647058823
2021-09-01T13:32:39Z,coraline_crustose_algae,362,0.08632500000000005
2021-09-01T13:32:39Z,coraline_crustose_algae,364,0.09244999999999996
2021-09-01T13:32:39Z,coraline_crustose_algae,366,0.09187647058823532
2021-09-01T13:32:39Z,coraline_crustose_algae,368,0.08440624999999997
2021-09-01T13:32:39Z,coraline_crustose_algae,370,0.08420588235294119
2021-09-01T13:32:39Z,coraline_crustose_algae,372,0.0882
2021-09-01T13:32:39Z,coraline_crustose_algae,374,0.08892499999999999
2021-09-01T13:32:39Z,coraline_crustose_algae,376,0.0846588235294118
2021-09-01T13:32:39Z,coraline_crustose_algae,378,0.08015
2021-09-01T13:32:39Z,coraline_crustose_algae,380,0.07935294117647058
2021-09-01T13:32:39Z,coraline_crustose_algae,382,0.08068750000000001
2021-09-01T13:32:39Z,coraline_crustose_algae,384,0.0811125
2021-09-01T13:32:39Z,coraline_crustose_algae,386,0.08026470588235296
2021-09-01T13:32:39Z,coraline_crustose_algae,388,0.07840625
2021-09-01T13:32:39Z,coraline_crustose_algae,390,0.07870625
2021-09-01T13:32:39Z,coraline_crustose_algae,392,0.07918125
2021-09-01T13:32:39Z,coraline_crustose_algae,394,0.07780000000000001
2021-09-01T13:32:39Z,coraline_crustose_algae,396,0.07732941176470588
2021-09-01T13:32:39Z,coraline_crustose_algae,398,0.07615
2021-09-01T13:32:39Z,coraline_crustose_algae,400,0.0761
2021-09-01T13:32:39Z,coraline_crustose_algae,402,0.0756
2021-09-01T13:32:39Z,coraline_crustose_algae,404,0.07467500000000002
2021-09-01T13:32:39Z,coraline_crustose_algae,406,0.07348235294117647
2021-09-01T13:32:39Z,coraline_crustose_algae,408,0.0719375
2021-09-01T13:32:39Z,coraline_crustose_algae,410,0.07084375000000001
2021-09-01T13:32:39Z,coraline_crustose_algae,412,0.0697875
2021-09-01T13:32:39Z,coraline_crustose_algae,414,0.0690375
2021-09-01T13:32:39Z,coraline_crustose_algae,416,0.06815
2021-09-01T13:32:39Z,coraline_crustose_algae,418,0.06752500000000002
2021-09-01T13:32:39Z,coraline_crustose_algae,420,0.06713749999999999
2021-09-01T13:32:39Z,coraline_crustose_algae,422,0.0672125
2021-09-01T13:32:39Z,coraline_crustose_algae,424,0.06716875
2021-09-01T13:32:39Z,coraline_crustose_algae,426,0.06691875
2021-09-01T13:32:39Z,coraline_crustose_algae,428,0.06654705882352942
2021-09-01T13:32:39Z,coraline_crustose_algae,430,0.06615
2021-09-01T13:32:39Z,coraline_crustose_algae,432,0.06596666666666667
2021-09-01T13:32:39Z,coraline_crustose_algae,434,0.06553125000000001
2021-09-01T13:32:39Z,coraline_crustose_algae,436,0.06537333333333334
2021-09-01T13:32:39Z,coraline_crustose_algae,438,0.0652
2021-09-01T13:32:39Z,coraline_crustose_algae,440,0.06554375000000001
2021-09-01T13:32:39Z,coraline_crustose_algae,442,0.06616874999999998
2021-09-01T13:32:39Z,coraline_crustose_algae,444,0.06720625000000001
2021-09-01T13:32:39Z,coraline_crustose_algae,446,0.0688
2021-09-01T13:32:39Z,coraline_crustose_algae,448,0.07093750000000001
2021-09-01T13:32:39Z,coraline_crustose_algae,450,0.07346874999999997
2021-09-01T13:32:39Z,coraline_crustose_algae,452,0.07595625
2021-09-01T13:32:39Z,coraline_crustose_algae,454,0.078375
2021-09-01T13:32:39Z,coraline_crustose_algae,456,0.08053125000000001
2021-09-01T13:32:39Z,coraline_crustose_algae,458,0.08193749999999998
2021-09-01T13:32:39Z,coraline_crustose_algae,460,0.08289999999999999
2021-09-01T13:32:39Z,coraline_crustose_algae,462,0.08335
2021-09-01T13:32:39Z,coraline_crustose_algae,464,0.083575
2021-09-01T13:32:39Z,coraline_crustose_algae,466,0.08380000000000001
2021-09-01T13:32:39Z,coraline_crustose_algae,468,0.08415
2021-09-01T13:32:39Z,coraline_crustose_algae,470,0.0845
2021-09-01T13:32:39Z,coraline_crustose_algae,472,0.08515
2021-09-01T13:32:39Z,coraline_crustose_algae,474,0.08561875000000001
2021-09-01T13:32:39Z,coraline_crustose_algae,476,0.0859625
2021-09-01T13:32:39Z,coraline_crustose_algae,478,0.0861
2021-09-01T13:32:39Z,coraline_crustose_algae,480,0.0859375
2021-09-01T13:32:39Z,coraline_crustose_algae,482,0.0853125
2021-09-01T13:32:39Z,coraline_crustose_algae,484,0.084325
2021-09-01T13:32:39Z,coraline_crustose_algae,486,0.0830125
2021-09-01T13:32:39Z,coraline_crustose_algae,488,0.0818125
2021-09-01T13:32:39Z,coraline_crustose_algae,490,0.08061249999999999
2021-09-01T13:32:39Z,coraline_crustose_algae,492,0.07945
2021-09-01T13:32:39Z,coraline_crustose_algae,494,0.078725
2021-09-01T13:32:39Z,coraline_crustose_algae,496,0.0785
2021-09-01T13:32:39Z,coraline_crustose_algae,498,0.07882499999999999
2021-09-01T13:32:39Z,coraline_crustose_algae,500,0.07965
2021-09-01T13:32:39Z,coraline_crustose_algae,502,0.08100000000000002
2021-09-01T13:32:39Z,coraline_crustose_algae,504,0.08301875000000002
2021-09-01T13:32:39Z,coraline_crustose_algae,506,0.08539374999999999
2021-09-01T13:32:39Z,coraline_crustose_algae,508,0.08783999999999997
2021-09-01T13:32:39Z,coraline_crustose_algae,510,0.09026250000000002
2021-09-01T13:32:39Z,coraline_crustose_algae,512,0.092475
2021-09-01T13:32:39Z,coraline_crustose_algae,514,0.09418000000000001
2021-09-01T13:32:39Z,coraline_crustose_algae,516,0.0955875
2021-09-01T13:32:39Z,coraline_crustose_algae,518,0.09655625
2021-09-01T13:32:39Z,coraline_crustose_algae,520,0.097275
2021-09-01T13:32:39Z,coraline_crustose_algae,522,0.0975
2021-09-01T13:32:39Z,coraline_crustose_algae,524,0.0975
2021-09-01T13:32:39Z,coraline_crustose_algae,526,0.09718125000000001
2021-09-01T13:32:39Z,coraline_crustose_algae,528,0.09683333333333333
2021-09-01T13:32:39Z,coraline_crustose_algae,530,0.09645000000000001
2021-09-01T13:32:39Z,coraline_crustose_algae,532,0.09595000000000001
2021-09-01T13:32:39Z,coraline_crustose_algae,534,0.09552500000000001
2021-09-01T13:32:39Z,coraline_crustose_algae,536,0.09506875
2021-09-01T13:32:39Z,coraline_crustose_algae,538,0.09475333333333333
2021-09-01T13:32:39Z,coraline_crustose_algae,540,0.0944
2021-09-01T13:32:39Z,coraline_crustose_algae,542,0.0943
2021-09-01T13:32:39Z,coraline_crustose_algae,544,0.09424375
2021-09-01T13:32:39Z,coraline_crustose_algae,546,0.09428666666666666
2021-09-01T13:32:39Z,coraline_crustose_algae,548,0.09454
2021-09-01T13:32:39Z,coraline_crustose_algae,550,0.09493125000000001
2021-09-01T13:32:39Z,coraline_crustose_algae,552,0.09530625
2021-09-01T13:32:39Z,coraline_crustose_algae,554,0.09570000000000001
2021-09-01T13:32:39Z,coraline_crustose_algae,556,0.09577333333333334
2021-09-01T13:32:39Z,coraline_crustose_algae,558,0.09564375000000001
2021-09-01T13:32:39Z,coraline_crustose_algae,560,0.09542666666666666
2021-09-01T13:32:39Z,coraline_crustose_algae,562,0.09503333333333332
2021-09-01T13:32:39Z,coraline_crustose_algae,564,0.09446874999999999
2021-09-01T13:32:39Z,coraline_crustose_algae,566,0.0943
2021-09-01T13:32:39Z,coraline_crustose_algae,568,0.09480000000000001
2021-09-01T13:32:39Z,coraline_crustose_algae,570,0.09633125
2021-09-01T13:32:39Z,coraline_crustose_algae,572,0.09896249999999994
2021-09-01T13:32:39Z,coraline_crustose_algae,574,0.10313333333333323
2021-09-01T13:32:39Z,coraline_crustose_algae,576,0.10907333333333352
2021-09-01T13:32:39Z,coraline_crustose_algae,578,0.1171800000000002
2021-09-01T13:32:39Z,coraline_crustose_algae,580,0.12595000000000012
2021-09-01T13:32:39Z,coraline_crustose_algae,582,0.13533750000000008
2021-09-01T13:32:39Z,coraline_crustose_algae,584,0.1441
2021-09-01T13:32:39Z,coraline_crustose_algae,586,0.15249999999999994
2021-09-01T13:32:39Z,coraline_crustose_algae,588,0.16040666666666656
2021-09-01T13:32:39Z,coraline_crustose_algae,590,0.16719999999999982
2021-09-01T13:32:39Z,coraline_crustose_algae,592,0.1738
2021-09-01T13:32:39Z,coraline_crustose_algae,594,0.17896000000000012
2021-09-01T13:32:39Z,coraline_crustose_algae,596,0.18308750000000007
2021-09-01T13:32:39Z,coraline_crustose_algae,598,0.18586000000000003
2021-09-01T13:32:39Z,coraline_crustose_algae,600,0.1876875
2021-09-01T13:32:39Z,coraline_crustose_algae,602,0.1884
2021-09-01T13:32:39Z,coraline_crustose_algae,604,0.1879875
2021-09-01T13:32:39Z,coraline_crustose_algae,606,0.1864
2021-09-01T13:32:39Z,coraline_crustose_algae,608,0.18393333333333337
2021-09-01T13:32:39Z,coraline_crustose_algae,610,0.18076000000000006
2021-09-01T13:32:39Z,coraline_crustose_algae,612,0.1770533333333334
2021-09-01T13:32:39Z,coraline_crustose_algae,614,0.17309999999999992
2021-09-01T13:32:39Z,coraline_crustose_algae,616,0.1694666666666666
2021-09-01T13:32:39Z,coraline_crustose_algae,618,0.16651249999999995
2021-09-01T13:32:39Z,coraline_crustose_algae,620,0.1642533333333333
2021-09-01T13:32:39Z,coraline_crustose_algae,622,0.16243125
2021-09-01T13:32:39Z,coraline_crustose_algae,624,0.1613
2021-09-01T13:32:39Z,coraline_crustose_algae,626,0.16116666666666668
2021-09-01T13:32:39Z,coraline_crustose_algae,628,0.1613
2021-09-01T13:32:39Z,coraline_crustose_algae,630,0.16218666666666665
2021-09-01T13:32:39Z,coraline_crustose_algae,632,0.16318
2021-09-01T13:32:39Z,coraline_crustose_algae,634,0.16463749999999996
2021-09-01T13:32:39Z,coraline_crustose_algae,636,0.16695999999999994
2021-09-01T13:32:39Z,coraline_crustose_algae,638,0.16978666666666659
2021-09-01T13:32:39Z,coraline_crustose_algae,640,0.17333999999999994
2021-09-01T13:32:39Z,coraline_crustose_algae,642,0.17653333333333343
2021-09-01T13:32:39Z,coraline_crustose_algae,644,0.17982000000000006
2021-09-01T13:32:39Z,coraline_crustose_algae,646,0.18262000000000006
2021-09-01T13:32:39Z,coraline_crustose_algae,648,0.18420000000000003
2021-09-01T13:32:39Z,coraline_crustose_algae,650,0.18388000000000002
2021-09-01T13:32:39Z,coraline_crustose_algae,652,0.18171333333333328
2021-09-01T13:32:39Z,coraline_crustose_algae,654,0.17868666666666663
2021-09-01T13:32:39Z,coraline_crustose_algae,656,0.17445999999999995
2021-09-01T13:32:39Z,coraline_crustose_algae,658,0.16847499999999999
2021-09-01T13:32:39Z,coraline_crustose_algae,660,0.1598
2021-09-01T13:32:39Z,coraline_crustose_algae,662,0.14943333333333333
2021-09-01T13:32:39Z,coraline_crustose_algae,664,0.1393
2021-09-01T13:32:39Z,coraline_crustose_algae,666,0.1297
2021-09-01T13:32:39Z,coraline_crustose_algae,668,0.12186666666666666
2021-09-01T13:32:39Z,coraline_crustose_algae,670,0.11706666666666668
2021-09-01T13:32:39Z,coraline_crustose_algae,672,0.11556534273236636
2021-09-01T13:32:39Z,coraline_crustose_algae,674,0.11646557300350219
2021-09-01T13:32:39Z,coraline_crustose_algae,676,0.11966688810100679
2021-09-01T13:32:39Z,coraline_crustose_algae,678,0.12471806063794129
2021-09-01T13:32:39Z,coraline_crustose_algae,680,0.13499017132379715
2021-09-01T13:32:39Z,coraline_crustose_algae,682,0.14783105231712176
2021-09-01T13:32:39Z,coraline_crustose_algae,684,0.16311147844088264
2021-09-01T13:32:39Z,coraline_crustose_algae,686,0.18315498527358598
2021-09-01T13:32:39Z,coraline_crustose_algae,688,0.2099978979992993
2021-09-01T13:32:39Z,coraline_crustose_algae,690,0.24070243857907786
2021-09-01T13:32:39Z,coraline_crustose_algae,692,0.27637808684464676
2021-09-01T13:32:39Z,coraline_crustose_algae,694,0.31978764391665787
2021-09-01T13:32:39Z,coraline_crustose_algae,696,0.37326933021568387
2021-09-01T13:32:39Z,coraline_crustose_algae,698,0.43695532587528657
2021-09-01T13:32:39Z,coraline_crustose_algae,700,0.5130209758378776
2021-09-01T13:32:39Z,coraline_crustose_algae,702,0.5984601236682575
2021-09-01T13:32:39Z,coraline_crustose_algae,704,0.6915501272806466
2021-09-01T13:32:39Z,coraline_crustose_algae,706,0.7907293002855824
2021-09-01T13:32:39Z,coraline_crustose_algae,708,0.8945162849437697
2021-09-01T13:32:39Z,coraline_crustose_algae,710,0.9460764800000001
2021-09-01T13:32:39Z,coraline_crustose_algae,712,0.9684808746666665
2021-09-01T13:32:39Z,coraline_crustose_algae,714,0.9844165069714286
2021-09-01T13:32:39Z,coraline_crustose_algae,716,0.9944175880533334
2021-09-01T13:32:39Z,coraline_crustose_algae,718,0.99848505216
2021-09-01T13:32:39Z,coraline_crustose_algae,720,0.999
2021-09-01T13:32:39Z,coraline_crustose_algae,722,0.999
2021-09-01T13:32:39Z,coraline_crustose_algae,724,0.999
2021-09-01T13:32:39Z,coraline_crustose_algae,726,0.999
2021-09-01T13:32:39Z,coraline_crustose_algae,728,0.999
2021-09-01T13:32:39Z,coraline_crustose_algae,730,0.999
2021-09-01T13:32:39Z,coraline_crustose_algae,732,0.999
2021-09-01T13:32:39Z,coraline_crustose_algae,734,0.999
2021-09-01T13:32:39Z,coraline_crustose_algae,736,0.999
2021-09-01T13:32:39Z,coraline_crustose_algae,738,0.999
2021-09-01T13:32:39Z,coraline_crustose_algae,740,0.999
2021-09-01T13:32:39Z,coraline_crustose_algae,742,0.999
2021-09-01T13:32:39Z,coraline_crustose_algae,744,0.999
2021-09-01T13:32:39Z,coraline_crustose_algae,746,0.999
2021-09-01T13:32:39Z,coraline_crustose_algae,748,0.999
2021-09-01T13:32:39Z,coraline_crustose_algae,750,0.999
2021-09-01T13:32:39Z,coraline_crustose_algae,752,0.999
2021-09-01T13:32:39Z,coraline_crustose_algae,754,0.999
2021-09-01T13:32:39Z,coraline_crustose_algae,756,0.999
2021-09-01T13:32:39Z,coraline_crustose_algae,758,0.999
2021-09-01T13:32:39Z,coraline_crustose_algae,760,0.999
2021-09-01T13:32:39Z,coraline_crustose_algae,762,0.999
2021-09-01T13:32:39Z,coraline_crustose_algae,764,0.999
2021-09-01T13:32:39Z,coraline_crustose_algae,766,0.999
2021-09-01T13:32:39Z,coraline_crustose_algae,768,0.999
2021-09-01T13:32:39Z,coraline_crustose_algae,770,0.999
2021-09-01T13:32:39Z,coraline_crustose_algae,772,0.999
2021-09-01T13:32:39Z,coraline_crustose_algae,774,0.999
2021-09-01T13:32:39Z,coraline_crustose_algae,776,0.999
2021-09-01T13:32:39Z,coraline_crustose_algae,778,0.999
2021-09-01T13:32:39Z,coraline_crustose_algae,780,0.999
2021-09-01T13:32:39Z,coraline_crustose_algae,782,0.999
2021-09-01T13:32:39Z,coraline_crustose_algae,784,0.999
2021-09-01T13:32:39Z,coraline_crustose_algae,786,0.999
2021-09-01T13:32:39Z,coraline_crustose_algae,788,0.999
2021-09-01T13:32:39Z,coraline_crustose_algae,790,0.999
2021-09-01T13:32:39Z,coraline_crustose_algae,792,0.999
2021-09-01T13:32:39Z,coraline_crustose_algae,794,0.999
2021-09-01T13:32:39Z,coraline_crustose_algae,796,0.999
2021-09-01T13:32:39Z,coraline_crustose_algae,798,0.999
2021-09-01T13:32:39Z,coraline_crustose_algae,800,0.999
2022-07-09T13:22:19Z,saccharina_latissima,340,0.05461176470588235
2022-07-09T13:22:19Z,saccharina_latissima,342,0.05436250000000001
2022-07-09T13:22:19Z,saccharina_latissima,344,0.0541
2022-07-09T13:22:19Z,saccharina_latissima,346,0.0542125
2022-07-09T13:22:19Z,saccharina_latissima,348,0.054452941176470586
2022-07-09T13:22:19Z,saccharina_latissima,350,0.0545
2022-07-09T13:22:19Z,saccharina_latissima,352,0.054576470588235296
2022-07-09T13:22:19Z,saccharina_latissima,354,0.05428125
2022-07-09T13:22:19Z,saccharina_latissima,356,0.053656249999999996
2022-07-09T13:22:19Z,saccharina_latissima,358,0.05385294117647059
2022-07-09T13:22:19Z,saccharina_latissima,360,0.054087500000000004
2022-07-09T13:22:19Z,saccharina_latissima,362,0.05396470588235294
2022-07-09T13:22:19Z,saccharina_latissima,364,0.053899999999999997
2022-07-09T13:22:19Z,saccharina_latissima,366,0.053575
2022-07-09T13:22:19Z,saccharina_latissima,368,0.053099999999999994
2022-07-09T13:22:19Z,saccharina_latissima,370,0.05277500000000001
2022-07-09T13:22:19Z,saccharina_latissima,372,0.0522
2022-07-09T13:22:19Z,saccharina_latissima,374,0.052282352941176474
2022-07-09T13:22:19Z,saccharina_latissima,376,0.05286875
2022-07-09T13:22:19Z,saccharina_latissima,378,0.05247647058823529
2022-07-09T13:22:19Z,saccharina_latissima,380,0.051637499999999996
2022-07-09T13:22:19Z,saccharina_latissima,382,0.051075
2022-07-09T13:22:19Z,saccharina_latissima,384,0.0517
2022-07-09T13:22:19Z,saccharina_latissima,386,0.05208823529411765
2022-07-09T13:22:19Z,saccharina_latissima,388,0.0520625
2022-07-09T13:22:19Z,saccharina_latissima,390,0.05191875
2022-07-09T13:22:19Z,saccharina_latissima,392,0.0508875
2022-07-09T13:22:19Z,saccharina_latissima,394,0.051100000000000007
2022-07-09T13:22:19Z,saccharina_latissima,396,0.051699999999999996
2022-07-09T13:22:19Z,saccharina_latissima,398,0.0523
2022-07-09T13:22:19Z,saccharina_latissima,400,0.052149999999999995
2022-07-09T13:22:19Z,saccharina_latissima,402,0.0513
2022-07-09T13:22:19Z,saccharina_latissima,404,0.050729411764705884
2022-07-09T13:22:19Z,saccharina_latissima,406,0.050499999999999996
2022-07-09T13:22:19Z,saccharina_latissima,408,0.050499999999999996
2022-07-09T13:22:19Z,saccharina_latissima,410,0.05031250000000001
2022-07-09T13:22:19Z,saccharina_latissima,412,0.05028125
2022-07-09T13:22:19Z,saccharina_latissima,414,0.0501125
2022-07-09T13:22:19Z,saccharina_latissima,416,0.04993125
2022-07-09T13:22:19Z,saccharina_latissima,418,0.0497235294117647
2022-07-09T13:22:19Z,saccharina_latissima,420,0.049787500000000005
2022-07-09T13:22:19Z,saccharina_latissima,422,0.049624999999999996
2022-07-09T13:22:19Z,saccharina_latissima,424,0.0495
2022-07-09T13:22:19Z,saccharina_latissima,426,0.049412500000000005
2022-07-09T13:22:19Z,saccharina_latissima,428,0.04915
2022-07-09T13:22:19Z,saccharina_latissima,430,0.0489875
2022-07-09T13:22:19Z,saccharina_latissima,432,0.0496125
2022-07-09T13:22:19Z,saccharina_latissima,434,0.04971249999999999
2022-07-09T13:22:19Z,saccharina_latissima,436,0.049550000000000004
2022-07-09T13:22:19Z,saccharina_latissima,438,0.049125
2022-07-09T13:22:19Z,saccharina_latissima,440,0.04925
2022-07-09T13:22:19Z,saccharina_latissima,442,0.049487500000000004
2022-07-09T13:22:19Z,saccharina_latissima,444,0.04938750000000001
2022-07-09T13:22:19Z,saccharina_latissima,446,0.049375
2022-07-09T13:22:19Z,saccharina_latissima,448,0.049624999999999996
2022-07-09T13:22:19Z,saccharina_latissima,450,0.049699999999999994
2022-07-09T13:22:19Z,saccharina_latissima,452,0.049487500000000004
2022-07-09T13:22:19Z,saccharina_latissima,454,0.049475000000000005
2022-07-09T13:22:19Z,saccharina_latissima,456,0.04966249999999999
2022-07-09T13:22:19Z,saccharina_latissima,458,0.049699999999999994
2022-07-09T13:22:19Z,saccharina_latissima,460,0.04972499999999999
2022-07-09T13:22:19Z,saccharina_latissima,462,0.0498625
2022-07-09T13:22:19Z,saccharina_latissima,464,0.0497375
2022-07-09T13:22:19Z,saccharina_latissima,466,0.049787500000000005
2022-07-09T13:22:19Z,saccharina_latissima,468,0.05001333333333333
2022-07-09T13:22:19Z,saccharina_latissima,470,0.050143749999999994
2022-07-09T13:22:19Z,saccharina_latissima,472,0.0503375
2022-07-09T13:22:19Z,saccharina_latissima,474,0.05049375
2022-07-09T13:22:19Z,saccharina_latissima,476,0.050518749999999994
2022-07-09T13:22:19Z,saccharina_latissima,478,0.050687499999999996
2022-07-09T13:22:19Z,saccharina_latissima,480,0.0508
2022-07-09T13:22:19Z,saccharina_latissima,482,0.0509
2022-07-09T13:22:19Z,saccharina_latissima,484,0.050625
2022-07-09T13:22:19Z,saccharina_latissima,486,0.050449999999999995
2022-07-09T13:22:19Z,saccharina_latissima,488,0.05102500000000001
2022-07-09T13:22:19Z,saccharina_latissima,490,0.0512
2022-07-09T13:22:19Z,saccharina_latissima,492,0.05103125
2022-07-09T13:22:19Z,saccharina_latissima,494,0.05115625000000001
2022-07-09T13:22:19Z,saccharina_latissima,496,0.0512
2022-07-09T13:22:19Z,saccharina_latissima,498,0.051112500000000005
2022-07-09T13:22:19Z,saccharina_latissima,500,0.051237500000000005
2022-07-09T13:22:19Z,saccharina_latissima,502,0.051425
2022-07-09T13:22:19Z,saccharina_latissima,504,0.05177999999999999
2022-07-09T13:22:19Z,saccharina_latissima,506,0.05201875
2022-07-09T13:22:19Z,saccharina_latissima,508,0.052143749999999996
2022-07-09T13:22:19Z,saccharina_latissima,510,0.0523375
2022-07-09T13:22:19Z,saccharina_latissima,512,0.0526
2022-07-09T13:22:19Z,saccharina_latissima,514,0.052724999999999994
2022-07-09T13:22:19Z,saccharina_latissima,516,0.05285333333333333
2022-07-09T13:22:19Z,saccharina_latissima,518,0.053306250000000006
2022-07-09T13:22:19Z,saccharina_latissima,520,0.0541
2022-07-09T13:22:19Z,saccharina_latissima,522,0.054033333333333336
2022-07-09T13:22:19Z,saccharina_latissima,524,0.0538375
2022-07-09T13:22:19Z,saccharina_latissima,526,0.0537125
2022-07-09T13:22:19Z,saccharina_latissima,528,0.05429374999999999
2022-07-09T13:22:19Z,saccharina_latissima,530,0.05474666666666667
2022-07-09T13:22:19Z,saccharina_latissima,532,0.0548
2022-07-09T13:22:19Z,saccharina_latissima,534,0.0552
2022-07-09T13:22:19Z,saccharina_latissima,536,0.0557625
2022-07-09T13:22:19Z,saccharina_latissima,538,0.056068749999999994
2022-07-09T13:22:19Z,saccharina_latissima,540,0.05654666666666666
2022-07-09T13:22:19Z,saccharina_latissima,542,0.05728000000000002
2022-07-09T13:22:19Z,saccharina_latissima,544,0.058018750000000015
2022-07-09T13:22:19Z,saccharina_latissima,546,0.05864375
2022-07-09T13:22:19Z,saccharina_latissima,548,0.0594
2022-07-09T13:22:19Z,saccharina_latissima,550,0.06047499999999999
2022-07-09T13:22:19Z,saccharina_latissima,552,0.06147999999999997
2022-07-09T13:22:19Z,saccharina_latissima,554,0.06271250000000002
2022-07-09T13:22:19Z,saccharina_latissima,556,0.06391250000000002
2022-07-09T13:22:19Z,saccharina_latissima,558,0.06514000000000002
2022-07-09T13:22:19Z,saccharina_latissima,560,0.06669375
2022-07-09T13:22:19Z,saccharina_latissima,562,0.0684
2022-07-09T13:22:19Z,saccharina_latissima,564,0.06966666666666665
2022-07-09T13:22:19Z,saccharina_latissima,566,0.07096249999999997
2022-07-09T13:22:19Z,saccharina_latissima,568,0.07226666666666665
2022-07-09T13:22:19Z,saccharina_latissima,570,0.07308000000000002
2022-07-09T13:22:19Z,saccharina_latissima,572,0.07381875000000002
2022-07-09T13:22:19Z,saccharina_latissima,574,0.0741
2022-07-09T13:22:19Z,saccharina_latissima,576,0.07400000000000001
2022-07-09T13:22:19Z,saccharina_latissima,578,0.07423125
2022-07-09T13:22:19Z,saccharina_latissima,580,0.07441999999999999
2022-07-09T13:22:19Z,saccharina_latissima,582,0.0745
2022-07-09T13:22:19Z,saccharina_latissima,584,0.07425999999999999
2022-07-09T13:22:19Z,saccharina_latissima,586,0.07405
2022-07-09T13:22:19Z,saccharina_latissima,588,0.07392
2022-07-09T13:22:19Z,saccharina_latissima,590,0.07407333333333337
2022-07-09T13:22:19Z,saccharina_latissima,592,0.075325
2022-07-09T13:22:19Z,saccharina_latissima,594,0.07596666666666667
2022-07-09T13:22:19Z,saccharina_latissima,596,0.0768
2022-07-09T13:22:19Z,saccharina_latissima,598,0.07763333333333333
2022-07-09T13:22:19Z,saccharina_latissima,600,0.07816875
2022-07-09T13:22:19Z,saccharina_latissima,602,0.07838666666666666
2022-07-09T13:22:19Z,saccharina_latissima,604,0.07828750000000001
2022-07-09T13:22:19Z,saccharina_latissima,606,0.07737999999999998
2022-07-09T13:22:19Z,saccharina_latissima,608,0.07601999999999998
2022-07-09T13:22:19Z,saccharina_latissima,610,0.07462666666666665
2022-07-09T13:22:19Z,saccharina_latissima,612,0.07315999999999998
2022-07-09T13:22:19Z,saccharina_latissima,614,0.07167499999999999
2022-07-09T13:22:19Z,saccharina_latissima,616,0.0704
2022-07-09T13:22:19Z,saccharina_latissima,618,0.06943333333333333
2022-07-09T13:22:19Z,saccharina_latissima,620,0.0686625
2022-07-09T13:22:19Z,saccharina_latissima,622,0.06784000000000001
2022-07-09T13:22:19Z,saccharina_latissima,624,0.06735000000000001
2022-07-09T13:22:19Z,saccharina_latissima,626,0.06709333333333334
2022-07-09T13:22:19Z,saccharina_latissima,628,0.06682666666666667
2022-07-09T13:22:19Z,saccharina_latissima,630,0.06644375000000001
2022-07-09T13:22:19Z,saccharina_latissima,632,0.06610666666666666
2022-07-09T13:22:19Z,saccharina_latissima,634,0.06591999999999999
2022-07-09T13:22:19Z,saccharina_latissima,636,0.06581333333333333
2022-07-09T13:22:19Z,saccharina_latissima,638,0.06603125
2022-07-09T13:22:19Z,saccharina_latissima,640,0.06642
2022-07-09T13:22:19Z,saccharina_latissima,642,0.06725333333333335
2022-07-09T13:22:19Z,saccharina_latissima,644,0.06820000000000001
2022-07-09T13:22:19Z,saccharina_latissima,646,0.06863749999999999
2022-07-09T13:22:19Z,saccharina_latissima,648,0.06860000000000001
2022-07-09T13:22:19Z,saccharina_latissima,650,0.06816666666666667
2022-07-09T13:22:19Z,saccharina_latissima,652,0.0673
2022-07-09T13:22:19Z,saccharina_latissima,654,0.06559999999999999
2022-07-09T13:22:19Z,saccharina_latissima,656,0.06303333333333333
2022-07-09T13:22:19Z,saccharina_latissima,658,0.06121250000000001
2022-07-09T13:22:19Z,saccharina_latissima,660,0.05921333333333336
2022-07-09T13:22:19Z,saccharina_latissima,662,0.05690000000000003
2022-07-09T13:22:19Z,saccharina_latissima,664,0.05520000000000002
2022-07-09T13:22:19Z,saccharina_latissima,666,0.05424000000000001
2022-07-09T13:22:19Z,saccharina_latissima,668,0.05374666666666667
2022-07-09T13:22:19Z,saccharina_latissima,670,0.0536
2022-07-09T13:22:19Z,saccharina_latissima,672,0.05369333333333333
2022-07-09T13:22:19Z,saccharina_latissima,674,0.05420666666666666
2022-07-09T13:22:19Z,saccharina_latissima,676,0.054859999999999985
2022-07-09T13:22:19Z,saccharina_latissima,678,0.05575333333333332
2022-07-09T13:22:19Z,saccharina_latissima,680,0.05681333333333333
2022-07-09T13:22:19Z,saccharina_latissima,682,0.05799999999999998
2022-07-09T13:22:19Z,saccharina_latissima,684,0.059426666666666655
2022-07-09T13:22:19Z,saccharina_latissima,686,0.061306666666666634
2022-07-09T13:22:19Z,saccharina_latissima,688,0.06491999999999994
2022-07-09T13:22:19Z,saccharina_latissima,690,0.0705066666666666
2022-07-09T13:22:19Z,saccharina_latissima,692,0.07665999999999992
2022-07-09T13:22:19Z,saccharina_latissima,694,0.08405999999999991
2022-07-09T13:22:19Z,saccharina_latissima,696,0.09340666666666657
2022-07-09T13:22:19Z,saccharina_latissima,698,0.10367999999999988
2022-07-09T13:22:19Z,saccharina_latissima,700,0.11431999999999987
2022-07-09T13:22:19Z,saccharina_latissima,702,0.12525333333333322
2022-07-09T13:22:19Z,saccharina_latissima,704,0.13606666666666667
2022-07-09T13:22:19Z,saccharina_latissima,706,0.14506666666666668
2022-07-09T13:22:19Z,saccharina_latissima,708,0.153
2022-07-09T13:22:19Z,saccharina_latissima,710,0.1597
2022-07-09T13:22:19Z,saccharina_latissima,712,0.1653
2022-07-09T13:22:19Z,saccharina_latissima,714,0.17016666666666672
2022-07-09T13:22:19Z,saccharina_latissima,716,0.17322
2022-07-09T13:22:19Z,saccharina_latissima,718,0.17591333333333337
2022-07-09T13:22:19Z,saccharina_latissima,720,0.17988571428571434
2022-07-09T13:22:19Z,saccharina_latissima,722,0.18258000000000002
2022-07-09T13:22:19Z,saccharina_latissima,724,0.18338000000000004
2022-07-09T13:22:19Z,saccharina_latissima,726,0.18505714285714286
2022-07-09T13:22:19Z,saccharina_latissima,728,0.18642666666666666
2022-07-09T13:22:19Z,saccharina_latissima,730,0.18757999999999997
2022-07-09T13:22:19Z,saccharina_latissima,732,0.18858571428571427
2022-07-09T13:22:19Z,saccharina_latissima,734,0.18896
2022-07-09T13:22:19Z,saccharina_latissima,736,0.1890933333333333
2022-07-09T13:22:19Z,saccharina_latissima,738,0.1895
2022-07-09T13:22:19Z,saccharina_latissima,740,0.18983333333333333
2022-07-09T13:22:19Z,saccharina_latissima,742,0.19
2022-07-09T13:22:19Z,saccharina_latissima,744,0.19006
2022-07-09T13:22:19Z,saccharina_latissima,746,0.19007857142857146
2022-07-09T13:22:19Z,saccharina_latissima,748,0.18997333333333333
2022-07-09T13:22:19Z,saccharina_latissima,750,0.1898
2022-07-09T13:22:19Z,saccharina_latissima,752,0.1898
2022-07-09T13:22:19Z,saccharina_latissima,754,0.18955714285714287
2022-07-09T13:22:19Z,saccharina_latissima,756,0.18928
2022-07-09T13:22:19Z,saccharina_latissima,758,0.1881
2022-07-09T13:22:19Z,saccharina_latissima,760,0.18537857142857145
2022-07-09T13:22:19Z,saccharina_latissima,762,0.18922000000000008
2022-07-09T13:22:19Z,saccharina_latissima,764,0.19197333333333333
2022-07-09T13:22:19Z,saccharina_latissima,766,0.1914733333333333
2022-07-09T13:22:19Z,saccharina_latissima,768,0.18972857142857147
2022-07-09T13:22:19Z,saccharina_latissima,770,0.18815
2022-07-09T13:22:19Z,saccharina_latissima,772,0.18740714285714286
2022-07-09T13:22:19Z,saccharina_latissima,774,0.187
2022-07-09T13:22:19Z,saccharina_latissima,776,0.18682000000000001
2022-07-09T13:22:19Z,saccharina_latissima,778,0.18662142857142855
2022-07-09T13:22:19Z,saccharina_latissima,780,0.1864
2022-07-09T13:22:19Z,saccharina_latissima,782,0.18629333333333334
2022-07-09T13:22:19Z,saccharina_latissima,784,0.18601428571428574
2022-07-09T13:22:19Z,saccharina_latissima,786,0.18593333333333334
2022-07-09T13:22:19Z,saccharina_latissima,788,0.18565714285714285
2022-07-09T13:22:19Z,saccharina_latissima,790,0.1855733333333333
2022-07-09T13:22:19Z,saccharina_latissima,792,0.18539999999999998
2022-07-09T13:22:19Z,saccharina_latissima,794,0.18530714285714286
2022-07-09T13:22:19Z,saccharina_latissima,796,0.18537142857142858
2022-07-09T13:22:19Z,saccharina_latissima,798,0.18530000000000002
2022-07-09T13:22:19Z,saccharina_latissima,800,0.18489999999999998
2022-07-09T13:23:04Z,saccharina_latissima,340,0.029811764705882354
2022-07-09T13:23:04Z,saccharina_latissima,342,0.0297625
2022-07-09T13:23:04Z,saccharina_latissima,344,0.02946470588235294
2022-07-09T13:23:04Z,saccharina_latissima,346,0.02945625
2022-07-09T13:23:04Z,saccharina_latissima,348,0.029423529411764706
2022-07-09T13:23:04Z,saccharina_latissima,350,0.0294
2022-07-09T13:23:04Z,saccharina_latissima,352,0.02915294117647059
2022-07-09T13:23:04Z,saccharina_latissima,354,0.02895625
2022-07-09T13:23:04Z,saccharina_latissima,356,0.02883125
2022-07-09T13:23:04Z,saccharina_latissima,358,0.02844705882352941
2022-07-09T13:23:04Z,saccharina_latissima,360,0.0285625
2022-07-09T13:23:04Z,saccharina_latissima,362,0.028264705882352942
2022-07-09T13:23:04Z,saccharina_latissima,364,0.02803125
2022-07-09T13:23:04Z,saccharina_latissima,366,0.0279
2022-07-09T13:23:04Z,saccharina_latissima,368,0.0275
2022-07-09T13:23:04Z,saccharina_latissima,370,0.027275000000000004
2022-07-09T13:23:04Z,saccharina_latissima,372,0.027100000000000003
2022-07-09T13:23:04Z,saccharina_latissima,374,0.026788235294117647
2022-07-09T13:23:04Z,saccharina_latissima,376,0.0265125
2022-07-09T13:23:04Z,saccharina_latissima,378,0.026347058823529407
2022-07-09T13:23:04Z,saccharina_latissima,380,0.0260625
2022-07-09T13:23:04Z,saccharina_latissima,382,0.025875000000000002
2022-07-09T13:23:04Z,saccharina_latissima,384,0.025625
2022-07-09T13:23:04Z,saccharina_latissima,386,0.025676470588235294
2022-07-09T13:23:04Z,saccharina_latissima,388,0.025406250000000002
2022-07-09T13:23:04Z,saccharina_latissima,390,0.0252
2022-07-09T13:23:04Z,saccharina_latissima,392,0.025281249999999998
2022-07-09T13:23:04Z,saccharina_latissima,394,0.0246
2022-07-09T13:23:04Z,saccharina_latissima,396,0.025
2022-07-09T13:23:04Z,saccharina_latissima,398,0.024650000000000002
2022-07-09T13:23:04Z,saccharina_latissima,400,0.024524999999999998
2022-07-09T13:23:04Z,saccharina_latissima,402,0.024300000000000002
2022-07-09T13:23:04Z,saccharina_latissima,404,0.02405294117647059
2022-07-09T13:23:04Z,saccharina_latissima,406,0.02385625
2022-07-09T13:23:04Z,saccharina_latissima,408,0.02373125
2022-07-09T13:23:04Z,saccharina_latissima,410,0.023512500000000002
2022-07-09T13:23:04Z,saccharina_latissima,412,0.023399999999999997
2022-07-09T13:23:04Z,saccharina_latissima,414,0.023312499999999996
2022-07-09T13:23:04Z,saccharina_latissima,416,0.0232
2022-07-09T13:23:04Z,saccharina_latissima,418,0.023023529411764703
2022-07-09T13:23:04Z,saccharina_latissima,420,0.0229
2022-07-09T13:23:04Z,saccharina_latissima,422,0.0229
2022-07-09T13:23:04Z,saccharina_latissima,424,0.0228375
2022-07-09T13:23:04Z,saccharina_latissima,426,0.022799999999999997
2022-07-09T13:23:04Z,saccharina_latissima,428,0.0227125
2022-07-09T13:23:04Z,saccharina_latissima,430,0.022687499999999996
2022-07-09T13:23:04Z,saccharina_latissima,432,0.0225625
2022-07-09T13:23:04Z,saccharina_latissima,434,0.0226
2022-07-09T13:23:04Z,saccharina_latissima,436,0.0225
2022-07-09T13:23:04Z,saccharina_latissima,438,0.0224625
2022-07-09T13:23:04Z,saccharina_latissima,440,0.022400000000000003
2022-07-09T13:23:04Z,saccharina_latissima,442,0.022400000000000003
2022-07-09T13:23:04Z,saccharina_latissima,444,0.0225
2022-07-09T13:23:04Z,saccharina_latissima,446,0.0224625
2022-07-09T13:23:04Z,saccharina_latissima,448,0.0224625
2022-07-09T13:23:04Z,saccharina_latissima,450,0.0225
2022-07-09T13:23:04Z,saccharina_latissima,452,0.0225875
2022-07-09T13:23:04Z,saccharina_latissima,454,0.0225
2022-07-09T13:23:04Z,saccharina_latissima,456,0.0225
2022-07-09T13:23:04Z,saccharina_latissima,458,0.0225
2022-07-09T13:23:04Z,saccharina_latissima,460,0.0224875
2022-07-09T13:23:04Z,saccharina_latissima,462,0.022437500000000003
2022-07-09T13:23:04Z,saccharina_latissima,464,0.022437500000000003
2022-07-09T13:23:04Z,saccharina_latissima,466,0.022400000000000003
2022-07-09T13:23:04Z,saccharina_latissima,468,0.022413333333333334
2022-07-09T13:23:04Z,saccharina_latissima,470,0.0225
2022-07-09T13:23:04Z,saccharina_latissima,472,0.02256875
2022-07-09T13:23:04Z,saccharina_latissima,474,0.02269375
2022-07-09T13:23:04Z,saccharina_latissima,476,0.022718750000000003
2022-07-09T13:23:04Z,saccharina_latissima,478,0.022799999999999997
2022-07-09T13:23:04Z,saccharina_latissima,480,0.022799999999999997
2022-07-09T13:23:04Z,saccharina_latissima,482,0.022799999999999997
2022-07-09T13:23:04Z,saccharina_latissima,484,0.022824999999999998
2022-07-09T13:23:04Z,saccharina_latissima,486,0.02285
2022-07-09T13:23:04Z,saccharina_latissima,488,0.022799999999999997
2022-07-09T13:23:04Z,saccharina_latissima,490,0.0229
2022-07-09T13:23:04Z,saccharina_latissima,492,0.02286875
2022-07-09T13:23:04Z,saccharina_latissima,494,0.022799999999999997
2022-07-09T13:23:04Z,saccharina_latissima,496,0.022799999999999997
2022-07-09T13:23:04Z,saccharina_latissima,498,0.022799999999999997
2022-07-09T13:23:04Z,saccharina_latissima,500,0.0228375
2022-07-09T13:23:04Z,saccharina_latissima,502,0.0229
2022-07-09T13:23:04Z,saccharina_latissima,504,0.02299333333333333
2022-07-09T13:23:04Z,saccharina_latissima,506,0.02311875
2022-07-09T13:23:04Z,saccharina_latissima,508,0.02324375
2022-07-09T13:23:04Z,saccharina_latissima,510,0.0233
2022-07-09T13:23:04Z,saccharina_latissima,512,0.023399999999999997
2022-07-09T13:23:04Z,saccharina_latissima,514,0.023524999999999997
2022-07-09T13:23:04Z,saccharina_latissima,516,0.023653333333333332
2022-07-09T13:23:04Z,saccharina_latissima,518,0.023700000000000002
2022-07-09T13:23:04Z,saccharina_latissima,520,0.023906250000000004
2022-07-09T13:23:04Z,saccharina_latissima,522,0.024
2022-07-09T13:23:04Z,saccharina_latissima,524,0.024
2022-07-09T13:23:04Z,saccharina_latissima,526,0.024349999999999986
2022-07-09T13:23:04Z,saccharina_latissima,528,0.024556249999999995
2022-07-09T13:23:04Z,saccharina_latissima,530,0.024940000000000007
2022-07-09T13:23:04Z,saccharina_latissima,532,0.025325000000000004
2022-07-09T13:23:04Z,saccharina_latissima,534,0.0256
2022-07-09T13:23:04Z,saccharina_latissima,536,0.0259625
2022-07-09T13:23:04Z,saccharina_latissima,538,0.026268749999999993
2022-07-09T13:23:04Z,saccharina_latissima,540,0.02665999999999999
2022-07-09T13:23:04Z,saccharina_latissima,542,0.02705333333333335
2022-07-09T13:23:04Z,saccharina_latissima,544,0.02757500000000001
2022-07-09T13:23:04Z,saccharina_latissima,546,0.028075
2022-07-09T13:23:04Z,saccharina_latissima,548,0.0287
2022-07-09T13:23:04Z,saccharina_latissima,550,0.02932499999999999
2022-07-09T13:23:04Z,saccharina_latissima,552,0.030073333333333313
2022-07-09T13:23:04Z,saccharina_latissima,554,0.030887500000000012
2022-07-09T13:23:04Z,saccharina_latissima,556,0.03178750000000002
2022-07-09T13:23:04Z,saccharina_latissima,558,0.03272000000000001
2022-07-09T13:23:04Z,saccharina_latissima,560,0.03375
2022-07-09T13:23:04Z,saccharina_latissima,562,0.0349
2022-07-09T13:23:04Z,saccharina_latissima,564,0.035939999999999986
2022-07-09T13:23:04Z,saccharina_latissima,566,0.036993749999999985
2022-07-09T13:23:04Z,saccharina_latissima,568,0.037906666666666644
2022-07-09T13:23:04Z,saccharina_latissima,570,0.03876666666666668
2022-07-09T13:23:04Z,saccharina_latissima,572,0.03937500000000001
2022-07-09T13:23:04Z,saccharina_latissima,574,0.03996666666666667
2022-07-09T13:23:04Z,saccharina_latissima,576,0.0403
2022-07-09T13:23:04Z,saccharina_latissima,578,0.04043125
2022-07-09T13:23:04Z,saccharina_latissima,580,0.0405
2022-07-09T13:23:04Z,saccharina_latissima,582,0.040412500000000004
2022-07-09T13:23:04Z,saccharina_latissima,584,0.0404
2022-07-09T13:23:04Z,saccharina_latissima,586,0.04035
2022-07-09T13:23:04Z,saccharina_latissima,588,0.04046000000000001
2022-07-09T13:23:04Z,saccharina_latissima,590,0.04062
2022-07-09T13:23:04Z,saccharina_latissima,592,0.04105
2022-07-09T13:23:04Z,saccharina_latissima,594,0.0417
2022-07-09T13:23:04Z,saccharina_latissima,596,0.0424
2022-07-09T13:23:04Z,saccharina_latissima,598,0.04310666666666666
2022-07-09T13:23:04Z,saccharina_latissima,600,0.043568749999999996
2022-07-09T13:23:04Z,saccharina_latissima,602,0.04378666666666666
2022-07-09T13:23:04Z,saccharina_latissima,604,0.04352500000000001
2022-07-09T13:23:04Z,saccharina_latissima,606,0.042919999999999986
2022-07-09T13:23:04Z,saccharina_latissima,608,0.04187999999999997
2022-07-09T13:23:04Z,saccharina_latissima,610,0.04073333333333332
2022-07-09T13:23:04Z,saccharina_latissima,612,0.039399999999999984
2022-07-09T13:23:04Z,saccharina_latissima,614,0.03818125
2022-07-09T13:23:04Z,saccharina_latissima,616,0.037000000000000005
2022-07-09T13:23:04Z,saccharina_latissima,618,0.036066666666666664
2022-07-09T13:23:04Z,saccharina_latissima,620,0.035287500000000006
2022-07-09T13:23:04Z,saccharina_latissima,622,0.034820000000000004
2022-07-09T13:23:04Z,saccharina_latissima,624,0.03442500000000001
2022-07-09T13:23:04Z,saccharina_latissima,626,0.03404000000000001
2022-07-09T13:23:04Z,saccharina_latissima,628,0.033813333333333334
2022-07-09T13:23:04Z,saccharina_latissima,630,0.033462500000000006
2022-07-09T13:23:04Z,saccharina_latissima,632,0.033159999999999995
2022-07-09T13:23:04Z,saccharina_latissima,634,0.032839999999999994
2022-07-09T13:23:04Z,saccharina_latissima,636,0.032799999999999996
2022-07-09T13:23:04Z,saccharina_latissima,638,0.0328875
2022-07-09T13:23:04Z,saccharina_latissima,640,0.03329333333333334
2022-07-09T13:23:04Z,saccharina_latissima,642,0.03393333333333334
2022-07-09T13:23:04Z,saccharina_latissima,644,0.034600000000000006
2022-07-09T13:23:04Z,saccharina_latissima,646,0.0350375
2022-07-09T13:23:04Z,saccharina_latissima,648,0.0351
2022-07-09T13:23:04Z,saccharina_latissima,650,0.03486666666666667
2022-07-09T13:23:04Z,saccharina_latissima,652,0.034133333333333335
2022-07-09T13:23:04Z,saccharina_latissima,654,0.032799999999999996
2022-07-09T13:23:04Z,saccharina_latissima,656,0.031266666666666665
2022-07-09T13:23:04Z,saccharina_latissima,658,0.029200000000000014
2022-07-09T13:23:04Z,saccharina_latissima,660,0.027293333333333357
2022-07-09T13:23:04Z,saccharina_latissima,662,0.025633333333333348
2022-07-09T13:23:04Z,saccharina_latissima,664,0.024360000000000014
2022-07-09T13:23:04Z,saccharina_latissima,666,0.023440000000000006
2022-07-09T13:23:04Z,saccharina_latissima,668,0.022973333333333335
2022-07-09T13:23:04Z,saccharina_latissima,670,0.0229
2022-07-09T13:23:04Z,saccharina_latissima,672,0.02308666666666666
2022-07-09T13:23:04Z,saccharina_latissima,674,0.023406666666666662
2022-07-09T13:23:04Z,saccharina_latissima,676,0.023939999999999996
2022-07-09T13:23:04Z,saccharina_latissima,678,0.02456666666666666
2022-07-09T13:23:04Z,saccharina_latissima,680,0.025286666666666655
2022-07-09T13:23:04Z,saccharina_latissima,682,0.02627999999999999
2022-07-09T13:23:04Z,saccharina_latissima,684,0.027439999999999985
2022-07-09T13:23:04Z,saccharina_latissima,686,0.029306666666666637
2022-07-09T13:23:04Z,saccharina_latissima,688,0.032019999999999965
2022-07-09T13:23:04Z,saccharina_latissima,690,0.03579333333333329
2022-07-09T13:23:04Z,saccharina_latissima,692,0.04117999999999993
2022-07-09T13:23:04Z,saccharina_latissima,694,0.04811999999999991
2022-07-09T13:23:04Z,saccharina_latissima,696,0.056373333333333234
2022-07-09T13:23:04Z,saccharina_latissima,698,0.06577333333333321
2022-07-09T13:23:04Z,saccharina_latissima,700,0.07587999999999988
2022-07-09T13:23:04Z,saccharina_latissima,702,0.08627999999999988
2022-07-09T13:23:04Z,saccharina_latissima,704,0.09666666666666666
2022-07-09T13:23:04Z,saccharina_latissima,706,0.10573333333333333
2022-07-09T13:23:04Z,saccharina_latissima,708,0.11380000000000001
2022-07-09T13:23:04Z,saccharina_latissima,710,0.12063333333333333
2022-07-09T13:23:04Z,saccharina_latissima,712,0.1265
2022-07-09T13:23:04Z,saccharina_latissima,714,0.13148000000000004
2022-07-09T13:23:04Z,saccharina_latissima,716,0.13504000000000005
2022-07-09T13:23:04Z,saccharina_latissima,718,0.1387266666666667
2022-07-09T13:23:04Z,saccharina_latissima,720,0.1424071428571429
2022-07-09T13:23:04Z,saccharina_latissima,722,0.14431333333333338
2022-07-09T13:23:04Z,saccharina_latissima,724,0.14586000000000005
2022-07-09T13:23:04Z,saccharina_latissima,726,0.1474571428571429
2022-07-09T13:23:04Z,saccharina_latissima,728,0.1489333333333333
2022-07-09T13:23:04Z,saccharina_latissima,730,0.15017999999999995
2022-07-09T13:23:04Z,saccharina_latissima,732,0.15096428571428572
2022-07-09T13:23:04Z,saccharina_latissima,734,0.15138
2022-07-09T13:23:04Z,saccharina_latissima,736,0.15187333333333333
2022-07-09T13:23:04Z,saccharina_latissima,738,0.15233333333333332
2022-07-09T13:23:04Z,saccharina_latissima,740,0.1528
2022-07-09T13:23:04Z,saccharina_latissima,742,0.15310000000000001
2022-07-09T13:23:04Z,saccharina_latissima,744,0.15324
2022-07-09T13:23:04Z,saccharina_latissima,746,0.1533
2022-07-09T13:23:04Z,saccharina_latissima,748,0.15328666666666665
2022-07-09T13:23:04Z,saccharina_latissima,750,0.15325
2022-07-09T13:23:04Z,saccharina_latissima,752,0.1533
2022-07-09T13:23:04Z,saccharina_latissima,754,0.15307857142857145
2022-07-09T13:23:04Z,saccharina_latissima,756,0.1527
2022-07-09T13:23:04Z,saccharina_latissima,758,0.15130000000000002
2022-07-09T13:23:04Z,saccharina_latissima,760,0.15315
2022-07-09T13:23:04Z,saccharina_latissima,762,0.15582000000000001
2022-07-09T13:23:04Z,saccharina_latissima,764,0.15598666666666663
2022-07-09T13:23:04Z,saccharina_latissima,766,0.15380666666666662
2022-07-09T13:23:04Z,saccharina_latissima,768,0.1518714285714286
2022-07-09T13:23:04Z,saccharina_latissima,770,0.15095714285714285
2022-07-09T13:23:04Z,saccharina_latissima,772,0.15073571428571428
2022-07-09T13:23:04Z,saccharina_latissima,774,0.1507
2022-07-09T13:23:04Z,saccharina_latissima,776,0.15066000000000002
2022-07-09T13:23:04Z,saccharina_latissima,778,0.15052142857142856
2022-07-09T13:23:04Z,saccharina_latissima,780,0.15038571428571426
2022-07-09T13:23:04Z,saccharina_latissima,782,0.1503
2022-07-09T13:23:04Z,saccharina_latissima,784,0.15011428571428573
2022-07-09T13:23:04Z,saccharina_latissima,786,0.14993333333333334
2022-07-09T13:23:04Z,saccharina_latissima,788,0.14972857142857143
2022-07-09T13:23:04Z,saccharina_latissima,790,0.14968666666666666
2022-07-09T13:23:04Z,saccharina_latissima,792,0.1496
2022-07-09T13:23:04Z,saccharina_latissima,794,0.14941428571428572
2022-07-09T13:23:04Z,saccharina_latissima,796,0.14927142857142855
2022-07-09T13:23:04Z,saccharina_latissima,798,0.14912857142857144
2022-07-09T13:23:04Z,saccharina_latissima,800,0.14899285714285715
2022-07-09T13:24:57Z,saccharina_latissima,340,0.044199999999999996
2022-07-09T13:24:57Z,saccharina_latissima,342,0.0442875
2022-07-09T13:24:57Z,saccharina_latissima,344,0.04416470588235294
2022-07-09T13:24:57Z,saccharina_latissima,346,0.04415625
2022-07-09T13:24:57Z,saccharina_latissima,348,0.04427647058823529
2022-07-09T13:24:57Z,saccharina_latissima,350,0.044500000000000005
2022-07-09T13:24:57Z,saccharina_latissima,352,0.04454705882352941
2022-07-09T13:24:57Z,saccharina_latissima,354,0.04474375
2022-07-09T13:24:57Z,saccharina_latissima,356,0.0446625
2022-07-09T13:24:57Z,saccharina_latissima,358,0.04442352941176471
2022-07-09T13:24:57Z,saccharina_latissima,360,0.044199999999999996
2022-07-09T13:24:57Z,saccharina_latissima,362,0.04412941176470588
2022-07-09T13:24:57Z,saccharina_latissima,364,0.044000000000000004
2022-07-09T13:24:57Z,saccharina_latissima,366,0.04391875
2022-07-09T13:24:57Z,saccharina_latissima,368,0.043899999999999995
2022-07-09T13:24:57Z,saccharina_latissima,370,0.043875
2022-07-09T13:24:57Z,saccharina_latissima,372,0.0436
2022-07-09T13:24:57Z,saccharina_latissima,374,0.04311764705882353
2022-07-09T13:24:57Z,saccharina_latissima,376,0.04281250000000001
2022-07-09T13:24:57Z,saccharina_latissima,378,0.04281764705882354
2022-07-09T13:24:57Z,saccharina_latissima,380,0.0428625
2022-07-09T13:24:57Z,saccharina_latissima,382,0.042550000000000004
2022-07-09T13:24:57Z,saccharina_latissima,384,0.042137499999999994
2022-07-09T13:24:57Z,saccharina_latissima,386,0.0417
2022-07-09T13:24:57Z,saccharina_latissima,388,0.0417
2022-07-09T13:24:57Z,saccharina_latissima,390,0.0418125
2022-07-09T13:24:57Z,saccharina_latissima,392,0.04165625
2022-07-09T13:24:57Z,saccharina_latissima,394,0.0417
2022-07-09T13:24:57Z,saccharina_latissima,396,0.0408
2022-07-09T13:24:57Z,saccharina_latissima,398,0.0408
2022-07-09T13:24:57Z,saccharina_latissima,400,0.041025000000000006
2022-07-09T13:24:57Z,saccharina_latissima,402,0.041299999999999996
2022-07-09T13:24:57Z,saccharina_latissima,404,0.04127647058823529
2022-07-09T13:24:57Z,saccharina_latissima,406,0.041156250000000005
2022-07-09T13:24:57Z,saccharina_latissima,408,0.04103125
2022-07-09T13:24:57Z,saccharina_latissima,410,0.04090625
2022-07-09T13:24:57Z,saccharina_latissima,412,0.04088125
2022-07-09T13:24:57Z,saccharina_latissima,414,0.04084375
2022-07-09T13:24:57Z,saccharina_latissima,416,0.04083125
2022-07-09T13:24:57Z,saccharina_latissima,418,0.0408
2022-07-09T13:24:57Z,saccharina_latissima,420,0.0408
2022-07-09T13:24:57Z,saccharina_latissima,422,0.0408
2022-07-09T13:24:57Z,saccharina_latissima,424,0.0408
2022-07-09T13:24:57Z,saccharina_latissima,426,0.0408
2022-07-09T13:24:57Z,saccharina_latissima,428,0.0408625
2022-07-09T13:24:57Z,saccharina_latissima,430,0.040562499999999994
2022-07-09T13:24:57Z,saccharina_latissima,432,0.040375
2022-07-09T13:24:57Z,saccharina_latissima,434,0.0403
2022-07-09T13:24:57Z,saccharina_latissima,436,0.0404875
2022-07-09T13:24:57Z,saccharina_latissima,438,0.0404375
2022-07-09T13:24:57Z,saccharina_latissima,440,0.040375
2022-07-09T13:24:57Z,saccharina_latissima,442,0.0403875
2022-07-09T13:24:57Z,saccharina_latissima,444,0.0405125
2022-07-09T13:24:57Z,saccharina_latissima,446,0.0406
2022-07-09T13:24:57Z,saccharina_latissima,448,0.0406
2022-07-09T13:24:57Z,saccharina_latissima,450,0.040775000000000006
2022-07-09T13:24:57Z,saccharina_latissima,452,0.0408125
2022-07-09T13:24:57Z,saccharina_latissima,454,0.0409
2022-07-09T13:24:57Z,saccharina_latissima,456,0.0409
2022-07-09T13:24:57Z,saccharina_latissima,458,0.0409
2022-07-09T13:24:57Z,saccharina_latissima,460,0.0409
2022-07-09T13:24:57Z,saccharina_latissima,462,0.0409375
2022-07-09T13:24:57Z,saccharina_latissima,464,0.0410625
2022-07-09T13:24:57Z,saccharina_latissima,466,0.041100000000000005
2022-07-09T13:24:57Z,saccharina_latissima,468,0.0412
2022-07-09T13:24:57Z,saccharina_latissima,470,0.041243749999999996
2022-07-09T13:24:57Z,saccharina_latissima,472,0.041299999999999996
2022-07-09T13:24:57Z,saccharina_latissima,474,0.0414875
2022-07-09T13:24:57Z,saccharina_latissima,476,0.041618749999999996
2022-07-09T13:24:57Z,saccharina_latissima,478,0.041743749999999996
2022-07-09T13:24:57Z,saccharina_latissima,480,0.04186875
2022-07-09T13:24:57Z,saccharina_latissima,482,0.0421
2022-07-09T13:24:57Z,saccharina_latissima,484,0.042199999999999994
2022-07-09T13:24:57Z,saccharina_latissima,486,0.04214999999999999
2022-07-09T13:24:57Z,saccharina_latissima,488,0.04195
2022-07-09T13:24:57Z,saccharina_latissima,490,0.042
2022-07-09T13:24:57Z,saccharina_latissima,492,0.04203125
2022-07-09T13:24:57Z,saccharina_latissima,494,0.0421
2022-07-09T13:24:57Z,saccharina_latissima,496,0.042181249999999997
2022-07-09T13:24:57Z,saccharina_latissima,498,0.04221249999999999
2022-07-09T13:24:57Z,saccharina_latissima,500,0.042300000000000004
2022-07-09T13:24:57Z,saccharina_latissima,502,0.0423625
2022-07-09T13:24:57Z,saccharina_latissima,504,0.0424
2022-07-09T13:24:57Z,saccharina_latissima,506,0.042537500000000006
2022-07-09T13:24:57Z,saccharina_latissima,508,0.0427875
2022-07-09T13:24:57Z,saccharina_latissima,510,0.04296875
2022-07-09T13:24:57Z,saccharina_latissima,512,0.0433
2022-07-09T13:24:57Z,saccharina_latissima,514,0.043599999999999986
2022-07-09T13:24:57Z,saccharina_latissima,516,0.04400666666666666
2022-07-09T13:24:57Z,saccharina_latissima,518,0.04434375000000001
2022-07-09T13:24:57Z,saccharina_latissima,520,0.044743750000000006
2022-07-09T13:24:57Z,saccharina_latissima,522,0.0456
2022-07-09T13:24:57Z,saccharina_latissima,524,0.0461875
2022-07-09T13:24:57Z,saccharina_latissima,526,0.0463
2022-07-09T13:24:57Z,saccharina_latissima,528,0.04628125
2022-07-09T13:24:57Z,saccharina_latissima,530,0.04624666666666667
2022-07-09T13:24:57Z,saccharina_latissima,532,0.046375
2022-07-09T13:24:57Z,saccharina_latissima,534,0.0464
2022-07-09T13:24:57Z,saccharina_latissima,536,0.0465625
2022-07-09T13:24:57Z,saccharina_latissima,538,0.0468125
2022-07-09T13:24:57Z,saccharina_latissima,540,0.047159999999999994
2022-07-09T13:24:57Z,saccharina_latissima,542,0.04745333333333335
2022-07-09T13:24:57Z,saccharina_latissima,544,0.04797500000000001
2022-07-09T13:24:57Z,saccharina_latissima,546,0.048543750000000004
2022-07-09T13:24:57Z,saccharina_latissima,548,0.0493
2022-07-09T13:24:57Z,saccharina_latissima,550,0.050099999999999985
2022-07-09T13:24:57Z,saccharina_latissima,552,0.051179999999999976
2022-07-09T13:24:57Z,saccharina_latissima,554,0.05233125000000002
2022-07-09T13:24:57Z,saccharina_latissima,556,0.05373750000000003
2022-07-09T13:24:57Z,saccharina_latissima,558,0.05510000000000002
2022-07-09T13:24:57Z,saccharina_latissima,560,0.05645625
2022-07-09T13:24:57Z,saccharina_latissima,562,0.057999999999999996
2022-07-09T13:24:57Z,saccharina_latissima,564,0.05949333333333332
2022-07-09T13:24:57Z,saccharina_latissima,566,0.060806249999999985
2022-07-09T13:24:57Z,saccharina_latissima,568,0.06197999999999997
2022-07-09T13:24:57Z,saccharina_latissima,570,0.06295333333333335
2022-07-09T13:24:57Z,saccharina_latissima,572,0.063475
2022-07-09T13:24:57Z,saccharina_latissima,574,0.06392
2022-07-09T13:24:57Z,saccharina_latissima,576,0.0642
2022-07-09T13:24:57Z,saccharina_latissima,578,0.0645
2022-07-09T13:24:57Z,saccharina_latissima,580,0.0645
2022-07-09T13:24:57Z,saccharina_latissima,582,0.0645
2022-07-09T13:24:57Z,saccharina_latissima,584,0.0645
2022-07-09T13:24:57Z,saccharina_latissima,586,0.06455
2022-07-09T13:24:57Z,saccharina_latissima,588,0.06476000000000001
2022-07-09T13:24:57Z,saccharina_latissima,590,0.06482000000000002
2022-07-09T13:24:57Z,saccharina_latissima,592,0.06532500000000001
2022-07-09T13:24:57Z,saccharina_latissima,594,0.0661
2022-07-09T13:24:57Z,saccharina_latissima,596,0.0669
2022-07-09T13:24:57Z,saccharina_latissima,598,0.06785999999999999
2022-07-09T13:24:57Z,saccharina_latissima,600,0.06852499999999999
2022-07-09T13:24:57Z,saccharina_latissima,602,0.0687
2022-07-09T13:24:57Z,saccharina_latissima,604,0.06840625
2022-07-09T13:24:57Z,saccharina_latissima,606,0.06757999999999997
2022-07-09T13:24:57Z,saccharina_latissima,608,0.06629999999999997
2022-07-09T13:24:57Z,saccharina_latissima,610,0.06482666666666664
2022-07-09T13:24:57Z,saccharina_latissima,612,0.06331999999999997
2022-07-09T13:24:57Z,saccharina_latissima,614,0.06177499999999999
2022-07-09T13:24:57Z,saccharina_latissima,616,0.0604
2022-07-09T13:24:57Z,saccharina_latissima,618,0.059166666666666666
2022-07-09T13:24:57Z,saccharina_latissima,620,0.05838750000000001
2022-07-09T13:24:57Z,saccharina_latissima,622,0.05782666666666668
2022-07-09T13:24:57Z,saccharina_latissima,624,0.05742500000000001
2022-07-09T13:24:57Z,saccharina_latissima,626,0.05709333333333334
2022-07-09T13:24:57Z,saccharina_latissima,628,0.05674000000000001
2022-07-09T13:24:57Z,saccharina_latissima,630,0.05642500000000001
2022-07-09T13:24:57Z,saccharina_latissima,632,0.055959999999999996
2022-07-09T13:24:57Z,saccharina_latissima,634,0.055639999999999995
2022-07-09T13:24:57Z,saccharina_latissima,636,0.055526666666666676
2022-07-09T13:24:57Z,saccharina_latissima,638,0.055831250000000006
2022-07-09T13:24:57Z,saccharina_latissima,640,0.056366666666666676
2022-07-09T13:24:57Z,saccharina_latissima,642,0.05714666666666668
2022-07-09T13:24:57Z,saccharina_latissima,644,0.05812000000000002
2022-07-09T13:24:57Z,saccharina_latissima,646,0.05915000000000001
2022-07-09T13:24:57Z,saccharina_latissima,648,0.059699999999999996
2022-07-09T13:24:57Z,saccharina_latissima,650,0.059166666666666666
2022-07-09T13:24:57Z,saccharina_latissima,652,0.05803333333333333
2022-07-09T13:24:57Z,saccharina_latissima,654,0.0565
2022-07-09T13:24:57Z,saccharina_latissima,656,0.054266666666666664
2022-07-09T13:24:57Z,saccharina_latissima,658,0.05148750000000002
2022-07-09T13:24:57Z,saccharina_latissima,660,0.04902000000000003
2022-07-09T13:24:57Z,saccharina_latissima,662,0.046926666666666686
2022-07-09T13:24:57Z,saccharina_latissima,664,0.045300000000000014
2022-07-09T13:24:57Z,saccharina_latissima,666,0.04415333333333334
2022-07-09T13:24:57Z,saccharina_latissima,668,0.04344666666666667
2022-07-09T13:24:57Z,saccharina_latissima,670,0.04324
2022-07-09T13:24:57Z,saccharina_latissima,672,0.04329333333333333
2022-07-09T13:24:57Z,saccharina_latissima,674,0.043706666666666665
2022-07-09T13:24:57Z,saccharina_latissima,676,0.0443
2022-07-09T13:24:57Z,saccharina_latissima,678,0.044966666666666655
2022-07-09T13:24:57Z,saccharina_latissima,680,0.04591333333333333
2022-07-09T13:24:57Z,saccharina_latissima,682,0.046979999999999994
2022-07-09T13:24:57Z,saccharina_latissima,684,0.04841999999999998
2022-07-09T13:24:57Z,saccharina_latissima,686,0.050886666666666636
2022-07-09T13:24:57Z,saccharina_latissima,688,0.053999999999999965
2022-07-09T13:24:57Z,saccharina_latissima,690,0.05807999999999995
2022-07-09T13:24:57Z,saccharina_latissima,692,0.06416666666666658
2022-07-09T13:24:57Z,saccharina_latissima,694,0.0721599999999999
2022-07-09T13:24:57Z,saccharina_latissima,696,0.081986666666666555
2022-07-09T13:24:57Z,saccharina_latissima,698,0.0932733333333332
2022-07-09T13:24:57Z,saccharina_latissima,700,0.10531999999999986
2022-07-09T13:24:57Z,saccharina_latissima,702,0.11758666666666653
2022-07-09T13:24:57Z,saccharina_latissima,704,0.12976666666666667
2022-07-09T13:24:57Z,saccharina_latissima,706,0.14036666666666667
2022-07-09T13:24:57Z,saccharina_latissima,708,0.14980000000000002
2022-07-09T13:24:57Z,saccharina_latissima,710,0.1577
2022-07-09T13:24:57Z,saccharina_latissima,712,0.16436666666666666
2022-07-09T13:24:57Z,saccharina_latissima,714,0.17022000000000007
2022-07-09T13:24:57Z,saccharina_latissima,716,0.17438000000000003
2022-07-09T13:24:57Z,saccharina_latissima,718,0.17776000000000006
2022-07-09T13:24:57Z,saccharina_latissima,720,0.1810571428571429
2022-07-09T13:24:57Z,saccharina_latissima,722,0.18380000000000005
2022-07-09T13:24:57Z,saccharina_latissima,724,0.18572000000000008
2022-07-09T13:24:57Z,saccharina_latissima,726,0.18724285714285718
2022-07-09T13:24:57Z,saccharina_latissima,728,0.18857999999999994
2022-07-09T13:24:57Z,saccharina_latissima,730,0.1896933333333333
2022-07-09T13:24:57Z,saccharina_latissima,732,0.19060714285714284
2022-07-09T13:24:57Z,saccharina_latissima,734,0.19124
2022-07-09T13:24:57Z,saccharina_latissima,736,0.19177333333333332
2022-07-09T13:24:57Z,saccharina_latissima,738,0.19206666666666666
2022-07-09T13:24:57Z,saccharina_latissima,740,0.19226666666666667
2022-07-09T13:24:57Z,saccharina_latissima,742,0.1925
2022-07-09T13:24:57Z,saccharina_latissima,744,0.1925
2022-07-09T13:24:57Z,saccharina_latissima,746,0.1925
2022-07-09T13:24:57Z,saccharina_latissima,748,0.1923733333333333
2022-07-09T13:24:57Z,saccharina_latissima,750,0.19219999999999998
2022-07-09T13:24:57Z,saccharina_latissima,752,0.19202666666666668
2022-07-09T13:24:57Z,saccharina_latissima,754,0.1918357142857143
2022-07-09T13:24:57Z,saccharina_latissima,756,0.19148
2022-07-09T13:24:57Z,saccharina_latissima,758,0.19149999999999998
2022-07-09T13:24:57Z,saccharina_latissima,760,0.19092857142857142
2022-07-09T13:24:57Z,saccharina_latissima,762,0.19036
2022-07-09T13:24:57Z,saccharina_latissima,764,0.19041333333333332
2022-07-09T13:24:57Z,saccharina_latissima,766,0.1905
2022-07-09T13:24:57Z,saccharina_latissima,768,0.19032857142857146
2022-07-09T13:24:57Z,saccharina_latissima,770,0.1898142857142857
2022-07-09T13:24:57Z,saccharina_latissima,772,0.18924285714285713
2022-07-09T13:24:57Z,saccharina_latissima,774,0.1888
2022-07-09T13:24:57Z,saccharina_latissima,776,0.18842
2022-07-09T13:24:57Z,saccharina_latissima,778,0.18822142857142857
2022-07-09T13:24:57Z,saccharina_latissima,780,0.18798571428571428
2022-07-09T13:24:57Z,saccharina_latissima,782,0.18779333333333334
2022-07-09T13:24:57Z,saccharina_latissima,784,0.18760714285714286
2022-07-09T13:24:57Z,saccharina_latissima,786,0.18743333333333334
2022-07-09T13:24:57Z,saccharina_latissima,788,0.1872285714285714
2022-07-09T13:24:57Z,saccharina_latissima,790,0.18698666666666666
2022-07-09T13:24:57Z,saccharina_latissima,792,0.18685000000000002
2022-07-09T13:24:57Z,saccharina_latissima,794,0.18670714285714285
2022-07-09T13:24:57Z,saccharina_latissima,796,0.1866
2022-07-09T13:24:57Z,saccharina_latissima,798,0.1866
2022-07-09T13:24:57Z,saccharina_latissima,800,0.18639285714285714
2022-07-09T13:25:50Z,saccharina_latissima,340,0.02733529411764706
2022-07-09T13:25:50Z,saccharina_latissima,342,0.0270875
2022-07-09T13:25:50Z,saccharina_latissima,344,0.026894117647058825
2022-07-09T13:25:50Z,saccharina_latissima,346,0.0265875
2022-07-09T13:25:50Z,saccharina_latissima,348,0.0265
2022-07-09T13:25:50Z,saccharina_latissima,350,0.0262
2022-07-09T13:25:50Z,saccharina_latissima,352,0.025829411764705885
2022-07-09T13:25:50Z,saccharina_latissima,354,0.02546875
2022-07-09T13:25:50Z,saccharina_latissima,356,0.02550625
2022-07-09T13:25:50Z,saccharina_latissima,358,0.025423529411764702
2022-07-09T13:25:50Z,saccharina_latissima,360,0.024687500000000005
2022-07-09T13:25:50Z,saccharina_latissima,362,0.024494117647058822
2022-07-09T13:25:50Z,saccharina_latissima,364,0.024075000000000003
2022-07-09T13:25:50Z,saccharina_latissima,366,0.02365625
2022-07-09T13:25:50Z,saccharina_latissima,368,0.0236
2022-07-09T13:25:50Z,saccharina_latissima,370,0.023275
2022-07-09T13:25:50Z,saccharina_latissima,372,0.02325
2022-07-09T13:25:50Z,saccharina_latissima,374,0.02308823529411765
2022-07-09T13:25:50Z,saccharina_latissima,376,0.02234375000000001
2022-07-09T13:25:50Z,saccharina_latissima,378,0.02181764705882353
2022-07-09T13:25:50Z,saccharina_latissima,380,0.021975
2022-07-09T13:25:50Z,saccharina_latissima,382,0.022349999999999995
2022-07-09T13:25:50Z,saccharina_latissima,384,0.0220625
2022-07-09T13:25:50Z,saccharina_latissima,386,0.0213
2022-07-09T13:25:50Z,saccharina_latissima,388,0.021175
2022-07-09T13:25:50Z,saccharina_latissima,390,0.02073125
2022-07-09T13:25:50Z,saccharina_latissima,392,0.021168749999999997
2022-07-09T13:25:50Z,saccharina_latissima,394,0.0216
2022-07-09T13:25:50Z,saccharina_latissima,396,0.020724999999999997
2022-07-09T13:25:50Z,saccharina_latissima,398,0.0203
2022-07-09T13:25:50Z,saccharina_latissima,400,0.019649999999999997
2022-07-09T13:25:50Z,saccharina_latissima,402,0.019799999999999998
2022-07-09T13:25:50Z,saccharina_latissima,404,0.0199
2022-07-09T13:25:50Z,saccharina_latissima,406,0.01985625
2022-07-09T13:25:50Z,saccharina_latissima,408,0.019593749999999997
2022-07-09T13:25:50Z,saccharina_latissima,410,0.0195
2022-07-09T13:25:50Z,saccharina_latissima,412,0.0192625
2022-07-09T13:25:50Z,saccharina_latissima,414,0.0191
2022-07-09T13:25:50Z,saccharina_latissima,416,0.0191
2022-07-09T13:25:50Z,saccharina_latissima,418,0.0191
2022-07-09T13:25:50Z,saccharina_latissima,420,0.0189875
2022-07-09T13:25:50Z,saccharina_latissima,422,0.0189
2022-07-09T13:25:50Z,saccharina_latissima,424,0.0189
2022-07-09T13:25:50Z,saccharina_latissima,426,0.018812499999999996
2022-07-09T13:25:50Z,saccharina_latissima,428,0.0189375
2022-07-09T13:25:50Z,saccharina_latissima,430,0.0191625
2022-07-09T13:25:50Z,saccharina_latissima,432,0.018600000000000005
2022-07-09T13:25:50Z,saccharina_latissima,434,0.0183
2022-07-09T13:25:50Z,saccharina_latissima,436,0.0183125
2022-07-09T13:25:50Z,saccharina_latissima,438,0.018512500000000005
2022-07-09T13:25:50Z,saccharina_latissima,440,0.018575000000000005
2022-07-09T13:25:50Z,saccharina_latissima,442,0.018325
2022-07-09T13:25:50Z,saccharina_latissima,444,0.018425
2022-07-09T13:25:50Z,saccharina_latissima,446,0.0186375
2022-07-09T13:25:50Z,saccharina_latissima,448,0.0186375
2022-07-09T13:25:50Z,saccharina_latissima,450,0.018600000000000002
2022-07-09T13:25:50Z,saccharina_latissima,452,0.0187375
2022-07-09T13:25:50Z,saccharina_latissima,454,0.0189625
2022-07-09T13:25:50Z,saccharina_latissima,456,0.0188375
2022-07-09T13:25:50Z,saccharina_latissima,458,0.0188875
2022-07-09T13:25:50Z,saccharina_latissima,460,0.0189875
2022-07-09T13:25:50Z,saccharina_latissima,462,0.0189
2022-07-09T13:25:50Z,saccharina_latissima,464,0.019024999999999997
2022-07-09T13:25:50Z,saccharina_latissima,466,0.0191875
2022-07-09T13:25:50Z,saccharina_latissima,468,0.0192
2022-07-09T13:25:50Z,saccharina_latissima,470,0.019243749999999997
2022-07-09T13:25:50Z,saccharina_latissima,472,0.019299999999999998
2022-07-09T13:25:50Z,saccharina_latissima,474,0.019393749999999998
2022-07-09T13:25:50Z,saccharina_latissima,476,0.01951875
2022-07-09T13:25:50Z,saccharina_latissima,478,0.019643749999999998
2022-07-09T13:25:50Z,saccharina_latissima,480,0.0197
2022-07-09T13:25:50Z,saccharina_latissima,482,0.019799999999999998
2022-07-09T13:25:50Z,saccharina_latissima,484,0.020074999999999996
2022-07-09T13:25:50Z,saccharina_latissima,486,0.02045
2022-07-09T13:25:50Z,saccharina_latissima,488,0.020224999999999993
2022-07-09T13:25:50Z,saccharina_latissima,490,0.019799999999999998
2022-07-09T13:25:50Z,saccharina_latissima,492,0.0200625
2022-07-09T13:25:50Z,saccharina_latissima,494,0.02014375
2022-07-09T13:25:50Z,saccharina_latissima,496,0.020099999999999996
2022-07-09T13:25:50Z,saccharina_latissima,498,0.020312499999999997
2022-07-09T13:25:50Z,saccharina_latissima,500,0.020475000000000004
2022-07-09T13:25:50Z,saccharina_latissima,502,0.0206
2022-07-09T13:25:50Z,saccharina_latissima,504,0.0206
2022-07-09T13:25:50Z,saccharina_latissima,506,0.0206375
2022-07-09T13:25:50Z,saccharina_latissima,508,0.0208875
2022-07-09T13:25:50Z,saccharina_latissima,510,0.02106875
2022-07-09T13:25:50Z,saccharina_latissima,512,0.0213
2022-07-09T13:25:50Z,saccharina_latissima,514,0.021649999999999996
2022-07-09T13:25:50Z,saccharina_latissima,516,0.02195999999999999
2022-07-09T13:25:50Z,saccharina_latissima,518,0.022262500000000005
2022-07-09T13:25:50Z,saccharina_latissima,520,0.022099999999999998
2022-07-09T13:25:50Z,saccharina_latissima,522,0.0222
2022-07-09T13:25:50Z,saccharina_latissima,524,0.022525
2022-07-09T13:25:50Z,saccharina_latissima,526,0.023037499999999985
2022-07-09T13:25:50Z,saccharina_latissima,528,0.02338125
2022-07-09T13:25:50Z,saccharina_latissima,530,0.02334666666666667
2022-07-09T13:25:50Z,saccharina_latissima,532,0.023775000000000008
2022-07-09T13:25:50Z,saccharina_latissima,534,0.0242
2022-07-09T13:25:50Z,saccharina_latissima,536,0.024493749999999998
2022-07-09T13:25:50Z,saccharina_latissima,538,0.024924999999999992
2022-07-09T13:25:50Z,saccharina_latissima,540,0.025446666666666652
2022-07-09T13:25:50Z,saccharina_latissima,542,0.02592666666666667
2022-07-09T13:25:50Z,saccharina_latissima,544,0.026275000000000007
2022-07-09T13:25:50Z,saccharina_latissima,546,0.026775
2022-07-09T13:25:50Z,saccharina_latissima,548,0.0275
2022-07-09T13:25:50Z,saccharina_latissima,550,0.028149999999999988
2022-07-09T13:25:50Z,saccharina_latissima,552,0.02891999999999998
2022-07-09T13:25:50Z,saccharina_latissima,554,0.029768750000000014
2022-07-09T13:25:50Z,saccharina_latissima,556,0.030712500000000025
2022-07-09T13:25:50Z,saccharina_latissima,558,0.03186000000000001
2022-07-09T13:25:50Z,saccharina_latissima,560,0.03295000000000001
2022-07-09T13:25:50Z,saccharina_latissima,562,0.034
2022-07-09T13:25:50Z,saccharina_latissima,564,0.03503999999999998
2022-07-09T13:25:50Z,saccharina_latissima,566,0.03614999999999998
2022-07-09T13:25:50Z,saccharina_latissima,568,0.03710666666666665
2022-07-09T13:25:50Z,saccharina_latissima,570,0.03798000000000002
2022-07-09T13:25:50Z,saccharina_latissima,572,0.03867500000000001
2022-07-09T13:25:50Z,saccharina_latissima,574,0.03912
2022-07-09T13:25:50Z,saccharina_latissima,576,0.039599999999999996
2022-07-09T13:25:50Z,saccharina_latissima,578,0.039831250000000006
2022-07-09T13:25:50Z,saccharina_latissima,580,0.039900000000000005
2022-07-09T13:25:50Z,saccharina_latissima,582,0.039725
2022-07-09T13:25:50Z,saccharina_latissima,584,0.0397
2022-07-09T13:25:50Z,saccharina_latissima,586,0.0398
2022-07-09T13:25:50Z,saccharina_latissima,588,0.040060000000000005
2022-07-09T13:25:50Z,saccharina_latissima,590,0.04050666666666667
2022-07-09T13:25:50Z,saccharina_latissima,592,0.0406375
2022-07-09T13:25:50Z,saccharina_latissima,594,0.04103333333333333
2022-07-09T13:25:50Z,saccharina_latissima,596,0.0418
2022-07-09T13:25:50Z,saccharina_latissima,598,0.04243333333333333
2022-07-09T13:25:50Z,saccharina_latissima,600,0.043024999999999994
2022-07-09T13:25:50Z,saccharina_latissima,602,0.04328666666666666
2022-07-09T13:25:50Z,saccharina_latissima,604,0.04290625000000001
2022-07-09T13:25:50Z,saccharina_latissima,606,0.04221999999999999
2022-07-09T13:25:50Z,saccharina_latissima,608,0.04125999999999998
2022-07-09T13:25:50Z,saccharina_latissima,610,0.04023333333333332
2022-07-09T13:25:50Z,saccharina_latissima,612,0.03889999999999998
2022-07-09T13:25:50Z,saccharina_latissima,614,0.03768125
2022-07-09T13:25:50Z,saccharina_latissima,616,0.0365
2022-07-09T13:25:50Z,saccharina_latissima,618,0.03553333333333333
2022-07-09T13:25:50Z,saccharina_latissima,620,0.03462500000000001
2022-07-09T13:25:50Z,saccharina_latissima,622,0.034120000000000004
2022-07-09T13:25:50Z,saccharina_latissima,624,0.033850000000000005
2022-07-09T13:25:50Z,saccharina_latissima,626,0.03359333333333334
2022-07-09T13:25:50Z,saccharina_latissima,628,0.03324000000000001
2022-07-09T13:25:50Z,saccharina_latissima,630,0.03294375000000001
2022-07-09T13:25:50Z,saccharina_latissima,632,0.03260666666666666
2022-07-09T13:25:50Z,saccharina_latissima,634,0.03225999999999999
2022-07-09T13:25:50Z,saccharina_latissima,636,0.032113333333333334
2022-07-09T13:25:50Z,saccharina_latissima,638,0.032287500000000004
2022-07-09T13:25:50Z,saccharina_latissima,640,0.03276666666666667
2022-07-09T13:25:50Z,saccharina_latissima,642,0.03343333333333334
2022-07-09T13:25:50Z,saccharina_latissima,644,0.03406000000000001
2022-07-09T13:25:50Z,saccharina_latissima,646,0.03464375
2022-07-09T13:25:50Z,saccharina_latissima,648,0.035
2022-07-09T13:25:50Z,saccharina_latissima,650,0.03473333333333333
2022-07-09T13:25:50Z,saccharina_latissima,652,0.033800000000000004
2022-07-09T13:25:50Z,saccharina_latissima,654,0.032400000000000005
2022-07-09T13:25:50Z,saccharina_latissima,656,0.031066666666666666
2022-07-09T13:25:50Z,saccharina_latissima,658,0.028950000000000017
2022-07-09T13:25:50Z,saccharina_latissima,660,0.026333333333333365
2022-07-09T13:25:50Z,saccharina_latissima,662,0.024506666666666684
2022-07-09T13:25:50Z,saccharina_latissima,664,0.02322000000000001
2022-07-09T13:25:50Z,saccharina_latissima,666,0.022433333333333343
2022-07-09T13:25:50Z,saccharina_latissima,668,0.021920000000000005
2022-07-09T13:25:50Z,saccharina_latissima,670,0.0217
2022-07-09T13:25:50Z,saccharina_latissima,672,0.021886666666666662
2022-07-09T13:25:50Z,saccharina_latissima,674,0.022279999999999994
2022-07-09T13:25:50Z,saccharina_latissima,676,0.02279999999999999
2022-07-09T13:25:50Z,saccharina_latissima,678,0.02346666666666666
2022-07-09T13:25:50Z,saccharina_latissima,680,0.024259999999999993
2022-07-09T13:25:50Z,saccharina_latissima,682,0.025179999999999987
2022-07-09T13:25:50Z,saccharina_latissima,684,0.026339999999999985
2022-07-09T13:25:50Z,saccharina_latissima,686,0.028466666666666626
2022-07-09T13:25:50Z,saccharina_latissima,688,0.031679999999999965
2022-07-09T13:25:50Z,saccharina_latissima,690,0.034746666666666634
2022-07-09T13:25:50Z,saccharina_latissima,692,0.03939999999999993
2022-07-09T13:25:50Z,saccharina_latissima,694,0.045999999999999916
2022-07-09T13:25:50Z,saccharina_latissima,696,0.053799999999999903
2022-07-09T13:25:50Z,saccharina_latissima,698,0.06228666666666656
2022-07-09T13:25:50Z,saccharina_latissima,700,0.0713999999999999
2022-07-09T13:25:50Z,saccharina_latissima,702,0.08054666666666657
2022-07-09T13:25:50Z,saccharina_latissima,704,0.08923333333333333
2022-07-09T13:25:50Z,saccharina_latissima,706,0.09676666666666667
2022-07-09T13:25:50Z,saccharina_latissima,708,0.1035
2022-07-09T13:25:50Z,saccharina_latissima,710,0.10903333333333333
2022-07-09T13:25:50Z,saccharina_latissima,712,0.11376666666666667
2022-07-09T13:25:50Z,saccharina_latissima,714,0.11786000000000003
2022-07-09T13:25:50Z,saccharina_latissima,716,0.12118000000000004
2022-07-09T13:25:50Z,saccharina_latissima,718,0.12485333333333339
2022-07-09T13:25:50Z,saccharina_latissima,720,0.1272
2022-07-09T13:25:50Z,saccharina_latissima,722,0.12748
2022-07-09T13:25:50Z,saccharina_latissima,724,0.12900000000000003
2022-07-09T13:25:50Z,saccharina_latissima,726,0.1303
2022-07-09T13:25:50Z,saccharina_latissima,728,0.13121999999999998
2022-07-09T13:25:50Z,saccharina_latissima,730,0.13193333333333332
2022-07-09T13:25:50Z,saccharina_latissima,732,0.13217857142857145
2022-07-09T13:25:50Z,saccharina_latissima,734,0.13227999999999998
2022-07-09T13:25:50Z,saccharina_latissima,736,0.13286666666666666
2022-07-09T13:25:50Z,saccharina_latissima,738,0.1333
2022-07-09T13:25:50Z,saccharina_latissima,740,0.13363333333333333
2022-07-09T13:25:50Z,saccharina_latissima,742,0.1338
2022-07-09T13:25:50Z,saccharina_latissima,744,0.13369999999999999
2022-07-09T13:25:50Z,saccharina_latissima,746,0.13377857142857144
2022-07-09T13:25:50Z,saccharina_latissima,748,0.13378666666666666
2022-07-09T13:25:50Z,saccharina_latissima,750,0.13374999999999998
2022-07-09T13:25:50Z,saccharina_latissima,752,0.13371333333333332
2022-07-09T13:25:50Z,saccharina_latissima,754,0.13345714285714286
2022-07-09T13:25:50Z,saccharina_latissima,756,0.13312000000000002
2022-07-09T13:25:50Z,saccharina_latissima,758,0.1329
2022-07-09T13:25:50Z,saccharina_latissima,760,0.13747142857142858
2022-07-09T13:25:50Z,saccharina_latissima,762,0.13875999999999997
2022-07-09T13:25:50Z,saccharina_latissima,764,0.1344999999999999
2022-07-09T13:25:50Z,saccharina_latissima,766,0.13101333333333326
2022-07-09T13:25:50Z,saccharina_latissima,768,0.1294857142857143
2022-07-09T13:25:50Z,saccharina_latissima,770,0.12980714285714284
2022-07-09T13:25:50Z,saccharina_latissima,772,0.13039285714285714
2022-07-09T13:25:50Z,saccharina_latissima,774,0.1307
2022-07-09T13:25:50Z,saccharina_latissima,776,0.13076000000000002
2022-07-09T13:25:50Z,saccharina_latissima,778,0.1307
2022-07-09T13:25:50Z,saccharina_latissima,780,0.13058571428571428
2022-07-09T13:25:50Z,saccharina_latissima,782,0.13044666666666666
2022-07-09T13:25:50Z,saccharina_latissima,784,0.13030714285714284
2022-07-09T13:25:50Z,saccharina_latissima,786,0.13016666666666665
2022-07-09T13:25:50Z,saccharina_latissima,788,0.1301
2022-07-09T13:25:50Z,saccharina_latissima,790,0.12998666666666667
2022-07-09T13:25:50Z,saccharina_latissima,792,0.12985000000000002
2022-07-09T13:25:50Z,saccharina_latissima,794,0.12970714285714285
2022-07-09T13:25:50Z,saccharina_latissima,796,0.12947142857142857
2022-07-09T13:25:50Z,saccharina_latissima,798,0.12925714285714285
2022-07-09T13:25:50Z,saccharina_latissima,800,0.12929285714285715
2022-07-09T13:27:37Z,saccharina_latissima,340,0.031558823529411764
2022-07-09T13:27:37Z,saccharina_latissima,342,0.0314125
2022-07-09T13:27:37Z,saccharina_latissima,344,0.03146470588235294
2022-07-09T13:27:37Z,saccharina_latissima,346,0.031231250000000002
2022-07-09T13:27:37Z,saccharina_latissima,348,0.0311
2022-07-09T13:27:37Z,saccharina_latissima,350,0.030899999999999997
2022-07-09T13:27:37Z,saccharina_latissima,352,0.030705882352941184
2022-07-09T13:27:37Z,saccharina_latissima,354,0.030137499999999998
2022-07-09T13:27:37Z,saccharina_latissima,356,0.0299375
2022-07-09T13:27:37Z,saccharina_latissima,358,0.03044117647058824
2022-07-09T13:27:37Z,saccharina_latissima,360,0.029862500000000004
2022-07-09T13:27:37Z,saccharina_latissima,362,0.0296
2022-07-09T13:27:37Z,saccharina_latissima,364,0.029375000000000002
2022-07-09T13:27:37Z,saccharina_latissima,366,0.028793750000000003
2022-07-09T13:27:37Z,saccharina_latissima,368,0.0285
2022-07-09T13:27:37Z,saccharina_latissima,370,0.028100000000000003
2022-07-09T13:27:37Z,saccharina_latissima,372,0.027899999999999998
2022-07-09T13:27:37Z,saccharina_latissima,374,0.028352941176470588
2022-07-09T13:27:37Z,saccharina_latissima,376,0.028125000000000004
2022-07-09T13:27:37Z,saccharina_latissima,378,0.02722941176470588
2022-07-09T13:27:37Z,saccharina_latissima,380,0.026824999999999998
2022-07-09T13:27:37Z,saccharina_latissima,382,0.02719999999999999
2022-07-09T13:27:37Z,saccharina_latissima,384,0.0277625
2022-07-09T13:27:37Z,saccharina_latissima,386,0.027376470588235297
2022-07-09T13:27:37Z,saccharina_latissima,388,0.027168750000000002
2022-07-09T13:27:37Z,saccharina_latissima,390,0.02665
2022-07-09T13:27:37Z,saccharina_latissima,392,0.02638125
2022-07-09T13:27:37Z,saccharina_latissima,394,0.0274
2022-07-09T13:27:37Z,saccharina_latissima,396,0.027374999999999997
2022-07-09T13:27:37Z,saccharina_latissima,398,0.027200000000000002
2022-07-09T13:27:37Z,saccharina_latissima,400,0.026274999999999993
2022-07-09T13:27:37Z,saccharina_latissima,402,0.025699999999999997
2022-07-09T13:27:37Z,saccharina_latissima,404,0.025623529411764705
2022-07-09T13:27:37Z,saccharina_latissima,406,0.02574375
2022-07-09T13:27:37Z,saccharina_latissima,408,0.0256625
2022-07-09T13:27:37Z,saccharina_latissima,410,0.02550625
2022-07-09T13:27:37Z,saccharina_latissima,412,0.0253625
2022-07-09T13:27:37Z,saccharina_latissima,414,0.025156249999999998
2022-07-09T13:27:37Z,saccharina_latissima,416,0.025031249999999998
2022-07-09T13:27:37Z,saccharina_latissima,418,0.025
2022-07-09T13:27:37Z,saccharina_latissima,420,0.024975
2022-07-09T13:27:37Z,saccharina_latissima,422,0.0247625
2022-07-09T13:27:37Z,saccharina_latissima,424,0.024700000000000003
2022-07-09T13:27:37Z,saccharina_latissima,426,0.0246125
2022-07-09T13:27:37Z,saccharina_latissima,428,0.024425
2022-07-09T13:27:37Z,saccharina_latissima,430,0.024787500000000004
2022-07-09T13:27:37Z,saccharina_latissima,432,0.024850000000000004
2022-07-09T13:27:37Z,saccharina_latissima,434,0.024437499999999997
2022-07-09T13:27:37Z,saccharina_latissima,436,0.024075000000000003
2022-07-09T13:27:37Z,saccharina_latissima,438,0.024012500000000003
2022-07-09T13:27:37Z,saccharina_latissima,440,0.0242625
2022-07-09T13:27:37Z,saccharina_latissima,442,0.024125
2022-07-09T13:27:37Z,saccharina_latissima,444,0.0239125
2022-07-09T13:27:37Z,saccharina_latissima,446,0.0240375
2022-07-09T13:27:37Z,saccharina_latissima,448,0.0241
2022-07-09T13:27:37Z,saccharina_latissima,450,0.0240125
2022-07-09T13:27:37Z,saccharina_latissima,452,0.0239125
2022-07-09T13:27:37Z,saccharina_latissima,454,0.024075000000000003
2022-07-09T13:27:37Z,saccharina_latissima,456,0.0241375
2022-07-09T13:27:37Z,saccharina_latissima,458,0.0240125
2022-07-09T13:27:37Z,saccharina_latissima,460,0.0241
2022-07-09T13:27:37Z,saccharina_latissima,462,0.0240625
2022-07-09T13:27:37Z,saccharina_latissima,464,0.024
2022-07-09T13:27:37Z,saccharina_latissima,466,0.0240875
2022-07-09T13:27:37Z,saccharina_latissima,468,0.024213333333333333
2022-07-09T13:27:37Z,saccharina_latissima,470,0.02434375
2022-07-09T13:27:37Z,saccharina_latissima,472,0.024399999999999998
2022-07-09T13:27:37Z,saccharina_latissima,474,0.024399999999999998
2022-07-09T13:27:37Z,saccharina_latissima,476,0.024537500000000004
2022-07-09T13:27:37Z,saccharina_latissima,478,0.024700000000000003
2022-07-09T13:27:37Z,saccharina_latissima,480,0.024700000000000003
2022-07-09T13:27:37Z,saccharina_latissima,482,0.024700000000000003
2022-07-09T13:27:37Z,saccharina_latissima,484,0.02465
2022-07-09T13:27:37Z,saccharina_latissima,486,0.025
2022-07-09T13:27:37Z,saccharina_latissima,488,0.025275000000000002
2022-07-09T13:27:37Z,saccharina_latissima,490,0.025099999999999997
2022-07-09T13:27:37Z,saccharina_latissima,492,0.025031249999999998
2022-07-09T13:27:37Z,saccharina_latissima,494,0.025099999999999997
2022-07-09T13:27:37Z,saccharina_latissima,496,0.025099999999999997
2022-07-09T13:27:37Z,saccharina_latissima,498,0.025112499999999996
2022-07-09T13:27:37Z,saccharina_latissima,500,0.025275000000000002
2022-07-09T13:27:37Z,saccharina_latissima,502,0.025525
2022-07-09T13:27:37Z,saccharina_latissima,504,0.02569333333333333
2022-07-09T13:27:37Z,saccharina_latissima,506,0.02571875
2022-07-09T13:27:37Z,saccharina_latissima,508,0.02584375
2022-07-09T13:27:37Z,saccharina_latissima,510,0.025968750000000002
2022-07-09T13:27:37Z,saccharina_latissima,512,0.026099999999999998
2022-07-09T13:27:37Z,saccharina_latissima,514,0.026225
2022-07-09T13:27:37Z,saccharina_latissima,516,0.02640666666666666
2022-07-09T13:27:37Z,saccharina_latissima,518,0.02682500000000001
2022-07-09T13:27:37Z,saccharina_latissima,520,0.026781249999999996
2022-07-09T13:27:37Z,saccharina_latissima,522,0.026433333333333333
2022-07-09T13:27:37Z,saccharina_latissima,524,0.0263625
2022-07-09T13:27:37Z,saccharina_latissima,526,0.026662499999999992
2022-07-09T13:27:37Z,saccharina_latissima,528,0.027337499999999997
2022-07-09T13:27:37Z,saccharina_latissima,530,0.02754666666666667
2022-07-09T13:27:37Z,saccharina_latissima,532,0.027825000000000006
2022-07-09T13:27:37Z,saccharina_latissima,534,0.028300000000000002
2022-07-09T13:27:37Z,saccharina_latissima,536,0.02869375
2022-07-09T13:27:37Z,saccharina_latissima,538,0.029068749999999994
2022-07-09T13:27:37Z,saccharina_latissima,540,0.029546666666666655
2022-07-09T13:27:37Z,saccharina_latissima,542,0.030253333333333347
2022-07-09T13:27:37Z,saccharina_latissima,544,0.03077500000000001
2022-07-09T13:27:37Z,saccharina_latissima,546,0.031343750000000004
2022-07-09T13:27:37Z,saccharina_latissima,548,0.0321
2022-07-09T13:27:37Z,saccharina_latissima,550,0.03287499999999999
2022-07-09T13:27:37Z,saccharina_latissima,552,0.03377333333333331
2022-07-09T13:27:37Z,saccharina_latissima,554,0.03475000000000002
2022-07-09T13:27:37Z,saccharina_latissima,556,0.03580000000000002
2022-07-09T13:27:37Z,saccharina_latissima,558,0.036940000000000014
2022-07-09T13:27:37Z,saccharina_latissima,560,0.0382875
2022-07-09T13:27:37Z,saccharina_latissima,562,0.0394
2022-07-09T13:27:37Z,saccharina_latissima,564,0.04048666666666666
2022-07-09T13:27:37Z,saccharina_latissima,566,0.04150624999999998
2022-07-09T13:27:37Z,saccharina_latissima,568,0.042419999999999985
2022-07-09T13:27:37Z,saccharina_latissima,570,0.04318000000000002
2022-07-09T13:27:37Z,saccharina_latissima,572,0.04383125000000001
2022-07-09T13:27:37Z,saccharina_latissima,574,0.04407333333333334
2022-07-09T13:27:37Z,saccharina_latissima,576,0.0443
2022-07-09T13:27:37Z,saccharina_latissima,578,0.0445625
2022-07-09T13:27:37Z,saccharina_latissima,580,0.04476
2022-07-09T13:27:37Z,saccharina_latissima,582,0.044800000000000006
2022-07-09T13:27:37Z,saccharina_latissima,584,0.04468
2022-07-09T13:27:37Z,saccharina_latissima,586,0.0446
2022-07-09T13:27:37Z,saccharina_latissima,588,0.0446
2022-07-09T13:27:37Z,saccharina_latissima,590,0.04523333333333334
2022-07-09T13:27:37Z,saccharina_latissima,592,0.04585000000000001
2022-07-09T13:27:37Z,saccharina_latissima,594,0.04643333333333333
2022-07-09T13:27:37Z,saccharina_latissima,596,0.0472
2022-07-09T13:27:37Z,saccharina_latissima,598,0.04793333333333333
2022-07-09T13:27:37Z,saccharina_latissima,600,0.04852499999999999
2022-07-09T13:27:37Z,saccharina_latissima,602,0.048873333333333324
2022-07-09T13:27:37Z,saccharina_latissima,604,0.048706250000000006
2022-07-09T13:27:37Z,saccharina_latissima,606,0.047926666666666645
2022-07-09T13:27:37Z,saccharina_latissima,608,0.04669999999999998
2022-07-09T13:27:37Z,saccharina_latissima,610,0.04543333333333332
2022-07-09T13:27:37Z,saccharina_latissima,612,0.04405999999999999
2022-07-09T13:27:37Z,saccharina_latissima,614,0.042712499999999994
2022-07-09T13:27:37Z,saccharina_latissima,616,0.0415
2022-07-09T13:27:37Z,saccharina_latissima,618,0.04056666666666667
2022-07-09T13:27:37Z,saccharina_latissima,620,0.039725
2022-07-09T13:27:37Z,saccharina_latissima,622,0.038940000000000016
2022-07-09T13:27:37Z,saccharina_latissima,624,0.03855
2022-07-09T13:27:37Z,saccharina_latissima,626,0.03829333333333334
2022-07-09T13:27:37Z,saccharina_latissima,628,0.03794000000000001
2022-07-09T13:27:37Z,saccharina_latissima,630,0.037643750000000004
2022-07-09T13:27:37Z,saccharina_latissima,632,0.037259999999999995
2022-07-09T13:27:37Z,saccharina_latissima,634,0.036939999999999994
2022-07-09T13:27:37Z,saccharina_latissima,636,0.0368
2022-07-09T13:27:37Z,saccharina_latissima,638,0.036931250000000006
2022-07-09T13:27:37Z,saccharina_latissima,640,0.03739333333333334
2022-07-09T13:27:37Z,saccharina_latissima,642,0.03824666666666668
2022-07-09T13:27:37Z,saccharina_latissima,644,0.039020000000000006
2022-07-09T13:27:37Z,saccharina_latissima,646,0.0392
2022-07-09T13:27:37Z,saccharina_latissima,648,0.0393
2022-07-09T13:27:37Z,saccharina_latissima,650,0.03916666666666667
2022-07-09T13:27:37Z,saccharina_latissima,652,0.038233333333333334
2022-07-09T13:27:37Z,saccharina_latissima,654,0.0366
2022-07-09T13:27:37Z,saccharina_latissima,656,0.0347
2022-07-09T13:27:37Z,saccharina_latissima,658,0.03290000000000001
2022-07-09T13:27:37Z,saccharina_latissima,660,0.030620000000000026
2022-07-09T13:27:37Z,saccharina_latissima,662,0.02852666666666669
2022-07-09T13:27:37Z,saccharina_latissima,664,0.026960000000000015
2022-07-09T13:27:37Z,saccharina_latissima,666,0.02613333333333334
2022-07-09T13:27:37Z,saccharina_latissima,668,0.025773333333333336
2022-07-09T13:27:37Z,saccharina_latissima,670,0.025759999999999998
2022-07-09T13:27:37Z,saccharina_latissima,672,0.025986666666666665
2022-07-09T13:27:37Z,saccharina_latissima,674,0.026533333333333325
2022-07-09T13:27:37Z,saccharina_latissima,676,0.027259999999999993
2022-07-09T13:27:37Z,saccharina_latissima,678,0.028153333333333322
2022-07-09T13:27:37Z,saccharina_latissima,680,0.029239999999999985
2022-07-09T13:27:37Z,saccharina_latissima,682,0.030439999999999988
2022-07-09T13:27:37Z,saccharina_latissima,684,0.03173333333333332
2022-07-09T13:27:37Z,saccharina_latissima,686,0.033766666666666625
2022-07-09T13:27:37Z,saccharina_latissima,688,0.037579999999999954
2022-07-09T13:27:37Z,saccharina_latissima,690,0.04225999999999995
2022-07-09T13:27:37Z,saccharina_latissima,692,0.04783333333333326
2022-07-09T13:27:37Z,saccharina_latissima,694,0.05521999999999991
2022-07-09T13:27:37Z,saccharina_latissima,696,0.06423333333333323
2022-07-09T13:27:37Z,saccharina_latissima,698,0.07420666666666655
2022-07-09T13:27:37Z,saccharina_latissima,700,0.08497999999999988
2022-07-09T13:27:37Z,saccharina_latissima,702,0.09595333333333321
2022-07-09T13:27:37Z,saccharina_latissima,704,0.10676666666666666
2022-07-09T13:27:37Z,saccharina_latissima,706,0.1159
2022-07-09T13:27:37Z,saccharina_latissima,708,0.124
2022-07-09T13:27:37Z,saccharina_latissima,710,0.1307
2022-07-09T13:27:37Z,saccharina_latissima,712,0.13636666666666666
2022-07-09T13:27:37Z,saccharina_latissima,714,0.14117333333333337
2022-07-09T13:27:37Z,saccharina_latissima,716,0.14460000000000003
2022-07-09T13:27:37Z,saccharina_latissima,718,0.14830000000000004
2022-07-09T13:27:37Z,saccharina_latissima,720,0.1518857142857143
2022-07-09T13:27:37Z,saccharina_latissima,722,0.15328
2022-07-09T13:27:37Z,saccharina_latissima,724,0.15472000000000005
2022-07-09T13:27:37Z,saccharina_latissima,726,0.15611428571428573
2022-07-09T13:27:37Z,saccharina_latissima,728,0.15722666666666663
2022-07-09T13:27:37Z,saccharina_latissima,730,0.15820666666666663
2022-07-09T13:27:37Z,saccharina_latissima,732,0.15882142857142856
2022-07-09T13:27:37Z,saccharina_latissima,734,0.1589
2022-07-09T13:27:37Z,saccharina_latissima,736,0.15927333333333332
2022-07-09T13:27:37Z,saccharina_latissima,738,0.15956666666666666
2022-07-09T13:27:37Z,saccharina_latissima,740,0.15976666666666667
2022-07-09T13:27:37Z,saccharina_latissima,742,0.15990000000000001
2022-07-09T13:27:37Z,saccharina_latissima,744,0.15986
2022-07-09T13:27:37Z,saccharina_latissima,746,0.15972142857142857
2022-07-09T13:27:37Z,saccharina_latissima,748,0.15957333333333334
2022-07-09T13:27:37Z,saccharina_latissima,750,0.15935
2022-07-09T13:27:37Z,saccharina_latissima,752,0.15921333333333335
2022-07-09T13:27:37Z,saccharina_latissima,754,0.15885714285714286
2022-07-09T13:27:37Z,saccharina_latissima,756,0.15846
2022-07-09T13:27:37Z,saccharina_latissima,758,0.1574
2022-07-09T13:27:37Z,saccharina_latissima,760,0.15925714285714287
2022-07-09T13:27:37Z,saccharina_latissima,762,0.16162666666666667
2022-07-09T13:27:37Z,saccharina_latissima,764,0.16059999999999994
2022-07-09T13:27:37Z,saccharina_latissima,766,0.1585066666666666
2022-07-09T13:27:37Z,saccharina_latissima,768,0.1564857142857143
2022-07-09T13:27:37Z,saccharina_latissima,770,0.15573571428571428
2022-07-09T13:27:37Z,saccharina_latissima,772,0.1554357142857143
2022-07-09T13:27:37Z,saccharina_latissima,774,0.1553
2022-07-09T13:27:37Z,saccharina_latissima,776,0.15526
2022-07-09T13:27:37Z,saccharina_latissima,778,0.1552
2022-07-09T13:27:37Z,saccharina_latissima,780,0.15498571428571428
2022-07-09T13:27:37Z,saccharina_latissima,782,0.15479333333333334
2022-07-09T13:27:37Z,saccharina_latissima,784,0.15460714285714286
2022-07-09T13:27:37Z,saccharina_latissima,786,0.15443333333333334
2022-07-09T13:27:37Z,saccharina_latissima,788,0.1543
2022-07-09T13:27:37Z,saccharina_latissima,790,0.15418666666666667
2022-07-09T13:27:37Z,saccharina_latissima,792,0.15405000000000002
2022-07-09T13:27:37Z,saccharina_latissima,794,0.15390714285714285
2022-07-09T13:27:37Z,saccharina_latissima,796,0.1537714285714286
2022-07-09T13:27:37Z,saccharina_latissima,798,0.15362857142857142
2022-07-09T13:27:37Z,saccharina_latissima,800,0.15349285714285715
2022-07-09T13:35:50Z,saccharina_latissima,340,0.10585882352941177
2022-07-09T13:35:50Z,saccharina_latissima,342,0.1058875
2022-07-09T13:35:50Z,saccharina_latissima,344,0.1059764705882353
2022-07-09T13:35:50Z,saccharina_latissima,346,0.10652500000000001
2022-07-09T13:35:50Z,saccharina_latissima,348,0.1067
2022-07-09T13:35:50Z,saccharina_latissima,350,0.1069
2022-07-09T13:35:50Z,saccharina_latissima,352,0.107
2022-07-09T13:35:50Z,saccharina_latissima,354,0.1069125
2022-07-09T13:35:50Z,saccharina_latissima,356,0.106525
2022-07-09T13:35:50Z,saccharina_latissima,358,0.10684117647058823
2022-07-09T13:35:50Z,saccharina_latissima,360,0.1081
2022-07-09T13:35:50Z,saccharina_latissima,362,0.10813529411764707
2022-07-09T13:35:50Z,saccharina_latissima,364,0.10825625000000001
2022-07-09T13:35:50Z,saccharina_latissima,366,0.10830000000000001
2022-07-09T13:35:50Z,saccharina_latissima,368,0.10800000000000001
2022-07-09T13:35:50Z,saccharina_latissima,370,0.10765
2022-07-09T13:35:50Z,saccharina_latissima,372,0.1073
2022-07-09T13:35:50Z,saccharina_latissima,374,0.10738235294117647
2022-07-09T13:35:50Z,saccharina_latissima,376,0.10815625
2022-07-09T13:35:50Z,saccharina_latissima,378,0.10845882352941175
2022-07-09T13:35:50Z,saccharina_latissima,380,0.1075375
2022-07-09T13:35:50Z,saccharina_latissima,382,0.10672500000000001
2022-07-09T13:35:50Z,saccharina_latissima,384,0.1072
2022-07-09T13:35:50Z,saccharina_latissima,386,0.10831176470588236
2022-07-09T13:35:50Z,saccharina_latissima,388,0.10836875
2022-07-09T13:35:50Z,saccharina_latissima,390,0.10824375
2022-07-09T13:35:50Z,saccharina_latissima,392,0.10746875000000002
2022-07-09T13:35:50Z,saccharina_latissima,394,0.10679999999999999
2022-07-09T13:35:50Z,saccharina_latissima,396,0.10807499999999999
2022-07-09T13:35:50Z,saccharina_latissima,398,0.10894999999999999
2022-07-09T13:35:50Z,saccharina_latissima,400,0.109225
2022-07-09T13:35:50Z,saccharina_latissima,402,0.10830000000000001
2022-07-09T13:35:50Z,saccharina_latissima,404,0.10718235294117648
2022-07-09T13:35:50Z,saccharina_latissima,406,0.1067125
2022-07-09T13:35:50Z,saccharina_latissima,408,0.1067375
2022-07-09T13:35:50Z,saccharina_latissima,410,0.10679999999999999
2022-07-09T13:35:50Z,saccharina_latissima,412,0.10681874999999999
2022-07-09T13:35:50Z,saccharina_latissima,414,0.1068125
2022-07-09T13:35:50Z,saccharina_latissima,416,0.10663125
2022-07-09T13:35:50Z,saccharina_latissima,418,0.10642352941176471
2022-07-09T13:35:50Z,saccharina_latissima,420,0.1065125
2022-07-09T13:35:50Z,saccharina_latissima,422,0.1065625
2022-07-09T13:35:50Z,saccharina_latissima,424,0.1064375
2022-07-09T13:35:50Z,saccharina_latissima,426,0.10640000000000001
2022-07-09T13:35:50Z,saccharina_latissima,428,0.10626250000000001
2022-07-09T13:35:50Z,saccharina_latissima,430,0.10603749999999999
2022-07-09T13:35:50Z,saccharina_latissima,432,0.1067875
2022-07-09T13:35:50Z,saccharina_latissima,434,0.1076375
2022-07-09T13:35:50Z,saccharina_latissima,436,0.107575
2022-07-09T13:35:50Z,saccharina_latissima,438,0.10725
2022-07-09T13:35:50Z,saccharina_latissima,440,0.107125
2022-07-09T13:35:50Z,saccharina_latissima,442,0.10755
2022-07-09T13:35:50Z,saccharina_latissima,444,0.10768749999999999
2022-07-09T13:35:50Z,saccharina_latissima,446,0.1076375
2022-07-09T13:35:50Z,saccharina_latissima,448,0.10782499999999999
2022-07-09T13:35:50Z,saccharina_latissima,450,0.108075
2022-07-09T13:35:50Z,saccharina_latissima,452,0.108075
2022-07-09T13:35:50Z,saccharina_latissima,454,0.1079
2022-07-09T13:35:50Z,saccharina_latissima,456,0.1080875
2022-07-09T13:35:50Z,saccharina_latissima,458,0.108375
2022-07-09T13:35:50Z,saccharina_latissima,460,0.108325
2022-07-09T13:35:50Z,saccharina_latissima,462,0.1085375
2022-07-09T13:35:50Z,saccharina_latissima,464,0.1085375
2022-07-09T13:35:50Z,saccharina_latissima,466,0.1084125
2022-07-09T13:35:50Z,saccharina_latissima,468,0.10852666666666666
2022-07-09T13:35:50Z,saccharina_latissima,470,0.1087875
2022-07-09T13:35:50Z,saccharina_latissima,472,0.10903750000000001
2022-07-09T13:35:50Z,saccharina_latissima,474,0.10938125
2022-07-09T13:35:50Z,saccharina_latissima,476,0.10951874999999998
2022-07-09T13:35:50Z,saccharina_latissima,478,0.10964375
2022-07-09T13:35:50Z,saccharina_latissima,480,0.10976875000000001
2022-07-09T13:35:50Z,saccharina_latissima,482,0.10980000000000001
2022-07-09T13:35:50Z,saccharina_latissima,484,0.109525
2022-07-09T13:35:50Z,saccharina_latissima,486,0.10919999999999999
2022-07-09T13:35:50Z,saccharina_latissima,488,0.1094
2022-07-09T13:35:50Z,saccharina_latissima,490,0.1101
2022-07-09T13:35:50Z,saccharina_latissima,492,0.11016875
2022-07-09T13:35:50Z,saccharina_latissima,494,0.1101
2022-07-09T13:35:50Z,saccharina_latissima,496,0.1101
2022-07-09T13:35:50Z,saccharina_latissima,498,0.1100875
2022-07-09T13:35:50Z,saccharina_latissima,500,0.11
2022-07-09T13:35:50Z,saccharina_latissima,502,0.11006250000000001
2022-07-09T13:35:50Z,saccharina_latissima,504,0.11037999999999999
2022-07-09T13:35:50Z,saccharina_latissima,506,0.1107375
2022-07-09T13:35:50Z,saccharina_latissima,508,0.1109
2022-07-09T13:35:50Z,saccharina_latissima,510,0.11096875
2022-07-09T13:35:50Z,saccharina_latissima,512,0.11109999999999999
2022-07-09T13:35:50Z,saccharina_latissima,514,0.110975
2022-07-09T13:35:50Z,saccharina_latissima,516,0.1109
2022-07-09T13:35:50Z,saccharina_latissima,518,0.11081875
2022-07-09T13:35:50Z,saccharina_latissima,520,0.11123125
2022-07-09T13:35:50Z,saccharina_latissima,522,0.11173333333333332
2022-07-09T13:35:50Z,saccharina_latissima,524,0.11192499999999998
2022-07-09T13:35:50Z,saccharina_latissima,526,0.1119125
2022-07-09T13:35:50Z,saccharina_latissima,528,0.11177499999999999
2022-07-09T13:35:50Z,saccharina_latissima,530,0.11228666666666669
2022-07-09T13:35:50Z,saccharina_latissima,532,0.1125
2022-07-09T13:35:50Z,saccharina_latissima,534,0.1125
2022-07-09T13:35:50Z,saccharina_latissima,536,0.1128625
2022-07-09T13:35:50Z,saccharina_latissima,538,0.1131125
2022-07-09T13:35:50Z,saccharina_latissima,540,0.11337333333333333
2022-07-09T13:35:50Z,saccharina_latissima,542,0.11388000000000002
2022-07-09T13:35:50Z,saccharina_latissima,544,0.11466250000000001
2022-07-09T13:35:50Z,saccharina_latissima,546,0.11541250000000002
2022-07-09T13:35:50Z,saccharina_latissima,548,0.1162
2022-07-09T13:35:50Z,saccharina_latissima,550,0.11724999999999998
2022-07-09T13:35:50Z,saccharina_latissima,552,0.11853333333333331
2022-07-09T13:35:50Z,saccharina_latissima,554,0.11989375000000002
2022-07-09T13:35:50Z,saccharina_latissima,556,0.12156250000000005
2022-07-09T13:35:50Z,saccharina_latissima,558,0.12326000000000002
2022-07-09T13:35:50Z,saccharina_latissima,560,0.12526875
2022-07-09T13:35:50Z,saccharina_latissima,562,0.1275
2022-07-09T13:35:50Z,saccharina_latissima,564,0.12969999999999998
2022-07-09T13:35:50Z,saccharina_latissima,566,0.13153124999999996
2022-07-09T13:35:50Z,saccharina_latissima,568,0.13322666666666663
2022-07-09T13:35:50Z,saccharina_latissima,570,0.13456666666666667
2022-07-09T13:35:50Z,saccharina_latissima,572,0.1350875
2022-07-09T13:35:50Z,saccharina_latissima,574,0.13512666666666667
2022-07-09T13:35:50Z,saccharina_latissima,576,0.1346
2022-07-09T13:35:50Z,saccharina_latissima,578,0.13420625
2022-07-09T13:35:50Z,saccharina_latissima,580,0.13394
2022-07-09T13:35:50Z,saccharina_latissima,582,0.1338125
2022-07-09T13:35:50Z,saccharina_latissima,584,0.13366
2022-07-09T13:35:50Z,saccharina_latissima,586,0.13335000000000002
2022-07-09T13:35:50Z,saccharina_latissima,588,0.1332
2022-07-09T13:35:50Z,saccharina_latissima,590,0.13323333333333334
2022-07-09T13:35:50Z,saccharina_latissima,592,0.13415
2022-07-09T13:35:50Z,saccharina_latissima,594,0.13563333333333333
2022-07-09T13:35:50Z,saccharina_latissima,596,0.1369
2022-07-09T13:35:50Z,saccharina_latissima,598,0.13801333333333332
2022-07-09T13:35:50Z,saccharina_latissima,600,0.13888124999999998
2022-07-09T13:35:50Z,saccharina_latissima,602,0.13918666666666665
2022-07-09T13:35:50Z,saccharina_latissima,604,0.13888750000000002
2022-07-09T13:35:50Z,saccharina_latissima,606,0.13788666666666663
2022-07-09T13:35:50Z,saccharina_latissima,608,0.13609999999999997
2022-07-09T13:35:50Z,saccharina_latissima,610,0.1340933333333333
2022-07-09T13:35:50Z,saccharina_latissima,612,0.13199999999999998
2022-07-09T13:35:50Z,saccharina_latissima,614,0.13006875
2022-07-09T13:35:50Z,saccharina_latissima,616,0.1284
2022-07-09T13:35:50Z,saccharina_latissima,618,0.12693333333333334
2022-07-09T13:35:50Z,saccharina_latissima,620,0.12608750000000002
2022-07-09T13:35:50Z,saccharina_latissima,622,0.12534
2022-07-09T13:35:50Z,saccharina_latissima,624,0.12470000000000002
2022-07-09T13:35:50Z,saccharina_latissima,626,0.12424
2022-07-09T13:35:50Z,saccharina_latissima,628,0.12392666666666668
2022-07-09T13:35:50Z,saccharina_latissima,630,0.1236625
2022-07-09T13:35:50Z,saccharina_latissima,632,0.12340666666666666
2022-07-09T13:35:50Z,saccharina_latissima,634,0.1233
2022-07-09T13:35:50Z,saccharina_latissima,636,0.12342666666666667
2022-07-09T13:35:50Z,saccharina_latissima,638,0.12381875
2022-07-09T13:35:50Z,saccharina_latissima,640,0.12454000000000001
2022-07-09T13:35:50Z,saccharina_latissima,642,0.12536
2022-07-09T13:35:50Z,saccharina_latissima,644,0.12639999999999998
2022-07-09T13:35:50Z,saccharina_latissima,646,0.1268375
2022-07-09T13:35:50Z,saccharina_latissima,648,0.127
2022-07-09T13:35:50Z,saccharina_latissima,650,0.12669999999999998
2022-07-09T13:35:50Z,saccharina_latissima,652,0.12563333333333332
2022-07-09T13:35:50Z,saccharina_latissima,654,0.12380000000000001
2022-07-09T13:35:50Z,saccharina_latissima,656,0.12123333333333333
2022-07-09T13:35:50Z,saccharina_latissima,658,0.1185125
2022-07-09T13:35:50Z,saccharina_latissima,660,0.11686666666666669
2022-07-09T13:35:50Z,saccharina_latissima,662,0.11538000000000001
2022-07-09T13:35:50Z,saccharina_latissima,664,0.1139
2022-07-09T13:35:50Z,saccharina_latissima,666,0.11275333333333334
2022-07-09T13:35:50Z,saccharina_latissima,668,0.11212000000000001
2022-07-09T13:35:50Z,saccharina_latissima,670,0.11184
2022-07-09T13:35:50Z,saccharina_latissima,672,0.1118
2022-07-09T13:35:50Z,saccharina_latissima,674,0.11195333333333334
2022-07-09T13:35:50Z,saccharina_latissima,676,0.11234
2022-07-09T13:35:50Z,saccharina_latissima,678,0.11306
2022-07-09T13:35:50Z,saccharina_latissima,680,0.11401333333333333
2022-07-09T13:35:50Z,saccharina_latissima,682,0.11525999999999999
2022-07-09T13:35:50Z,saccharina_latissima,684,0.11681999999999997
2022-07-09T13:35:50Z,saccharina_latissima,686,0.1188333333333333
2022-07-09T13:35:50Z,saccharina_latissima,688,0.12185999999999995
2022-07-09T13:35:50Z,saccharina_latissima,690,0.12709999999999994
2022-07-09T13:35:50Z,saccharina_latissima,692,0.13524666666666657
2022-07-09T13:35:50Z,saccharina_latissima,694,0.14599999999999988
2022-07-09T13:35:50Z,saccharina_latissima,696,0.16051999999999983
2022-07-09T13:35:50Z,saccharina_latissima,698,0.17966666666666642
2022-07-09T13:35:50Z,saccharina_latissima,700,0.20207999999999976
2022-07-09T13:35:50Z,saccharina_latissima,702,0.22702666666666635
2022-07-09T13:35:50Z,saccharina_latissima,704,0.2547
2022-07-09T13:35:50Z,saccharina_latissima,706,0.2803
2022-07-09T13:35:50Z,saccharina_latissima,708,0.3044
2022-07-09T13:35:50Z,saccharina_latissima,710,0.326
2022-07-09T13:35:50Z,saccharina_latissima,712,0.3454
2022-07-09T13:35:50Z,saccharina_latissima,714,0.3630000000000001
2022-07-09T13:35:50Z,saccharina_latissima,716,0.37620000000000015
2022-07-09T13:35:50Z,saccharina_latissima,718,0.3872400000000001
2022-07-09T13:35:50Z,saccharina_latissima,720,0.3995357142857145
2022-07-09T13:35:50Z,saccharina_latissima,722,0.41288000000000025
2022-07-09T13:35:50Z,saccharina_latissima,724,0.42216000000000026
2022-07-09T13:35:50Z,saccharina_latissima,726,0.4303428571428573
2022-07-09T13:35:50Z,saccharina_latissima,728,0.4383333333333332
2022-07-09T13:35:50Z,saccharina_latissima,730,0.4454933333333332
2022-07-09T13:35:50Z,saccharina_latissima,732,0.4525499999999999
2022-07-09T13:35:50Z,saccharina_latissima,734,0.45891999999999994
2022-07-09T13:35:50Z,saccharina_latissima,736,0.46377333333333326
2022-07-09T13:35:50Z,saccharina_latissima,738,0.4686
2022-07-09T13:35:50Z,saccharina_latissima,740,0.473
2022-07-09T13:35:50Z,saccharina_latissima,742,0.47740000000000005
2022-07-09T13:35:50Z,saccharina_latissima,744,0.48166000000000003
2022-07-09T13:35:50Z,saccharina_latissima,746,0.4856785714285715
2022-07-09T13:35:50Z,saccharina_latissima,748,0.4889066666666667
2022-07-09T13:35:50Z,saccharina_latissima,750,0.49205000000000004
2022-07-09T13:35:50Z,saccharina_latissima,752,0.4951066666666666
2022-07-09T13:35:50Z,saccharina_latissima,754,0.49780714285714284
2022-07-09T13:35:50Z,saccharina_latissima,756,0.50014
2022-07-09T13:35:50Z,saccharina_latissima,758,0.5008
2022-07-09T13:35:50Z,saccharina_latissima,760,0.49543571428571426
2022-07-09T13:35:50Z,saccharina_latissima,762,0.49417333333333335
2022-07-09T13:35:50Z,saccharina_latissima,764,0.5035533333333335
2022-07-09T13:35:50Z,saccharina_latissima,766,0.5129200000000002
2022-07-09T13:35:50Z,saccharina_latissima,768,0.5176857142857143
2022-07-09T13:35:50Z,saccharina_latissima,770,0.5182928571428572
2022-07-09T13:35:50Z,saccharina_latissima,772,0.5176428571428572
2022-07-09T13:35:50Z,saccharina_latissima,774,0.5176
2022-07-09T13:35:50Z,saccharina_latissima,776,0.51762
2022-07-09T13:35:50Z,saccharina_latissima,778,0.5182714285714287
2022-07-09T13:35:50Z,saccharina_latissima,780,0.5189714285714286
2022-07-09T13:35:50Z,saccharina_latissima,782,0.51972
2022-07-09T13:35:50Z,saccharina_latissima,784,0.5204642857142857
2022-07-09T13:35:50Z,saccharina_latissima,786,0.5209
2022-07-09T13:35:50Z,saccharina_latissima,788,0.5209714285714286
2022-07-09T13:35:50Z,saccharina_latissima,790,0.5212533333333333
2022-07-09T13:35:50Z,saccharina_latissima,792,0.52165
2022-07-09T13:35:50Z,saccharina_latissima,794,0.5218857142857143
2022-07-09T13:35:50Z,saccharina_latissima,796,0.5223857142857142
2022-07-09T13:35:50Z,saccharina_latissima,798,0.5227428571428572
2022-07-09T13:35:50Z,saccharina_latissima,800,0.5223857142857142
2022-07-09T13:39:24Z,saccharina_latissima,340,0.047652941176470585
2022-07-09T13:39:24Z,saccharina_latissima,342,0.0478
2022-07-09T13:39:24Z,saccharina_latissima,344,0.04772941176470588
2022-07-09T13:39:24Z,saccharina_latissima,346,0.04765625
2022-07-09T13:39:24Z,saccharina_latissima,348,0.047776470588235295
2022-07-09T13:39:24Z,saccharina_latissima,350,0.0478
2022-07-09T13:39:24Z,saccharina_latissima,352,0.04782352941176471
2022-07-09T13:39:24Z,saccharina_latissima,354,0.04794375
2022-07-09T13:39:24Z,saccharina_latissima,356,0.048
2022-07-09T13:39:24Z,saccharina_latissima,358,0.04747058823529412
2022-07-09T13:39:24Z,saccharina_latissima,360,0.0471125
2022-07-09T13:39:24Z,saccharina_latissima,362,0.04712941176470588
2022-07-09T13:39:24Z,saccharina_latissima,364,0.0468875
2022-07-09T13:39:24Z,saccharina_latissima,366,0.046718749999999996
2022-07-09T13:39:24Z,saccharina_latissima,368,0.0466
2022-07-09T13:39:24Z,saccharina_latissima,370,0.0464
2022-07-09T13:39:24Z,saccharina_latissima,372,0.04625
2022-07-09T13:39:24Z,saccharina_latissima,374,0.0456764705882353
2022-07-09T13:39:24Z,saccharina_latissima,376,0.04503125
2022-07-09T13:39:24Z,saccharina_latissima,378,0.04505294117647059
2022-07-09T13:39:24Z,saccharina_latissima,380,0.0453
2022-07-09T13:39:24Z,saccharina_latissima,382,0.045175
2022-07-09T13:39:24Z,saccharina_latissima,384,0.044399999999999995
2022-07-09T13:39:24Z,saccharina_latissima,386,0.044011764705882354
2022-07-09T13:39:24Z,saccharina_latissima,388,0.044006250000000004
2022-07-09T13:39:24Z,saccharina_latissima,390,0.0439125
2022-07-09T13:39:24Z,saccharina_latissima,392,0.04424375
2022-07-09T13:39:24Z,saccharina_latissima,394,0.0436
2022-07-09T13:39:24Z,saccharina_latissima,396,0.043050000000000005
2022-07-09T13:39:24Z,saccharina_latissima,398,0.0427
2022-07-09T13:39:24Z,saccharina_latissima,400,0.042800000000000005
2022-07-09T13:39:24Z,saccharina_latissima,402,0.0431
2022-07-09T13:39:24Z,saccharina_latissima,404,0.04307647058823529
2022-07-09T13:39:24Z,saccharina_latissima,406,0.0429125
2022-07-09T13:39:24Z,saccharina_latissima,408,0.0426625
2022-07-09T13:39:24Z,saccharina_latissima,410,0.0426
2022-07-09T13:39:24Z,saccharina_latissima,412,0.0424
2022-07-09T13:39:24Z,saccharina_latissima,414,0.0424
2022-07-09T13:39:24Z,saccharina_latissima,416,0.0424
2022-07-09T13:39:24Z,saccharina_latissima,418,0.042311764705882354
2022-07-09T13:39:24Z,saccharina_latissima,420,0.042187499999999996
2022-07-09T13:39:24Z,saccharina_latissima,422,0.0421375
2022-07-09T13:39:24Z,saccharina_latissima,424,0.042075
2022-07-09T13:39:24Z,saccharina_latissima,426,0.0420875
2022-07-09T13:39:24Z,saccharina_latissima,428,0.0421
2022-07-09T13:39:24Z,saccharina_latissima,430,0.04191249999999999
2022-07-09T13:39:24Z,saccharina_latissima,432,0.0414125
2022-07-09T13:39:24Z,saccharina_latissima,434,0.041475000000000005
2022-07-09T13:39:24Z,saccharina_latissima,436,0.0415125
2022-07-09T13:39:24Z,saccharina_latissima,438,0.041562499999999995
2022-07-09T13:39:24Z,saccharina_latissima,440,0.041375
2022-07-09T13:39:24Z,saccharina_latissima,442,0.041299999999999996
2022-07-09T13:39:24Z,saccharina_latissima,444,0.0414125
2022-07-09T13:39:24Z,saccharina_latissima,446,0.0414625
2022-07-09T13:39:24Z,saccharina_latissima,448,0.0413375
2022-07-09T13:39:24Z,saccharina_latissima,450,0.0413875
2022-07-09T13:39:24Z,saccharina_latissima,452,0.0415125
2022-07-09T13:39:24Z,saccharina_latissima,454,0.041525
2022-07-09T13:39:24Z,saccharina_latissima,456,0.0413375
2022-07-09T13:39:24Z,saccharina_latissima,458,0.0413875
2022-07-09T13:39:24Z,saccharina_latissima,460,0.0413875
2022-07-09T13:39:24Z,saccharina_latissima,462,0.041299999999999996
2022-07-09T13:39:24Z,saccharina_latissima,464,0.041362499999999996
2022-07-09T13:39:24Z,saccharina_latissima,466,0.041312499999999995
2022-07-09T13:39:24Z,saccharina_latissima,468,0.041299999999999996
2022-07-09T13:39:24Z,saccharina_latissima,470,0.041299999999999996
2022-07-09T13:39:24Z,saccharina_latissima,472,0.04123125
2022-07-09T13:39:24Z,saccharina_latissima,474,0.04129375
2022-07-09T13:39:24Z,saccharina_latissima,476,0.0414
2022-07-09T13:39:24Z,saccharina_latissima,478,0.0414
2022-07-09T13:39:24Z,saccharina_latissima,480,0.04146875
2022-07-09T13:39:24Z,saccharina_latissima,482,0.0415
2022-07-09T13:39:24Z,saccharina_latissima,484,0.041624999999999995
2022-07-09T13:39:24Z,saccharina_latissima,486,0.0416
2022-07-09T13:39:24Z,saccharina_latissima,488,0.0412
2022-07-09T13:39:24Z,saccharina_latissima,490,0.041100000000000005
2022-07-09T13:39:24Z,saccharina_latissima,492,0.04126875
2022-07-09T13:39:24Z,saccharina_latissima,494,0.04114375
2022-07-09T13:39:24Z,saccharina_latissima,496,0.041100000000000005
2022-07-09T13:39:24Z,saccharina_latissima,498,0.0412
2022-07-09T13:39:24Z,saccharina_latissima,500,0.0412
2022-07-09T13:39:24Z,saccharina_latissima,502,0.04113750000000001
2022-07-09T13:39:24Z,saccharina_latissima,504,0.041100000000000005
2022-07-09T13:39:24Z,saccharina_latissima,506,0.04111875
2022-07-09T13:39:24Z,saccharina_latissima,508,0.0412
2022-07-09T13:39:24Z,saccharina_latissima,510,0.04126875
2022-07-09T13:39:24Z,saccharina_latissima,512,0.0415
2022-07-09T13:39:24Z,saccharina_latissima,514,0.04164999999999999
2022-07-09T13:39:24Z,saccharina_latissima,516,0.04190666666666666
2022-07-09T13:39:24Z,saccharina_latissima,518,0.041918750000000005
2022-07-09T13:39:24Z,saccharina_latissima,520,0.04201875000000001
2022-07-09T13:39:24Z,saccharina_latissima,522,0.0424
2022-07-09T13:39:24Z,saccharina_latissima,524,0.04266249999999999
2022-07-09T13:39:24Z,saccharina_latissima,526,0.0427875
2022-07-09T13:39:24Z,saccharina_latissima,528,0.04268125
2022-07-09T13:39:24Z,saccharina_latissima,530,0.04274000000000001
2022-07-09T13:39:24Z,saccharina_latissima,532,0.043050000000000005
2022-07-09T13:39:24Z,saccharina_latissima,534,0.0431
2022-07-09T13:39:24Z,saccharina_latissima,536,0.043393749999999995
2022-07-09T13:39:24Z,saccharina_latissima,538,0.043712499999999994
2022-07-09T13:39:24Z,saccharina_latissima,540,0.04405999999999999
2022-07-09T13:39:24Z,saccharina_latissima,542,0.04434000000000001
2022-07-09T13:39:24Z,saccharina_latissima,544,0.04477500000000001
2022-07-09T13:39:24Z,saccharina_latissima,546,0.045275
2022-07-09T13:39:24Z,saccharina_latissima,548,0.045899999999999996
2022-07-09T13:39:24Z,saccharina_latissima,550,0.046574999999999984
2022-07-09T13:39:24Z,saccharina_latissima,552,0.047419999999999976
2022-07-09T13:39:24Z,saccharina_latissima,554,0.04835000000000001
2022-07-09T13:39:24Z,saccharina_latissima,556,0.04951250000000003
2022-07-09T13:39:24Z,saccharina_latissima,558,0.050700000000000016
2022-07-09T13:39:24Z,saccharina_latissima,560,0.051987500000000006
2022-07-09T13:39:24Z,saccharina_latissima,562,0.053399999999999996
2022-07-09T13:39:24Z,saccharina_latissima,564,0.05479333333333332
2022-07-09T13:39:24Z,saccharina_latissima,566,0.05610624999999998
2022-07-09T13:39:24Z,saccharina_latissima,568,0.05727999999999997
2022-07-09T13:39:24Z,saccharina_latissima,570,0.058193333333333354
2022-07-09T13:39:24Z,saccharina_latissima,572,0.05906250000000001
2022-07-09T13:39:24Z,saccharina_latissima,574,0.05984000000000001
2022-07-09T13:39:24Z,saccharina_latissima,576,0.0603
2022-07-09T13:39:24Z,saccharina_latissima,578,0.0604
2022-07-09T13:39:24Z,saccharina_latissima,580,0.060340000000000005
2022-07-09T13:39:24Z,saccharina_latissima,582,0.060125000000000005
2022-07-09T13:39:24Z,saccharina_latissima,584,0.06
2022-07-09T13:39:24Z,saccharina_latissima,586,0.05995
2022-07-09T13:39:24Z,saccharina_latissima,588,0.06006000000000001
2022-07-09T13:39:24Z,saccharina_latissima,590,0.060206666666666665
2022-07-09T13:39:24Z,saccharina_latissima,592,0.060525
2022-07-09T13:39:24Z,saccharina_latissima,594,0.06143333333333333
2022-07-09T13:39:24Z,saccharina_latissima,596,0.062400000000000004
2022-07-09T13:39:24Z,saccharina_latissima,598,0.06348666666666665
2022-07-09T13:39:24Z,saccharina_latissima,600,0.06428124999999998
2022-07-09T13:39:24Z,saccharina_latissima,602,0.06458666666666667
2022-07-09T13:39:24Z,saccharina_latissima,604,0.06416875000000001
2022-07-09T13:39:24Z,saccharina_latissima,606,0.0631333333333333
2022-07-09T13:39:24Z,saccharina_latissima,608,0.06163999999999996
2022-07-09T13:39:24Z,saccharina_latissima,610,0.059899999999999974
2022-07-09T13:39:24Z,saccharina_latissima,612,0.05793999999999998
2022-07-09T13:39:24Z,saccharina_latissima,614,0.05613749999999999
2022-07-09T13:39:24Z,saccharina_latissima,616,0.0546
2022-07-09T13:39:24Z,saccharina_latissima,618,0.053099999999999994
2022-07-09T13:39:24Z,saccharina_latissima,620,0.052125000000000005
2022-07-09T13:39:24Z,saccharina_latissima,622,0.05152666666666668
2022-07-09T13:39:24Z,saccharina_latissima,624,0.05102500000000001
2022-07-09T13:39:24Z,saccharina_latissima,626,0.050640000000000004
2022-07-09T13:39:24Z,saccharina_latissima,628,0.05024000000000001
2022-07-09T13:39:24Z,saccharina_latissima,630,0.049843750000000006
2022-07-09T13:39:24Z,saccharina_latissima,632,0.04945999999999999
2022-07-09T13:39:24Z,saccharina_latissima,634,0.049139999999999996
2022-07-09T13:39:24Z,saccharina_latissima,636,0.04901333333333334
2022-07-09T13:39:24Z,saccharina_latissima,638,0.04923125000000001
2022-07-09T13:39:24Z,saccharina_latissima,640,0.049766666666666674
2022-07-09T13:39:24Z,saccharina_latissima,642,0.05054666666666668
2022-07-09T13:39:24Z,saccharina_latissima,644,0.05148000000000001
2022-07-09T13:39:24Z,saccharina_latissima,646,0.052381250000000004
2022-07-09T13:39:24Z,saccharina_latissima,648,0.0529
2022-07-09T13:39:24Z,saccharina_latissima,650,0.0524
2022-07-09T13:39:24Z,saccharina_latissima,652,0.051333333333333335
2022-07-09T13:39:24Z,saccharina_latissima,654,0.049800000000000004
2022-07-09T13:39:24Z,saccharina_latissima,656,0.0479
2022-07-09T13:39:24Z,saccharina_latissima,658,0.04538750000000002
2022-07-09T13:39:24Z,saccharina_latissima,660,0.04329333333333336
2022-07-09T13:39:24Z,saccharina_latissima,662,0.041886666666666676
2022-07-09T13:39:24Z,saccharina_latissima,664,0.04094000000000001
2022-07-09T13:39:24Z,saccharina_latissima,666,0.04032666666666668
2022-07-09T13:39:24Z,saccharina_latissima,668,0.040073333333333336
2022-07-09T13:39:24Z,saccharina_latissima,670,0.04006
2022-07-09T13:39:24Z,saccharina_latissima,672,0.04037999999999999
2022-07-09T13:39:24Z,saccharina_latissima,674,0.040706666666666655
2022-07-09T13:39:24Z,saccharina_latissima,676,0.04123999999999999
2022-07-09T13:39:24Z,saccharina_latissima,678,0.04177333333333332
2022-07-09T13:39:24Z,saccharina_latissima,680,0.04243333333333333
2022-07-09T13:39:24Z,saccharina_latissima,682,0.04315999999999999
2022-07-09T13:39:24Z,saccharina_latissima,684,0.044146666666666654
2022-07-09T13:39:24Z,saccharina_latissima,686,0.045879999999999976
2022-07-09T13:39:24Z,saccharina_latissima,688,0.04803999999999998
2022-07-09T13:39:24Z,saccharina_latissima,690,0.0509333333333333
2022-07-09T13:39:24Z,saccharina_latissima,692,0.056953333333333245
2022-07-09T13:39:24Z,saccharina_latissima,694,0.06653999999999988
2022-07-09T13:39:24Z,saccharina_latissima,696,0.07988666666666651
2022-07-09T13:39:24Z,saccharina_latissima,698,0.09731999999999978
2022-07-09T13:39:24Z,saccharina_latissima,700,0.11781999999999976
2022-07-09T13:39:24Z,saccharina_latissima,702,0.14035333333333308
2022-07-09T13:39:24Z,saccharina_latissima,704,0.16513333333333333
2022-07-09T13:39:24Z,saccharina_latissima,706,0.18813333333333332
2022-07-09T13:39:24Z,saccharina_latissima,708,0.2101
2022-07-09T13:39:24Z,saccharina_latissima,710,0.23003333333333334
2022-07-09T13:39:24Z,saccharina_latissima,712,0.24823333333333333
2022-07-09T13:39:24Z,saccharina_latissima,714,0.2653266666666668
2022-07-09T13:39:24Z,saccharina_latissima,716,0.27930000000000016
2022-07-09T13:39:24Z,saccharina_latissima,718,0.29116000000000014
2022-07-09T13:39:24Z,saccharina_latissima,720,0.3020928571428573
2022-07-09T13:39:24Z,saccharina_latissima,722,0.31325333333333355
2022-07-09T13:39:24Z,saccharina_latissima,724,0.3224000000000002
2022-07-09T13:39:24Z,saccharina_latissima,726,0.3306000000000001
2022-07-09T13:39:24Z,saccharina_latissima,728,0.33817333333333316
2022-07-09T13:39:24Z,saccharina_latissima,730,0.34475999999999984
2022-07-09T13:39:24Z,saccharina_latissima,732,0.351042857142857
2022-07-09T13:39:24Z,saccharina_latissima,734,0.35707999999999995
2022-07-09T13:39:24Z,saccharina_latissima,736,0.36253333333333326
2022-07-09T13:39:24Z,saccharina_latissima,738,0.3677333333333333
2022-07-09T13:39:24Z,saccharina_latissima,740,0.37233333333333335
2022-07-09T13:39:24Z,saccharina_latissima,742,0.37689999999999996
2022-07-09T13:39:24Z,saccharina_latissima,744,0.38110000000000005
2022-07-09T13:39:24Z,saccharina_latissima,746,0.3851785714285715
2022-07-09T13:39:24Z,saccharina_latissima,748,0.38873333333333343
2022-07-09T13:39:24Z,saccharina_latissima,750,0.39205
2022-07-09T13:39:24Z,saccharina_latissima,752,0.39510666666666655
2022-07-09T13:39:24Z,saccharina_latissima,754,0.39782857142857136
2022-07-09T13:39:24Z,saccharina_latissima,756,0.40077999999999997
2022-07-09T13:39:24Z,saccharina_latissima,758,0.40490000000000004
2022-07-09T13:39:24Z,saccharina_latissima,760,0.4075857142857143
2022-07-09T13:39:24Z,saccharina_latissima,762,0.40551333333333334
2022-07-09T13:39:24Z,saccharina_latissima,764,0.40442
2022-07-09T13:39:24Z,saccharina_latissima,766,0.4064133333333334
2022-07-09T13:39:24Z,saccharina_latissima,768,0.4098571428571428
2022-07-09T13:39:24Z,saccharina_latissima,770,0.41237857142857143
2022-07-09T13:39:24Z,saccharina_latissima,772,0.4141071428571429
2022-07-09T13:39:24Z,saccharina_latissima,774,0.4155
2022-07-09T13:39:24Z,saccharina_latissima,776,0.41628000000000004
2022-07-09T13:39:24Z,saccharina_latissima,778,0.41732857142857144
2022-07-09T13:39:24Z,saccharina_latissima,780,0.4180714285714286
2022-07-09T13:39:24Z,saccharina_latissima,782,0.4187133333333333
2022-07-09T13:39:24Z,saccharina_latissima,784,0.41945714285714286
2022-07-09T13:39:24Z,saccharina_latissima,786,0.41996666666666665
2022-07-09T13:39:24Z,saccharina_latissima,788,0.42024285714285714
2022-07-09T13:39:24Z,saccharina_latissima,790,0.42064
2022-07-09T13:39:24Z,saccharina_latissima,792,0.42090000000000005
2022-07-09T13:39:24Z,saccharina_latissima,794,0.42090000000000005
2022-07-09T13:39:24Z,saccharina_latissima,796,0.4210285714285715
2022-07-09T13:39:24Z,saccharina_latissima,798,0.4211
2022-07-09T13:39:24Z,saccharina_latissima,800,0.42099285714285717
2023-08-25T13:19:02Z,sediment,340,0.1594823529411765
2023-08-25T13:19:02Z,sediment,342,0.16433750000000003
2023-08-25T13:19:02Z,sediment,344,0.15685294117647058
2023-08-25T13:19:02Z,sediment,346,0.1524
2023-08-25T13:19:02Z,sediment,348,0.14809411764705877
2023-08-25T13:19:02Z,sediment,350,0.1491
2023-08-25T13:19:02Z,sediment,352,0.1539529411764706
2023-08-25T13:19:02Z,sediment,354,0.1503125
2023-08-25T13:19:02Z,sediment,356,0.14062499999999997
2023-08-25T13:19:02Z,sediment,358,0.13652941176470587
2023-08-25T13:19:02Z,sediment,360,0.13563749999999997
2023-08-25T13:19:02Z,sediment,362,0.13594705882352937
2023-08-25T13:19:02Z,sediment,364,0.13050625
2023-08-25T13:19:02Z,sediment,366,0.12467500000000002
2023-08-25T13:19:02Z,sediment,368,0.11960000000000001
2023-08-25T13:19:02Z,sediment,370,0.11835
2023-08-25T13:19:02Z,sediment,372,0.11879999999999999
2023-08-25T13:19:02Z,sediment,374,0.11793529411764707
2023-08-25T13:19:02Z,sediment,376,0.11326250000000006
2023-08-25T13:19:02Z,sediment,378,0.1100411764705882
2023-08-25T13:19:02Z,sediment,380,0.10833750000000004
2023-08-25T13:19:02Z,sediment,382,0.11171249999999999
2023-08-25T13:19:02Z,sediment,384,0.11146249999999999
2023-08-25T13:19:02Z,sediment,386,0.1090823529411765
2023-08-25T13:19:02Z,sediment,388,0.10479375
2023-08-25T13:19:02Z,sediment,390,0.10384375
2023-08-25T13:19:02Z,sediment,392,0.10396250000000001
2023-08-25T13:19:02Z,sediment,394,0.10300000000000001
2023-08-25T13:19:02Z,sediment,396,0.101225
2023-08-25T13:19:02Z,sediment,398,0.10105
2023-08-25T13:19:02Z,sediment,400,0.09929999999999999
2023-08-25T13:19:02Z,sediment,402,0.09820000000000001
2023-08-25T13:19:02Z,sediment,404,0.09783529411764708
2023-08-25T13:19:02Z,sediment,406,0.09721250000000001
2023-08-25T13:19:02Z,sediment,408,0.09744375
2023-08-25T13:19:02Z,sediment,410,0.0981625
2023-08-25T13:19:02Z,sediment,412,0.0989
2023-08-25T13:19:02Z,sediment,414,0.09894375
2023-08-25T13:19:02Z,sediment,416,0.09934375
2023-08-25T13:19:02Z,sediment,418,0.10011764705882353
2023-08-25T13:19:02Z,sediment,420,0.1008
2023-08-25T13:19:02Z,sediment,422,0.10172500000000001
2023-08-25T13:19:02Z,sediment,424,0.1026
2023-08-25T13:19:02Z,sediment,426,0.1035125
2023-08-25T13:19:02Z,sediment,428,0.104425
2023-08-25T13:19:02Z,sediment,430,0.105675
2023-08-25T13:19:02Z,sediment,432,0.10667499999999999
2023-08-25T13:19:02Z,sediment,434,0.107425
2023-08-25T13:19:02Z,sediment,436,0.1083875
2023-08-25T13:19:02Z,sediment,438,0.1093375
2023-08-25T13:19:02Z,sediment,440,0.11058749999999999
2023-08-25T13:19:02Z,sediment,442,0.1117875
2023-08-25T13:19:02Z,sediment,444,0.11325
2023-08-25T13:19:02Z,sediment,446,0.11475000000000002
2023-08-25T13:19:02Z,sediment,448,0.11631249999999999
2023-08-25T13:19:02Z,sediment,450,0.11793750000000001
2023-08-25T13:19:02Z,sediment,452,0.1194625
2023-08-25T13:19:02Z,sediment,454,0.12108750000000001
2023-08-25T13:19:02Z,sediment,456,0.1225875
2023-08-25T13:19:02Z,sediment,458,0.123875
2023-08-25T13:19:02Z,sediment,460,0.125125
2023-08-25T13:19:02Z,sediment,462,0.1263375
2023-08-25T13:19:02Z,sediment,464,0.12746249999999998
2023-08-25T13:19:02Z,sediment,466,0.1285875
2023-08-25T13:19:02Z,sediment,468,0.12984666666666667
2023-08-25T13:19:02Z,sediment,470,0.1312375
2023-08-25T13:19:02Z,sediment,472,0.13255625
2023-08-25T13:19:02Z,sediment,474,0.13393125
2023-08-25T13:19:02Z,sediment,476,0.13530625
2023-08-25T13:19:02Z,sediment,478,0.13668125
2023-08-25T13:19:02Z,sediment,480,0.13791875
2023-08-25T13:19:02Z,sediment,482,0.1391
2023-08-25T13:19:02Z,sediment,484,0.14015
2023-08-25T13:19:02Z,sediment,486,0.1414
2023-08-25T13:19:02Z,sediment,488,0.142575
2023-08-25T13:19:02Z,sediment,490,0.1438
2023-08-25T13:19:02Z,sediment,492,0.1450125
2023-08-25T13:19:02Z,sediment,494,0.1462625
2023-08-25T13:19:02Z,sediment,496,0.147675
2023-08-25T13:19:02Z,sediment,498,0.14914999999999998
2023-08-25T13:19:02Z,sediment,500,0.15076250000000002
2023-08-25T13:19:02Z,sediment,502,0.15263749999999998
2023-08-25T13:19:02Z,sediment,504,0.1546
2023-08-25T13:19:02Z,sediment,506,0.15658125
2023-08-25T13:19:02Z,sediment,508,0.1585
2023-08-25T13:19:02Z,sediment,510,0.16043125
2023-08-25T13:19:02Z,sediment,512,0.1625
2023-08-25T13:19:02Z,sediment,514,0.16434999999999997
2023-08-25T13:19:02Z,sediment,516,0.16625333333333328
2023-08-25T13:19:02Z,sediment,518,0.16813750000000002
2023-08-25T13:19:02Z,sediment,520,0.16988125
2023-08-25T13:19:02Z,sediment,522,0.17153333333333334
2023-08-25T13:19:02Z,sediment,524,0.17327499999999998
2023-08-25T13:19:02Z,sediment,526,0.17502499999999996
2023-08-25T13:19:02Z,sediment,528,0.17670624999999998
2023-08-25T13:19:02Z,sediment,530,0.1782066666666667
2023-08-25T13:19:02Z,sediment,532,0.17980000000000004
2023-08-25T13:19:02Z,sediment,534,0.18109999999999998
2023-08-25T13:19:02Z,sediment,536,0.18254375
2023-08-25T13:19:02Z,sediment,538,0.18391874999999996
2023-08-25T13:19:02Z,sediment,540,0.1853533333333333
2023-08-25T13:19:02Z,sediment,542,0.18686000000000003
2023-08-25T13:19:02Z,sediment,544,0.18846875000000002
2023-08-25T13:19:02Z,sediment,546,0.19009375
2023-08-25T13:19:02Z,sediment,548,0.1918
2023-08-25T13:19:02Z,sediment,550,0.19335
2023-08-25T13:19:02Z,sediment,552,0.1951466666666666
2023-08-25T13:19:02Z,sediment,554,0.19685625
2023-08-25T13:19:02Z,sediment,556,0.19855000000000003
2023-08-25T13:19:02Z,sediment,558,0.20008
2023-08-25T13:19:02Z,sediment,560,0.20155625000000002
2023-08-25T13:19:02Z,sediment,562,0.203
2023-08-25T13:19:02Z,sediment,564,0.20403999999999997
2023-08-25T13:19:02Z,sediment,566,0.20515
2023-08-25T13:19:02Z,sediment,568,0.20619333333333328
2023-08-25T13:19:02Z,sediment,570,0.20743333333333336
2023-08-25T13:19:02Z,sediment,572,0.20878125000000003
2023-08-25T13:19:02Z,sediment,574,0.2102066666666667
2023-08-25T13:19:02Z,sediment,576,0.21170000000000003
2023-08-25T13:19:02Z,sediment,578,0.213175
2023-08-25T13:19:02Z,sediment,580,0.21466
2023-08-25T13:19:02Z,sediment,582,0.21597499999999997
2023-08-25T13:19:02Z,sediment,584,0.21727999999999997
2023-08-25T13:19:02Z,sediment,586,0.21835
2023-08-25T13:19:02Z,sediment,588,0.21926000000000004
2023-08-25T13:19:02Z,sediment,590,0.22045333333333333
2023-08-25T13:19:02Z,sediment,592,0.2215
2023-08-25T13:19:02Z,sediment,594,0.22233333333333333
2023-08-25T13:19:02Z,sediment,596,0.2229
2023-08-25T13:19:02Z,sediment,598,0.223
2023-08-25T13:19:02Z,sediment,600,0.223
2023-08-25T13:19:02Z,sediment,602,0.223
2023-08-25T13:19:02Z,sediment,604,0.2228
2023-08-25T13:19:02Z,sediment,606,0.22275333333333333
2023-08-25T13:19:02Z,sediment,608,0.22262
2023-08-25T13:19:02Z,sediment,610,0.22236666666666666
2023-08-25T13:19:02Z,sediment,612,0.22178
2023-08-25T13:19:02Z,sediment,614,0.2211875
2023-08-25T13:19:02Z,sediment,616,0.2208
2023-08-25T13:19:02Z,sediment,618,0.2204
2023-08-25T13:19:02Z,sediment,620,0.220325
2023-08-25T13:19:02Z,sediment,622,0.22002666666666668
2023-08-25T13:19:02Z,sediment,624,0.21994999999999998
2023-08-25T13:19:02Z,sediment,626,0.22015333333333334
2023-08-25T13:19:02Z,sediment,628,0.22054666666666664
2023-08-25T13:19:02Z,sediment,630,0.22074375000000002
2023-08-25T13:19:02Z,sediment,632,0.22045333333333333
2023-08-25T13:19:02Z,sediment,634,0.22032000000000002
2023-08-25T13:19:02Z,sediment,636,0.22052666666666668
2023-08-25T13:19:02Z,sediment,638,0.22056874999999998
2023-08-25T13:19:02Z,sediment,640,0.22054666666666667
2023-08-25T13:19:02Z,sediment,642,0.22097333333333333
2023-08-25T13:19:02Z,sediment,644,0.22039999999999998
2023-08-25T13:19:02Z,sediment,646,0.21975625000000001
2023-08-25T13:19:02Z,sediment,648,0.21899999999999997
2023-08-25T13:19:02Z,sediment,650,0.21873333333333334
2023-08-25T13:19:02Z,sediment,652,0.21806666666666666
2023-08-25T13:19:02Z,sediment,654,0.217
2023-08-25T13:19:02Z,sediment,656,0.2157666666666667
2023-08-25T13:19:02Z,sediment,658,0.2143625
2023-08-25T13:19:02Z,sediment,660,0.21212000000000003
2023-08-25T13:19:02Z,sediment,662,0.20986000000000005
2023-08-25T13:19:02Z,sediment,664,0.20714000000000002
2023-08-25T13:19:02Z,sediment,666,0.20519333333333337
2023-08-25T13:19:02Z,sediment,668,0.20420666666666665
2023-08-25T13:19:02Z,sediment,670,0.20527999999999996
2023-08-25T13:19:02Z,sediment,672,0.20859999999999995
2023-08-25T13:19:02Z,sediment,674,0.21155999999999994
2023-08-25T13:19:02Z,sediment,676,0.21671999999999997
2023-08-25T13:19:02Z,sediment,678,0.22287999999999994
2023-08-25T13:19:02Z,sediment,680,0.22991333333333325
2023-08-25T13:19:02Z,sediment,682,0.23799999999999988
2023-08-25T13:19:02Z,sediment,684,0.24583999999999992
2023-08-25T13:19:02Z,sediment,686,0.2553933333333332
2023-08-25T13:19:02Z,sediment,688,0.2669799999999999
2023-08-25T13:19:02Z,sediment,690,0.2755399999999999
2023-08-25T13:19:02Z,sediment,692,0.2798399999999999
2023-08-25T13:19:02Z,sediment,694,0.2871599999999999
2023-08-25T13:19:02Z,sediment,696,0.29238666666666663
2023-08-25T13:19:02Z,sediment,698,0.2966999999999999
2023-08-25T13:19:02Z,sediment,700,0.30299999999999994
2023-08-25T13:19:02Z,sediment,702,0.3106933333333332
2023-08-25T13:19:02Z,sediment,704,0.32253333333333334
2023-08-25T13:19:02Z,sediment,706,0.33553333333333335
2023-08-25T13:19:02Z,sediment,708,0.3471
2023-08-25T13:19:02Z,sediment,710,0.3607333333333333
2023-08-25T13:19:02Z,sediment,712,0.3666
2023-08-25T13:19:02Z,sediment,714,0.39547333333333373
2023-08-25T13:19:02Z,sediment,716,0.4355400000000006
2023-08-25T13:19:02Z,sediment,718,0.48734000000000055
2023-08-25T13:19:02Z,sediment,720,0.5238928571428574
2023-08-25T13:19:02Z,sediment,722,0.5567066666666677
2023-08-25T13:19:02Z,sediment,724,0.5671599999999998
2023-08-25T13:19:02Z,sediment,726,0.5875714285714281
2023-08-25T13:19:02Z,sediment,728,0.5859999999999991
2023-08-25T13:19:02Z,sediment,730,0.5903800000000003
2023-08-25T13:19:02Z,sediment,732,0.6146285714285711
2023-08-25T13:19:02Z,sediment,734,0.62602
2023-08-25T13:19:02Z,sediment,736,0.5893666666666673
2023-08-25T13:19:02Z,sediment,738,0.5638000000000001
2023-08-25T13:19:02Z,sediment,740,0.5428666666666666
2023-08-25T13:19:02Z,sediment,742,0.5692
2023-08-25T13:19:02Z,sediment,744,0.5323399999999997
2023-08-25T13:19:02Z,sediment,746,0.5573571428571441
2023-08-25T13:19:02Z,sediment,748,0.5333
2023-08-25T13:19:02Z,sediment,750,0.5303
2023-08-25T13:19:02Z,sediment,752,0.5903066666666644
2023-08-25T13:19:02Z,sediment,754,0.4742642857142855
2023-08-25T13:19:02Z,sediment,756,0.48
2023-08-25T13:19:02Z,sediment,758,0.4
2023-08-25T13:19:02Z,sediment,760,0.48617857142857185
2023-08-25T13:19:02Z,sediment,762,0.4681066666666653
2023-08-25T13:19:02Z,sediment,764,0.4716666666666659
2023-08-25T13:19:02Z,sediment,766,0.4666600000000011
2023-08-25T13:19:02Z,sediment,768,0.5102142857142851
2023-08-25T13:19:02Z,sediment,770,0.5169714285714307
2023-08-25T13:19:02Z,sediment,772,0.4525357142857143
2023-08-25T13:19:02Z,sediment,774,0.35
2023-08-25T13:19:02Z,sediment,776,0.3149999999999996
2023-08-25T13:19:02Z,sediment,778,0.42343571428571886
2023-08-25T13:19:02Z,sediment,780,0.3469714285714292
2023-08-25T13:19:02Z,sediment,782,0.32569333333333594
2023-08-25T13:19:02Z,sediment,784,0.3609142857142843
2023-08-25T13:19:02Z,sediment,786,0.3111
2023-08-25T13:19:02Z,sediment,788,0.3333
2023-08-25T13:19:02Z,sediment,790,0.38475999999999655
2023-08-25T13:19:02Z,sediment,792,0.2714
2023-08-25T13:19:02Z,sediment,794,0.2350000000000004
2023-08-25T13:19:02Z,sediment,796,0.24664285714285658
2023-08-25T13:19:02Z,sediment,798,0.30857142857142905
2023-08-25T13:19:02Z,sediment,800,0.23568571428571486
2023-08-25T13:19:46Z,sediment,340,0.17884705882352936
2023-08-25T13:19:46Z,sediment,342,0.17841249999999997
2023-08-25T13:19:46Z,sediment,344,0.17920000000000003
2023-08-25T13:19:46Z,sediment,346,0.18173125
2023-08-25T13:19:46Z,sediment,348,0.17888235294117638
2023-08-25T13:19:46Z,sediment,350,0.1745
2023-08-25T13:19:46Z,sediment,352,0.16518235294117645
2023-08-25T13:19:46Z,sediment,354,0.16373749999999998
2023-08-25T13:19:46Z,sediment,356,0.15980624999999998
2023-08-25T13:19:46Z,sediment,358,0.16310588235294118
2023-08-25T13:19:46Z,sediment,360,0.1579875
2023-08-25T13:19:46Z,sediment,362,0.15668235294117644
2023-08-25T13:19:46Z,sediment,364,0.14700000000000002
2023-08-25T13:19:46Z,sediment,366,0.1411125
2023-08-25T13:19:46Z,sediment,368,0.1373
2023-08-25T13:19:46Z,sediment,370,0.134725
2023-08-25T13:19:46Z,sediment,372,0.13219999999999998
2023-08-25T13:19:46Z,sediment,374,0.13011176470588237
2023-08-25T13:19:46Z,sediment,376,0.12763750000000004
2023-08-25T13:19:46Z,sediment,378,0.12052352941176468
2023-08-25T13:19:46Z,sediment,380,0.11867500000000002
2023-08-25T13:19:46Z,sediment,382,0.12029999999999998
2023-08-25T13:19:46Z,sediment,384,0.121075
2023-08-25T13:19:46Z,sediment,386,0.11711176470588236
2023-08-25T13:19:46Z,sediment,388,0.11495000000000001
2023-08-25T13:19:46Z,sediment,390,0.112625
2023-08-25T13:19:46Z,sediment,392,0.11250624999999999
2023-08-25T13:19:46Z,sediment,394,0.1121
2023-08-25T13:19:46Z,sediment,396,0.10967500000000001
2023-08-25T13:19:46Z,sediment,398,0.10744999999999999
2023-08-25T13:19:46Z,sediment,400,0.10439999999999998
2023-08-25T13:19:46Z,sediment,402,0.1033
2023-08-25T13:19:46Z,sediment,404,0.10246470588235293
2023-08-25T13:19:46Z,sediment,406,0.10326250000000001
2023-08-25T13:19:46Z,sediment,408,0.1036
2023-08-25T13:19:46Z,sediment,410,0.10388125000000001
2023-08-25T13:19:46Z,sediment,412,0.10401875000000001
2023-08-25T13:19:46Z,sediment,414,0.10440625
2023-08-25T13:19:46Z,sediment,416,0.1049375
2023-08-25T13:19:46Z,sediment,418,0.10579411764705882
2023-08-25T13:19:46Z,sediment,420,0.106725
2023-08-25T13:19:46Z,sediment,422,0.1079375
2023-08-25T13:19:46Z,sediment,424,0.10906249999999999
2023-08-25T13:19:46Z,sediment,426,0.11053750000000001
2023-08-25T13:19:46Z,sediment,428,0.11195
2023-08-25T13:19:46Z,sediment,430,0.1132625
2023-08-25T13:19:46Z,sediment,432,0.11426249999999999
2023-08-25T13:19:46Z,sediment,434,0.11547500000000001
2023-08-25T13:19:46Z,sediment,436,0.11687499999999999
2023-08-25T13:19:46Z,sediment,438,0.11858750000000001
2023-08-25T13:19:46Z,sediment,440,0.12014999999999998
2023-08-25T13:19:46Z,sediment,442,0.121825
2023-08-25T13:19:46Z,sediment,444,0.12392499999999998
2023-08-25T13:19:46Z,sediment,446,0.1261375
2023-08-25T13:19:46Z,sediment,448,0.12819999999999998
2023-08-25T13:19:46Z,sediment,450,0.1302875
2023-08-25T13:19:46Z,sediment,452,0.1325125
2023-08-25T13:19:46Z,sediment,454,0.13456250000000003
2023-08-25T13:19:46Z,sediment,456,0.1364375
2023-08-25T13:19:46Z,sediment,458,0.13831249999999998
2023-08-25T13:19:46Z,sediment,460,0.140075
2023-08-25T13:19:46Z,sediment,462,0.141825
2023-08-25T13:19:46Z,sediment,464,0.14369999999999997
2023-08-25T13:19:46Z,sediment,466,0.1456125
2023-08-25T13:19:46Z,sediment,468,0.14751333333333333
2023-08-25T13:19:46Z,sediment,470,0.14964375000000002
2023-08-25T13:19:46Z,sediment,472,0.15176875
2023-08-25T13:19:46Z,sediment,474,0.1539875
2023-08-25T13:19:46Z,sediment,476,0.15621875000000002
2023-08-25T13:19:46Z,sediment,478,0.1583
2023-08-25T13:19:46Z,sediment,480,0.16023125000000002
2023-08-25T13:19:46Z,sediment,482,0.1623
2023-08-25T13:19:46Z,sediment,484,0.164275
2023-08-25T13:19:46Z,sediment,486,0.16595
2023-08-25T13:19:46Z,sediment,488,0.16732500000000003
2023-08-25T13:19:46Z,sediment,490,0.16899999999999998
2023-08-25T13:19:46Z,sediment,492,0.17096875
2023-08-25T13:19:46Z,sediment,494,0.17284375
2023-08-25T13:19:46Z,sediment,496,0.1748
2023-08-25T13:19:46Z,sediment,498,0.177125
2023-08-25T13:19:46Z,sediment,500,0.1793375
2023-08-25T13:19:46Z,sediment,502,0.181525
2023-08-25T13:19:46Z,sediment,504,0.18387999999999996
2023-08-25T13:19:46Z,sediment,506,0.18639375000000002
2023-08-25T13:19:46Z,sediment,508,0.188975
2023-08-25T13:19:46Z,sediment,510,0.19147500000000003
2023-08-25T13:19:46Z,sediment,512,0.1943
2023-08-25T13:19:46Z,sediment,514,0.196925
2023-08-25T13:19:46Z,sediment,516,0.19967333333333326
2023-08-25T13:19:46Z,sediment,518,0.20216250000000005
2023-08-25T13:19:46Z,sediment,520,0.205075
2023-08-25T13:19:46Z,sediment,522,0.20856666666666668
2023-08-25T13:19:46Z,sediment,524,0.21161249999999998
2023-08-25T13:19:46Z,sediment,526,0.21406249999999993
2023-08-25T13:19:46Z,sediment,528,0.21591874999999996
2023-08-25T13:19:46Z,sediment,530,0.21818666666666672
2023-08-25T13:19:46Z,sediment,532,0.22047500000000003
2023-08-25T13:19:46Z,sediment,534,0.2224
2023-08-25T13:19:46Z,sediment,536,0.22449999999999998
2023-08-25T13:19:46Z,sediment,538,0.22649999999999995
2023-08-25T13:19:46Z,sediment,540,0.22858666666666663
2023-08-25T13:19:46Z,sediment,542,0.23050000000000004
2023-08-25T13:19:46Z,sediment,544,0.23254375000000005
2023-08-25T13:19:46Z,sediment,546,0.23466875
2023-08-25T13:19:46Z,sediment,548,0.2369
2023-08-25T13:19:46Z,sediment,550,0.23915
2023-08-25T13:19:46Z,sediment,552,0.24145999999999995
2023-08-25T13:19:46Z,sediment,554,0.24392500000000003
2023-08-25T13:19:46Z,sediment,556,0.24666250000000006
2023-08-25T13:19:46Z,sediment,558,0.24934000000000003
2023-08-25T13:19:46Z,sediment,560,0.25190625
2023-08-25T13:19:46Z,sediment,562,0.2546
2023-08-25T13:19:46Z,sediment,564,0.2571333333333333
2023-08-25T13:19:46Z,sediment,566,0.2596124999999999
2023-08-25T13:19:46Z,sediment,568,0.2619599999999999
2023-08-25T13:19:46Z,sediment,570,0.26420000000000005
2023-08-25T13:19:46Z,sediment,572,0.26611250000000003
2023-08-25T13:19:46Z,sediment,574,0.268
2023-08-25T13:19:46Z,sediment,576,0.2698
2023-08-25T13:19:46Z,sediment,578,0.2714125
2023-08-25T13:19:46Z,sediment,580,0.27258
2023-08-25T13:19:46Z,sediment,582,0.273775
2023-08-25T13:19:46Z,sediment,584,0.27524
2023-08-25T13:19:46Z,sediment,586,0.27665
2023-08-25T13:19:46Z,sediment,588,0.27806000000000003
2023-08-25T13:19:46Z,sediment,590,0.2789333333333333
2023-08-25T13:19:46Z,sediment,592,0.279625
2023-08-25T13:19:46Z,sediment,594,0.28053333333333336
2023-08-25T13:19:46Z,sediment,596,0.2815
2023-08-25T13:19:46Z,sediment,598,0.2820533333333333
2023-08-25T13:19:46Z,sediment,600,0.2820875
2023-08-25T13:19:46Z,sediment,602,0.28165333333333337
2023-08-25T13:19:46Z,sediment,604,0.2811375
2023-08-25T13:19:46Z,sediment,606,0.28125333333333336
2023-08-25T13:19:46Z,sediment,608,0.28143999999999997
2023-08-25T13:19:46Z,sediment,610,0.28190000000000004
2023-08-25T13:19:46Z,sediment,612,0.28214
2023-08-25T13:19:46Z,sediment,614,0.2826375
2023-08-25T13:19:46Z,sediment,616,0.2832
2023-08-25T13:19:46Z,sediment,618,0.2834333333333333
2023-08-25T13:19:46Z,sediment,620,0.2840125
2023-08-25T13:19:46Z,sediment,622,0.28476
2023-08-25T13:19:46Z,sediment,624,0.28574999999999995
2023-08-25T13:19:46Z,sediment,626,0.2865733333333333
2023-08-25T13:19:46Z,sediment,628,0.28741999999999995
2023-08-25T13:19:46Z,sediment,630,0.28791249999999996
2023-08-25T13:19:46Z,sediment,632,0.28858666666666666
2023-08-25T13:19:46Z,sediment,634,0.28912000000000004
2023-08-25T13:19:46Z,sediment,636,0.28985333333333335
2023-08-25T13:19:46Z,sediment,638,0.29050625
2023-08-25T13:19:46Z,sediment,640,0.29119333333333336
2023-08-25T13:19:46Z,sediment,642,0.29202666666666666
2023-08-25T13:19:46Z,sediment,644,0.29256
2023-08-25T13:19:46Z,sediment,646,0.29335
2023-08-25T13:19:46Z,sediment,648,0.2945
2023-08-25T13:19:46Z,sediment,650,0.29453333333333337
2023-08-25T13:19:46Z,sediment,652,0.29386666666666666
2023-08-25T13:19:46Z,sediment,654,0.2933
2023-08-25T13:19:46Z,sediment,656,0.2922666666666667
2023-08-25T13:19:46Z,sediment,658,0.28875000000000006
2023-08-25T13:19:46Z,sediment,660,0.28572
2023-08-25T13:19:46Z,sediment,662,0.28124000000000005
2023-08-25T13:19:46Z,sediment,664,0.27698000000000006
2023-08-25T13:19:46Z,sediment,666,0.2735666666666667
2023-08-25T13:19:46Z,sediment,668,0.2694666666666667
2023-08-25T13:19:46Z,sediment,670,0.26770000000000005
2023-08-25T13:19:46Z,sediment,672,0.26806
2023-08-25T13:19:46Z,sediment,674,0.2679533333333333
2023-08-25T13:19:46Z,sediment,676,0.26998
2023-08-25T13:19:46Z,sediment,678,0.2733933333333333
2023-08-25T13:19:46Z,sediment,680,0.2778666666666666
2023-08-25T13:19:46Z,sediment,682,0.28337999999999997
2023-08-25T13:19:46Z,sediment,684,0.2906999999999999
2023-08-25T13:19:46Z,sediment,686,0.2994333333333332
2023-08-25T13:19:46Z,sediment,688,0.3088999999999999
2023-08-25T13:19:46Z,sediment,690,0.31615333333333323
2023-08-25T13:19:46Z,sediment,692,0.32008
2023-08-25T13:19:46Z,sediment,694,0.32531999999999994
2023-08-25T13:19:46Z,sediment,696,0.32832
2023-08-25T13:19:46Z,sediment,698,0.3291533333333333
2023-08-25T13:19:46Z,sediment,700,0.33043999999999996
2023-08-25T13:19:46Z,sediment,702,0.3322266666666666
2023-08-25T13:19:46Z,sediment,704,0.33440000000000003
2023-08-25T13:19:46Z,sediment,706,0.3349333333333333
2023-08-25T13:19:46Z,sediment,708,0.3322
2023-08-25T13:19:46Z,sediment,710,0.33753333333333335
2023-08-25T13:19:46Z,sediment,712,0.33746666666666664
2023-08-25T13:19:46Z,sediment,714,0.33424666666666664
2023-08-25T13:19:46Z,sediment,716,0.34066000000000035
2023-08-25T13:19:46Z,sediment,718,0.34990666666666664
2023-08-25T13:19:46Z,sediment,720,0.35050000000000053
2023-08-25T13:19:46Z,sediment,722,0.38036666666666685
2023-08-25T13:19:46Z,sediment,724,0.3618599999999992
2023-08-25T13:19:46Z,sediment,726,0.3697714285714283
2023-08-25T13:19:46Z,sediment,728,0.35888000000000003
2023-08-25T13:19:46Z,sediment,730,0.3462000000000004
2023-08-25T13:19:46Z,sediment,732,0.3522785714285715
2023-08-25T13:19:46Z,sediment,734,0.3799999999999992
2023-08-25T13:19:46Z,sediment,736,0.37508000000000036
2023-08-25T13:19:46Z,sediment,738,0.3638
2023-08-25T13:19:46Z,sediment,740,0.3524
2023-08-25T13:19:46Z,sediment,742,0.36920000000000003
2023-08-25T13:19:46Z,sediment,744,0.3938399999999998
2023-08-25T13:19:46Z,sediment,746,0.3705357142857138
2023-08-25T13:19:46Z,sediment,748,0.3667
2023-08-25T13:19:46Z,sediment,750,0.38335
2023-08-25T13:19:46Z,sediment,752,0.38266666666666727
2023-08-25T13:19:46Z,sediment,754,0.311435714285714
2023-08-25T13:19:46Z,sediment,756,0.33199999999999974
2023-08-25T13:19:46Z,sediment,758,0.2909
2023-08-25T13:19:46Z,sediment,760,0.3792142857142857
2023-08-25T13:19:46Z,sediment,762,0.345166666666666
2023-08-25T13:19:46Z,sediment,764,0.3399999999999977
2023-08-25T13:19:46Z,sediment,766,0.3066866666666687
2023-08-25T13:19:46Z,sediment,768,0.3918428571428558
2023-08-25T13:19:46Z,sediment,770,0.4724428571428609
2023-08-25T13:19:46Z,sediment,772,0.34157142857142886
2023-08-25T13:19:46Z,sediment,774,0.275
2023-08-25T13:19:46Z,sediment,776,0.28500000000000036
2023-08-25T13:19:46Z,sediment,778,0.2887642857142853
2023-08-25T13:19:46Z,sediment,780,0.2734285714285741
2023-08-25T13:19:46Z,sediment,782,0.3409466666666684
2023-08-25T13:19:46Z,sediment,784,0.39387857142856997
2023-08-25T13:19:46Z,sediment,786,0.3444333333333333
2023-08-25T13:19:46Z,sediment,788,0.3428428571428568
2023-08-25T13:19:46Z,sediment,790,0.32313999999999765
2023-08-25T13:19:46Z,sediment,792,0.24285
2023-08-25T13:19:46Z,sediment,794,0.2948999999999987
2023-08-25T13:19:46Z,sediment,796,0.3295000000000001
2023-08-25T13:19:46Z,sediment,798,0.34857142857142903
2023-08-25T13:19:46Z,sediment,800,0.302378571428572
2023-08-25T13:20:31Z,sediment,340,0.1327823529411765
2023-08-25T13:20:31Z,sediment,342,0.13025
2023-08-25T13:20:31Z,sediment,344,0.1292
2023-08-25T13:20:31Z,sediment,346,0.12768125000000002
2023-08-25T13:20:31Z,sediment,348,0.11632941176470574
2023-08-25T13:20:31Z,sediment,350,0.1127
2023-08-25T13:20:31Z,sediment,352,0.11140588235294123
2023-08-25T13:20:31Z,sediment,354,0.10981250000000001
2023-08-25T13:20:31Z,sediment,356,0.11218750000000001
2023-08-25T13:20:31Z,sediment,358,0.11752941176470591
2023-08-25T13:20:31Z,sediment,360,0.11195000000000002
2023-08-25T13:20:31Z,sediment,362,0.10475882352941175
2023-08-25T13:20:31Z,sediment,364,0.10181875
2023-08-25T13:20:31Z,sediment,366,0.09872500000000001
2023-08-25T13:20:31Z,sediment,368,0.098
2023-08-25T13:20:31Z,sediment,370,0.09252500000000001
2023-08-25T13:20:31Z,sediment,372,0.09125
2023-08-25T13:20:31Z,sediment,374,0.09274117647058823
2023-08-25T13:20:31Z,sediment,376,0.09286250000000001
2023-08-25T13:20:31Z,sediment,378,0.08721176470588232
2023-08-25T13:20:31Z,sediment,380,0.08362499999999999
2023-08-25T13:20:31Z,sediment,382,0.0840625
2023-08-25T13:20:31Z,sediment,384,0.08627500000000002
2023-08-25T13:20:31Z,sediment,386,0.08346470588235295
2023-08-25T13:20:31Z,sediment,388,0.08107500000000001
2023-08-25T13:20:31Z,sediment,390,0.07885625
2023-08-25T13:20:31Z,sediment,392,0.07763125
2023-08-25T13:20:31Z,sediment,394,0.0793
2023-08-25T13:20:31Z,sediment,396,0.07870000000000002
2023-08-25T13:20:31Z,sediment,398,0.0762
2023-08-25T13:20:31Z,sediment,400,0.07369999999999999
2023-08-25T13:20:31Z,sediment,402,0.0712
2023-08-25T13:20:31Z,sediment,404,0.07137058823529412
2023-08-25T13:20:31Z,sediment,406,0.07155625
2023-08-25T13:20:31Z,sediment,408,0.07143125
2023-08-25T13:20:31Z,sediment,410,0.07139999999999999
2023-08-25T13:20:31Z,sediment,412,0.07197500000000001
2023-08-25T13:20:31Z,sediment,414,0.072475
2023-08-25T13:20:31Z,sediment,416,0.0725625
2023-08-25T13:20:31Z,sediment,418,0.07311764705882354
2023-08-25T13:20:31Z,sediment,420,0.0738625
2023-08-25T13:20:31Z,sediment,422,0.0745625
2023-08-25T13:20:31Z,sediment,424,0.0755
2023-08-25T13:20:31Z,sediment,426,0.0765875
2023-08-25T13:20:31Z,sediment,428,0.0772875
2023-08-25T13:20:31Z,sediment,430,0.07838750000000001
2023-08-25T13:20:31Z,sediment,432,0.0797
2023-08-25T13:20:31Z,sediment,434,0.08052500000000001
2023-08-25T13:20:31Z,sediment,436,0.0816125
2023-08-25T13:20:31Z,sediment,438,0.08277500000000002
2023-08-25T13:20:31Z,sediment,440,0.08408749999999998
2023-08-25T13:20:31Z,sediment,442,0.085375
2023-08-25T13:20:31Z,sediment,444,0.0865125
2023-08-25T13:20:31Z,sediment,446,0.08775000000000001
2023-08-25T13:20:31Z,sediment,448,0.08912499999999998
2023-08-25T13:20:31Z,sediment,450,0.09037500000000001
2023-08-25T13:20:31Z,sediment,452,0.091625
2023-08-25T13:20:31Z,sediment,454,0.09295
2023-08-25T13:20:31Z,sediment,456,0.09432499999999999
2023-08-25T13:20:31Z,sediment,458,0.0954875
2023-08-25T13:20:31Z,sediment,460,0.0967125
2023-08-25T13:20:31Z,sediment,462,0.09783750000000001
2023-08-25T13:20:31Z,sediment,464,0.0989625
2023-08-25T13:20:31Z,sediment,466,0.100175
2023-08-25T13:20:31Z,sediment,468,0.10142
2023-08-25T13:20:31Z,sediment,470,0.1026375
2023-08-25T13:20:31Z,sediment,472,0.10388750000000001
2023-08-25T13:20:31Z,sediment,474,0.1051375
2023-08-25T13:20:31Z,sediment,476,0.10628750000000001
2023-08-25T13:20:31Z,sediment,478,0.10749375000000001
2023-08-25T13:20:31Z,sediment,480,0.1086875
2023-08-25T13:20:31Z,sediment,482,0.1099
2023-08-25T13:20:31Z,sediment,484,0.1109
2023-08-25T13:20:31Z,sediment,486,0.11205
2023-08-25T13:20:31Z,sediment,488,0.11350000000000002
2023-08-25T13:20:31Z,sediment,490,0.1148
2023-08-25T13:20:31Z,sediment,492,0.1159125
2023-08-25T13:20:31Z,sediment,494,0.11716249999999999
2023-08-25T13:20:31Z,sediment,496,0.11841249999999999
2023-08-25T13:20:31Z,sediment,498,0.1196375
2023-08-25T13:20:31Z,sediment,500,0.12101250000000001
2023-08-25T13:20:31Z,sediment,502,0.12244999999999999
2023-08-25T13:20:31Z,sediment,504,0.12401999999999998
2023-08-25T13:20:31Z,sediment,506,0.12550625
2023-08-25T13:20:31Z,sediment,508,0.12688125
2023-08-25T13:20:31Z,sediment,510,0.12825625
2023-08-25T13:20:31Z,sediment,512,0.1297
2023-08-25T13:20:31Z,sediment,514,0.13107499999999997
2023-08-25T13:20:31Z,sediment,516,0.13248666666666664
2023-08-25T13:20:31Z,sediment,518,0.13405625000000002
2023-08-25T13:20:31Z,sediment,520,0.13566875
2023-08-25T13:20:31Z,sediment,522,0.13706666666666667
2023-08-25T13:20:31Z,sediment,524,0.13848749999999999
2023-08-25T13:20:31Z,sediment,526,0.1396875
2023-08-25T13:20:31Z,sediment,528,0.14120624999999998
2023-08-25T13:20:31Z,sediment,530,0.1425666666666667
2023-08-25T13:20:31Z,sediment,532,0.14377500000000004
2023-08-25T13:20:31Z,sediment,534,0.1449
2023-08-25T13:20:31Z,sediment,536,0.14628125
2023-08-25T13:20:31Z,sediment,538,0.14746249999999997
2023-08-25T13:20:31Z,sediment,540,0.14876666666666663
2023-08-25T13:20:31Z,sediment,542,0.15024666666666672
2023-08-25T13:20:31Z,sediment,544,0.15163750000000004
2023-08-25T13:20:31Z,sediment,546,0.15295625
2023-08-25T13:20:31Z,sediment,548,0.15439999999999998
2023-08-25T13:20:31Z,sediment,550,0.15577499999999997
2023-08-25T13:20:31Z,sediment,552,0.15718666666666664
2023-08-25T13:20:31Z,sediment,554,0.15867500000000004
2023-08-25T13:20:31Z,sediment,556,0.16003750000000005
2023-08-25T13:20:31Z,sediment,558,0.16140000000000002
2023-08-25T13:20:31Z,sediment,560,0.1626875
2023-08-25T13:20:31Z,sediment,562,0.16390000000000002
2023-08-25T13:20:31Z,sediment,564,0.16485999999999998
2023-08-25T13:20:31Z,sediment,566,0.16569375
2023-08-25T13:20:31Z,sediment,568,0.16651999999999997
2023-08-25T13:20:31Z,sediment,570,0.16715333333333335
2023-08-25T13:20:31Z,sediment,572,0.16763125
2023-08-25T13:20:31Z,sediment,574,0.1679466666666667
2023-08-25T13:20:31Z,sediment,576,0.16820000000000002
2023-08-25T13:20:31Z,sediment,578,0.16875625
2023-08-25T13:20:31Z,sediment,580,0.1694
2023-08-25T13:20:31Z,sediment,582,0.1700375
2023-08-25T13:20:31Z,sediment,584,0.17042
2023-08-25T13:20:31Z,sediment,586,0.1706
2023-08-25T13:20:31Z,sediment,588,0.17078
2023-08-25T13:20:31Z,sediment,590,0.1708333333333333
2023-08-25T13:20:31Z,sediment,592,0.1714125
2023-08-25T13:20:31Z,sediment,594,0.17146666666666666
2023-08-25T13:20:31Z,sediment,596,0.17120000000000002
2023-08-25T13:20:31Z,sediment,598,0.17079333333333335
2023-08-25T13:20:31Z,sediment,600,0.17027500000000004
2023-08-25T13:20:31Z,sediment,602,0.16992666666666667
2023-08-25T13:20:31Z,sediment,604,0.17001875000000002
2023-08-25T13:20:31Z,sediment,606,0.17024000000000003
2023-08-25T13:20:31Z,sediment,608,0.17071999999999998
2023-08-25T13:20:31Z,sediment,610,0.17092
2023-08-25T13:20:31Z,sediment,612,0.17132
2023-08-25T13:20:31Z,sediment,614,0.17149999999999999
2023-08-25T13:20:31Z,sediment,616,0.1716
2023-08-25T13:20:31Z,sediment,618,0.1721
2023-08-25T13:20:31Z,sediment,620,0.17248750000000002
2023-08-25T13:20:31Z,sediment,622,0.17297333333333334
2023-08-25T13:20:31Z,sediment,624,0.173225
2023-08-25T13:20:31Z,sediment,626,0.17340666666666665
2023-08-25T13:20:31Z,sediment,628,0.17384666666666665
2023-08-25T13:20:31Z,sediment,630,0.17411249999999998
2023-08-25T13:20:31Z,sediment,632,0.17474
2023-08-25T13:20:31Z,sediment,634,0.17522000000000001
2023-08-25T13:20:31Z,sediment,636,0.17526
2023-08-25T13:20:31Z,sediment,638,0.17521875
2023-08-25T13:20:31Z,sediment,640,0.17557333333333333
2023-08-25T13:20:31Z,sediment,642,0.17599333333333333
2023-08-25T13:20:31Z,sediment,644,0.17578
2023-08-25T13:20:31Z,sediment,646,0.17559999999999998
2023-08-25T13:20:31Z,sediment,648,0.1757
2023-08-25T13:20:31Z,sediment,650,0.1757
2023-08-25T13:20:31Z,sediment,652,0.1753
2023-08-25T13:20:31Z,sediment,654,0.17489999999999997
2023-08-25T13:20:31Z,sediment,656,0.1737
2023-08-25T13:20:31Z,sediment,658,0.1733125
2023-08-25T13:20:31Z,sediment,660,0.17292
2023-08-25T13:20:31Z,sediment,662,0.17232666666666668
2023-08-25T13:20:31Z,sediment,664,0.17070000000000002
2023-08-25T13:20:31Z,sediment,666,0.16955333333333333
2023-08-25T13:20:31Z,sediment,668,0.16903333333333334
2023-08-25T13:20:31Z,sediment,670,0.1697
2023-08-25T13:20:31Z,sediment,672,0.1705533333333333
2023-08-25T13:20:31Z,sediment,674,0.1704133333333333
2023-08-25T13:20:31Z,sediment,676,0.17243999999999995
2023-08-25T13:20:31Z,sediment,678,0.1748933333333333
2023-08-25T13:20:31Z,sediment,680,0.17576666666666665
2023-08-25T13:20:31Z,sediment,682,0.17799999999999996
2023-08-25T13:20:31Z,sediment,684,0.1807733333333333
2023-08-25T13:20:31Z,sediment,686,0.18472666666666662
2023-08-25T13:20:31Z,sediment,688,0.18783999999999998
2023-08-25T13:20:31Z,sediment,690,0.19054666666666664
2023-08-25T13:20:31Z,sediment,692,0.1888133333333333
2023-08-25T13:20:31Z,sediment,694,0.19018
2023-08-25T13:20:31Z,sediment,696,0.19023333333333334
2023-08-25T13:20:31Z,sediment,698,0.18832000000000002
2023-08-25T13:20:31Z,sediment,700,0.18825999999999996
2023-08-25T13:20:31Z,sediment,702,0.18611333333333338
2023-08-25T13:20:31Z,sediment,704,0.19103333333333333
2023-08-25T13:20:31Z,sediment,706,0.1913
2023-08-25T13:20:31Z,sediment,708,0.1934
2023-08-25T13:20:31Z,sediment,710,0.19123333333333334
2023-08-25T13:20:31Z,sediment,712,0.18763333333333335
2023-08-25T13:20:31Z,sediment,714,0.1904733333333333
2023-08-25T13:20:31Z,sediment,716,0.1913400000000001
2023-08-25T13:20:31Z,sediment,718,0.2029266666666668
2023-08-25T13:20:31Z,sediment,720,0.20158571428571467
2023-08-25T13:20:31Z,sediment,722,0.21963333333333315
2023-08-25T13:20:31Z,sediment,724,0.22422000000000028
2023-08-25T13:20:31Z,sediment,726,0.21771428571428547
2023-08-25T13:20:31Z,sediment,728,0.20466666666666697
2023-08-25T13:20:31Z,sediment,730,0.2
2023-08-25T13:20:31Z,sediment,732,0.21194999999999997
2023-08-25T13:20:31Z,sediment,734,0.22899999999999957
2023-08-25T13:20:31Z,sediment,736,0.21508000000000038
2023-08-25T13:20:31Z,sediment,738,0.18696666666666664
2023-08-25T13:20:31Z,sediment,740,0.2143
2023-08-25T13:20:31Z,sediment,742,0.23079999999999998
2023-08-25T13:20:31Z,sediment,744,0.22155999999999906
2023-08-25T13:20:31Z,sediment,746,0.1835785714285714
2023-08-25T13:20:31Z,sediment,748,0.18996666666666817
2023-08-25T13:20:31Z,sediment,750,0.2621
2023-08-25T13:20:31Z,sediment,752,0.2467866666666682
2023-08-25T13:20:31Z,sediment,754,0.20144285714285942
2023-08-25T13:20:31Z,sediment,756,0.1759999999999991
2023-08-25T13:20:31Z,sediment,758,0.2
2023-08-25T13:20:31Z,sediment,760,0.22078571428571428
2023-08-25T13:20:31Z,sediment,762,0.18963999999999934
2023-08-25T13:20:31Z,sediment,764,0.2033333333333341
2023-08-25T13:20:31Z,sediment,766,0.2133333333333326
2023-08-25T13:20:31Z,sediment,768,0.22451428571428506
2023-08-25T13:20:31Z,sediment,770,0.2768999999999986
2023-08-25T13:20:31Z,sediment,772,0.2568928571428577
2023-08-25T13:20:31Z,sediment,774,0.225
2023-08-25T13:20:31Z,sediment,776,0.15
2023-08-25T13:20:31Z,sediment,778,0.16681428571428633
2023-08-25T13:20:31Z,sediment,780,0.2286
2023-08-25T13:20:31Z,sediment,782,0.21334666666666754
2023-08-25T13:20:31Z,sediment,784,0.23092142857142797
2023-08-25T13:20:31Z,sediment,786,0.2111
2023-08-25T13:20:31Z,sediment,788,0.20951428571428532
2023-08-25T13:20:31Z,sediment,790,0.19238666666666496
2023-08-25T13:20:31Z,sediment,792,0.1429
2023-08-25T13:20:31Z,sediment,794,0.19592142857142758
2023-08-25T13:20:31Z,sediment,796,0.27049999999999985
2023-08-25T13:20:31Z,sediment,798,0.30857142857142905
2023-08-25T13:20:31Z,sediment,800,0.23092142857142797
2023-08-25T13:24:32Z,sediment,340,0.07907058823529411
2023-08-25T13:24:32Z,sediment,342,0.07762500000000001
2023-08-25T13:24:32Z,sediment,344,0.07414117647058821
2023-08-25T13:24:32Z,sediment,346,0.070675
2023-08-25T13:24:32Z,sediment,348,0.0712
2023-08-25T13:24:32Z,sediment,350,0.0723
2023-08-25T13:24:32Z,sediment,352,0.0743529411764706
2023-08-25T13:24:32Z,sediment,354,0.075075
2023-08-25T13:24:32Z,sediment,356,0.07331249999999999
2023-08-25T13:24:32Z,sediment,358,0.07023529411764705
2023-08-25T13:24:32Z,sediment,360,0.06966250000000002
2023-08-25T13:24:32Z,sediment,362,0.0676529411764706
2023-08-25T13:24:32Z,sediment,364,0.0675125
2023-08-25T13:24:32Z,sediment,366,0.06413750000000001
2023-08-25T13:24:32Z,sediment,368,0.06309999999999999
2023-08-25T13:24:32Z,sediment,370,0.06315000000000001
2023-08-25T13:24:32Z,sediment,372,0.06195
2023-08-25T13:24:32Z,sediment,374,0.06052941176470588
2023-08-25T13:24:32Z,sediment,376,0.058312500000000024
2023-08-25T13:24:32Z,sediment,378,0.05584705882352942
2023-08-25T13:24:32Z,sediment,380,0.05662499999999999
2023-08-25T13:24:32Z,sediment,382,0.05712499999999998
2023-08-25T13:24:32Z,sediment,384,0.0566625
2023-08-25T13:24:32Z,sediment,386,0.05449411764705883
2023-08-25T13:24:32Z,sediment,388,0.05348125
2023-08-25T13:24:32Z,sediment,390,0.0528875
2023-08-25T13:24:32Z,sediment,392,0.052881250000000005
2023-08-25T13:24:32Z,sediment,394,0.0541
2023-08-25T13:24:32Z,sediment,396,0.05232500000000001
2023-08-25T13:24:32Z,sediment,398,0.050350000000000006
2023-08-25T13:24:32Z,sediment,400,0.04829999999999998
2023-08-25T13:24:32Z,sediment,402,0.0473
2023-08-25T13:24:32Z,sediment,404,0.047276470588235295
2023-08-25T13:24:32Z,sediment,406,0.047156250000000004
2023-08-25T13:24:32Z,sediment,408,0.047031250000000004
2023-08-25T13:24:32Z,sediment,410,0.047093750000000004
2023-08-25T13:24:32Z,sediment,412,0.04688125
2023-08-25T13:24:32Z,sediment,414,0.046843749999999997
2023-08-25T13:24:32Z,sediment,416,0.04683125
2023-08-25T13:24:32Z,sediment,418,0.04697647058823529
2023-08-25T13:24:32Z,sediment,420,0.0473125
2023-08-25T13:24:32Z,sediment,422,0.047512500000000006
2023-08-25T13:24:32Z,sediment,424,0.04788749999999999
2023-08-25T13:24:32Z,sediment,426,0.04826250000000001
2023-08-25T13:24:32Z,sediment,428,0.048662500000000004
2023-08-25T13:24:32Z,sediment,430,0.049287500000000005
2023-08-25T13:24:32Z,sediment,432,0.04966249999999999
2023-08-25T13:24:32Z,sediment,434,0.049875
2023-08-25T13:24:32Z,sediment,436,0.05035
2023-08-25T13:24:32Z,sediment,438,0.050850000000000006
2023-08-25T13:24:32Z,sediment,440,0.05147499999999999
2023-08-25T13:24:32Z,sediment,442,0.052137499999999996
2023-08-25T13:24:32Z,sediment,444,0.052787499999999994
2023-08-25T13:24:32Z,sediment,446,0.053625000000000006
2023-08-25T13:24:32Z,sediment,448,0.05449999999999999
2023-08-25T13:24:32Z,sediment,450,0.055325
2023-08-25T13:24:32Z,sediment,452,0.0562
2023-08-25T13:24:32Z,sediment,454,0.05712500000000001
2023-08-25T13:24:32Z,sediment,456,0.057874999999999996
2023-08-25T13:24:32Z,sediment,458,0.058625000000000003
2023-08-25T13:24:32Z,sediment,460,0.0593625
2023-08-25T13:24:32Z,sediment,462,0.059987500000000006
2023-08-25T13:24:32Z,sediment,464,0.06061249999999999
2023-08-25T13:24:32Z,sediment,466,0.0612375
2023-08-25T13:24:32Z,sediment,468,0.06186666666666666
2023-08-25T13:24:32Z,sediment,470,0.06256250000000001
2023-08-25T13:24:32Z,sediment,472,0.06324375
2023-08-25T13:24:32Z,sediment,474,0.06396249999999999
2023-08-25T13:24:32Z,sediment,476,0.0646125
2023-08-25T13:24:32Z,sediment,478,0.06531875
2023-08-25T13:24:32Z,sediment,480,0.065875
2023-08-25T13:24:32Z,sediment,482,0.0664
2023-08-25T13:24:32Z,sediment,484,0.066925
2023-08-25T13:24:32Z,sediment,486,0.0675
2023-08-25T13:24:32Z,sediment,488,0.067925
2023-08-25T13:24:32Z,sediment,490,0.0684
2023-08-25T13:24:32Z,sediment,492,0.06895625
2023-08-25T13:24:32Z,sediment,494,0.069525
2023-08-25T13:24:32Z,sediment,496,0.07010625
2023-08-25T13:24:32Z,sediment,498,0.0708875
2023-08-25T13:24:32Z,sediment,500,0.0717625
2023-08-25T13:24:32Z,sediment,502,0.07269999999999999
2023-08-25T13:24:32Z,sediment,504,0.07374666666666665
2023-08-25T13:24:32Z,sediment,506,0.0747875
2023-08-25T13:24:32Z,sediment,508,0.07599375
2023-08-25T13:24:32Z,sediment,510,0.07711875
2023-08-25T13:24:32Z,sediment,512,0.0783
2023-08-25T13:24:32Z,sediment,514,0.07932499999999999
2023-08-25T13:24:32Z,sediment,516,0.08047999999999997
2023-08-25T13:24:32Z,sediment,518,0.08155000000000001
2023-08-25T13:24:32Z,sediment,520,0.08243750000000001
2023-08-25T13:24:32Z,sediment,522,0.0832
2023-08-25T13:24:32Z,sediment,524,0.08409999999999998
2023-08-25T13:24:32Z,sediment,526,0.08509999999999998
2023-08-25T13:24:32Z,sediment,528,0.08603124999999999
2023-08-25T13:24:32Z,sediment,530,0.08688000000000001
2023-08-25T13:24:32Z,sediment,532,0.08765
2023-08-25T13:24:32Z,sediment,534,0.0885
2023-08-25T13:24:32Z,sediment,536,0.08928749999999999
2023-08-25T13:24:32Z,sediment,538,0.09003749999999998
2023-08-25T13:24:32Z,sediment,540,0.09081999999999997
2023-08-25T13:24:32Z,sediment,542,0.09168000000000003
2023-08-25T13:24:32Z,sediment,544,0.09246250000000002
2023-08-25T13:24:32Z,sediment,546,0.09328125
2023-08-25T13:24:32Z,sediment,548,0.0941
2023-08-25T13:24:32Z,sediment,550,0.09497499999999999
2023-08-25T13:24:32Z,sediment,552,0.09581999999999997
2023-08-25T13:24:32Z,sediment,554,0.0965875
2023-08-25T13:24:32Z,sediment,556,0.09737500000000002
2023-08-25T13:24:32Z,sediment,558,0.0981
2023-08-25T13:24:32Z,sediment,560,0.09874375
2023-08-25T13:24:32Z,sediment,562,0.0993
2023-08-25T13:24:32Z,sediment,564,0.09968
2023-08-25T13:24:32Z,sediment,566,0.10006875
2023-08-25T13:24:32Z,sediment,568,0.10054666666666666
2023-08-25T13:24:32Z,sediment,570,0.10105333333333334
2023-08-25T13:24:32Z,sediment,572,0.10166250000000002
2023-08-25T13:24:32Z,sediment,574,0.10244
2023-08-25T13:24:32Z,sediment,576,0.1033
2023-08-25T13:24:32Z,sediment,578,0.10445
2023-08-25T13:24:32Z,sediment,580,0.10553999999999998
2023-08-25T13:24:32Z,sediment,582,0.10651249999999998
2023-08-25T13:24:32Z,sediment,584,0.10741999999999999
2023-08-25T13:24:32Z,sediment,586,0.10815
2023-08-25T13:24:32Z,sediment,588,0.10880000000000002
2023-08-25T13:24:32Z,sediment,590,0.10932666666666667
2023-08-25T13:24:32Z,sediment,592,0.10981250000000001
2023-08-25T13:24:32Z,sediment,594,0.11013333333333333
2023-08-25T13:24:32Z,sediment,596,0.1103
2023-08-25T13:24:32Z,sediment,598,0.11037333333333334
2023-08-25T13:24:32Z,sediment,600,0.11035624999999999
2023-08-25T13:24:32Z,sediment,602,0.11031333333333333
2023-08-25T13:24:32Z,sediment,604,0.11008125
2023-08-25T13:24:32Z,sediment,606,0.10986
2023-08-25T13:24:32Z,sediment,608,0.10953999999999998
2023-08-25T13:24:32Z,sediment,610,0.10918
2023-08-25T13:24:32Z,sediment,612,0.10882
2023-08-25T13:24:32Z,sediment,614,0.10856249999999999
2023-08-25T13:24:32Z,sediment,616,0.1082
2023-08-25T13:24:32Z,sediment,618,0.10793333333333334
2023-08-25T13:24:32Z,sediment,620,0.10773749999999999
2023-08-25T13:24:32Z,sediment,622,0.10760666666666667
2023-08-25T13:24:32Z,sediment,624,0.1076
2023-08-25T13:24:32Z,sediment,626,0.10765333333333332
2023-08-25T13:24:32Z,sediment,628,0.10778666666666666
2023-08-25T13:24:32Z,sediment,630,0.10791875
2023-08-25T13:24:32Z,sediment,632,0.10804666666666668
2023-08-25T13:24:32Z,sediment,634,0.10818000000000001
2023-08-25T13:24:32Z,sediment,636,0.10830000000000001
2023-08-25T13:24:32Z,sediment,638,0.10834375
2023-08-25T13:24:32Z,sediment,640,0.10847333333333334
2023-08-25T13:24:32Z,sediment,642,0.10870666666666666
2023-08-25T13:24:32Z,sediment,644,0.10880000000000001
2023-08-25T13:24:32Z,sediment,646,0.10873125
2023-08-25T13:24:32Z,sediment,648,0.10859999999999999
2023-08-25T13:24:32Z,sediment,650,0.1084
2023-08-25T13:24:32Z,sediment,652,0.10793333333333333
2023-08-25T13:24:32Z,sediment,654,0.1073
2023-08-25T13:24:32Z,sediment,656,0.10643333333333334
2023-08-25T13:24:32Z,sediment,658,0.10547500000000001
2023-08-25T13:24:32Z,sediment,660,0.10388666666666668
2023-08-25T13:24:32Z,sediment,662,0.1017266666666667
2023-08-25T13:24:32Z,sediment,664,0.09980000000000001
2023-08-25T13:24:32Z,sediment,666,0.09789333333333335
2023-08-25T13:24:32Z,sediment,668,0.09613333333333335
2023-08-25T13:24:32Z,sediment,670,0.09498000000000001
2023-08-25T13:24:32Z,sediment,672,0.09432666666666667
2023-08-25T13:24:32Z,sediment,674,0.09437999999999999
2023-08-25T13:24:32Z,sediment,676,0.09484
2023-08-25T13:24:32Z,sediment,678,0.09565333333333333
2023-08-25T13:24:32Z,sediment,680,0.09731999999999998
2023-08-25T13:24:32Z,sediment,682,0.0991
2023-08-25T13:24:32Z,sediment,684,0.10100666666666665
2023-08-25T13:24:32Z,sediment,686,0.10379333333333331
2023-08-25T13:24:32Z,sediment,688,0.10719999999999996
2023-08-25T13:24:32Z,sediment,690,0.11071999999999996
2023-08-25T13:24:32Z,sediment,692,0.11366666666666664
2023-08-25T13:24:32Z,sediment,694,0.11717999999999996
2023-08-25T13:24:32Z,sediment,696,0.12044666666666663
2023-08-25T13:24:32Z,sediment,698,0.12329999999999995
2023-08-25T13:24:32Z,sediment,700,0.12711999999999996
2023-08-25T13:24:32Z,sediment,702,0.13062666666666664
2023-08-25T13:24:32Z,sediment,704,0.13436666666666666
2023-08-25T13:24:32Z,sediment,706,0.13796666666666665
2023-08-25T13:24:32Z,sediment,708,0.1431
2023-08-25T13:24:32Z,sediment,710,0.1489
2023-08-25T13:24:32Z,sediment,712,0.15443333333333334
2023-08-25T13:24:32Z,sediment,714,0.1572266666666668
2023-08-25T13:24:32Z,sediment,716,0.1696800000000002
2023-08-25T13:24:32Z,sediment,718,0.1863200000000002
2023-08-25T13:24:32Z,sediment,720,0.196
2023-08-25T13:24:32Z,sediment,722,0.19642000000000004
2023-08-25T13:24:32Z,sediment,724,0.1938599999999999
2023-08-25T13:24:32Z,sediment,726,0.20498571428571474
2023-08-25T13:24:32Z,sediment,728,0.22031333333333342
2023-08-25T13:24:32Z,sediment,730,0.2222199999999999
2023-08-25T13:24:32Z,sediment,732,0.2090142857142863
2023-08-25T13:24:32Z,sediment,734,0.19911999999999985
2023-08-25T13:24:32Z,sediment,736,0.21298666666666652
2023-08-25T13:24:32Z,sediment,738,0.19999999999999998
2023-08-25T13:24:32Z,sediment,740,0.18666666666666668
2023-08-25T13:24:32Z,sediment,742,0.1711
2023-08-25T13:24:32Z,sediment,744,0.18572000000000016
2023-08-25T13:24:32Z,sediment,746,0.1787499999999995
2023-08-25T13:24:32Z,sediment,748,0.1773
2023-08-25T13:24:32Z,sediment,750,0.1674
2023-08-25T13:24:32Z,sediment,752,0.17465999999999943
2023-08-25T13:24:32Z,sediment,754,0.16628571428571454
2023-08-25T13:24:32Z,sediment,756,0.16089999999999996
2023-08-25T13:24:32Z,sediment,758,0.16149999999999998
2023-08-25T13:24:32Z,sediment,760,0.1508
2023-08-25T13:24:32Z,sediment,762,0.168546666666667
2023-08-25T13:24:32Z,sediment,764,0.1601933333333326
2023-08-25T13:24:32Z,sediment,766,0.1349599999999997
2023-08-25T13:24:32Z,sediment,768,0.12842857142857145
2023-08-25T13:24:32Z,sediment,770,0.1308071428571425
2023-08-25T13:24:32Z,sediment,772,0.156392857142857
2023-08-25T13:24:32Z,sediment,774,0.154
2023-08-25T13:24:32Z,sediment,776,0.13491999999999982
2023-08-25T13:24:32Z,sediment,778,0.1372785714285718
2023-08-25T13:24:32Z,sediment,780,0.13799999999999968
2023-08-25T13:24:32Z,sediment,782,0.11853333333333375
2023-08-25T13:24:32Z,sediment,784,0.09900000000000024
2023-08-25T13:24:32Z,sediment,786,0.12133333333333333
2023-08-25T13:24:32Z,sediment,788,0.10978571428571425
2023-08-25T13:24:32Z,sediment,790,0.13791999999999954
2023-08-25T13:24:32Z,sediment,792,0.1244
2023-08-25T13:24:32Z,sediment,794,0.12263571428571432
2023-08-25T13:24:32Z,sediment,796,0.11054285714285692
2023-08-25T13:24:32Z,sediment,798,0.10218571428571392
2023-08-25T13:24:32Z,sediment,800,0.09413571428571449
2023-08-25T13:27:13Z,saccharina_latissima,340,0.030247058823529398
2023-08-25T13:27:13Z,saccharina_latissima,342,0.030725000000000002
2023-08-25T13:27:13Z,saccharina_latissima,344,0.02981176470588235
2023-08-25T13:27:13Z,saccharina_latissima,346,0.028762500000000003
2023-08-25T13:27:13Z,saccharina_latissima,348,0.028729411764705885
2023-08-25T13:27:13Z,saccharina_latissima,350,0.0275
2023-08-25T13:27:13Z,saccharina_latissima,352,0.026811764705882344
2023-08-25T13:27:13Z,saccharina_latissima,354,0.027149999999999997
2023-08-25T13:27:13Z,saccharina_latissima,356,0.02835000000000001
2023-08-25T13:27:13Z,saccharina_latissima,358,0.027070588235294103
2023-08-25T13:27:13Z,saccharina_latissima,360,0.027575000000000002
2023-08-25T13:27:13Z,saccharina_latissima,362,0.02743529411764706
2023-08-25T13:27:13Z,saccharina_latissima,364,0.0275
2023-08-25T13:27:13Z,saccharina_latissima,366,0.027256250000000003
2023-08-25T13:27:13Z,saccharina_latissima,368,0.0255
2023-08-25T13:27:13Z,saccharina_latissima,370,0.025200000000000007
2023-08-25T13:27:13Z,saccharina_latissima,372,0.0247
2023-08-25T13:27:13Z,saccharina_latissima,374,0.024729411764705885
2023-08-25T13:27:13Z,saccharina_latissima,376,0.025449999999999987
2023-08-25T13:27:13Z,saccharina_latissima,378,0.02387647058823529
2023-08-25T13:27:13Z,saccharina_latissima,380,0.0232625
2023-08-25T13:27:13Z,saccharina_latissima,382,0.023574999999999992
2023-08-25T13:27:13Z,saccharina_latissima,384,0.023975
2023-08-25T13:27:13Z,saccharina_latissima,386,0.023476470588235297
2023-08-25T13:27:13Z,saccharina_latissima,388,0.02314375
2023-08-25T13:27:13Z,saccharina_latissima,390,0.02263125
2023-08-25T13:27:13Z,saccharina_latissima,392,0.0226625
2023-08-25T13:27:13Z,saccharina_latissima,394,0.023399999999999997
2023-08-25T13:27:13Z,saccharina_latissima,396,0.022125000000000002
2023-08-25T13:27:13Z,saccharina_latissima,398,0.0216
2023-08-25T13:27:13Z,saccharina_latissima,400,0.020924999999999996
2023-08-25T13:27:13Z,saccharina_latissima,402,0.0204
2023-08-25T13:27:13Z,saccharina_latissima,404,0.020076470588235293
2023-08-25T13:27:13Z,saccharina_latissima,406,0.019956250000000002
2023-08-25T13:27:13Z,saccharina_latissima,408,0.01969375
2023-08-25T13:27:13Z,saccharina_latissima,410,0.019693749999999996
2023-08-25T13:27:13Z,saccharina_latissima,412,0.0195625
2023-08-25T13:27:13Z,saccharina_latissima,414,0.019268749999999998
2023-08-25T13:27:13Z,saccharina_latissima,416,0.0189625
2023-08-25T13:27:13Z,saccharina_latissima,418,0.01881176470588235
2023-08-25T13:27:13Z,saccharina_latissima,420,0.018975
2023-08-25T13:27:13Z,saccharina_latissima,422,0.0188375
2023-08-25T13:27:13Z,saccharina_latissima,424,0.0189
2023-08-25T13:27:13Z,saccharina_latissima,426,0.018812499999999996
2023-08-25T13:27:13Z,saccharina_latissima,428,0.018812499999999996
2023-08-25T13:27:13Z,saccharina_latissima,430,0.018975000000000002
2023-08-25T13:27:13Z,saccharina_latissima,432,0.0190375
2023-08-25T13:27:13Z,saccharina_latissima,434,0.019
2023-08-25T13:27:13Z,saccharina_latissima,436,0.0189
2023-08-25T13:27:13Z,saccharina_latissima,438,0.018975000000000002
2023-08-25T13:27:13Z,saccharina_latissima,440,0.0191
2023-08-25T13:27:13Z,saccharina_latissima,442,0.0191
2023-08-25T13:27:13Z,saccharina_latissima,444,0.019212499999999997
2023-08-25T13:27:13Z,saccharina_latissima,446,0.019375
2023-08-25T13:27:13Z,saccharina_latissima,448,0.0195625
2023-08-25T13:27:13Z,saccharina_latissima,450,0.0196875
2023-08-25T13:27:13Z,saccharina_latissima,452,0.019725
2023-08-25T13:27:13Z,saccharina_latissima,454,0.019975
2023-08-25T13:27:13Z,saccharina_latissima,456,0.020162499999999996
2023-08-25T13:27:13Z,saccharina_latissima,458,0.0202
2023-08-25T13:27:13Z,saccharina_latissima,460,0.020312499999999997
2023-08-25T13:27:13Z,saccharina_latissima,462,0.0204
2023-08-25T13:27:13Z,saccharina_latissima,464,0.020524999999999998
2023-08-25T13:27:13Z,saccharina_latissima,466,0.0206875
2023-08-25T13:27:13Z,saccharina_latissima,468,0.020913333333333332
2023-08-25T13:27:13Z,saccharina_latissima,470,0.021087500000000002
2023-08-25T13:27:13Z,saccharina_latissima,472,0.021337500000000002
2023-08-25T13:27:13Z,saccharina_latissima,474,0.021493749999999995
2023-08-25T13:27:13Z,saccharina_latissima,476,0.0217375
2023-08-25T13:27:13Z,saccharina_latissima,478,0.0219875
2023-08-25T13:27:13Z,saccharina_latissima,480,0.02216875
2023-08-25T13:27:13Z,saccharina_latissima,482,0.022400000000000003
2023-08-25T13:27:13Z,saccharina_latissima,484,0.022524999999999996
2023-08-25T13:27:13Z,saccharina_latissima,486,0.02275
2023-08-25T13:27:13Z,saccharina_latissima,488,0.02305
2023-08-25T13:27:13Z,saccharina_latissima,490,0.0231
2023-08-25T13:27:13Z,saccharina_latissima,492,0.0232625
2023-08-25T13:27:13Z,saccharina_latissima,494,0.023456249999999998
2023-08-25T13:27:13Z,saccharina_latissima,496,0.023581249999999998
2023-08-25T13:27:13Z,saccharina_latissima,498,0.023725
2023-08-25T13:27:13Z,saccharina_latissima,500,0.023975000000000003
2023-08-25T13:27:13Z,saccharina_latissima,502,0.024287499999999997
2023-08-25T13:27:13Z,saccharina_latissima,504,0.024586666666666663
2023-08-25T13:27:13Z,saccharina_latissima,506,0.024837500000000002
2023-08-25T13:27:13Z,saccharina_latissima,508,0.025087500000000002
2023-08-25T13:27:13Z,saccharina_latissima,510,0.0253375
2023-08-25T13:27:13Z,saccharina_latissima,512,0.0256
2023-08-25T13:27:13Z,saccharina_latissima,514,0.025849999999999998
2023-08-25T13:27:13Z,saccharina_latissima,516,0.026106666666666663
2023-08-25T13:27:13Z,saccharina_latissima,518,0.026443750000000005
2023-08-25T13:27:13Z,saccharina_latissima,520,0.026493749999999996
2023-08-25T13:27:13Z,saccharina_latissima,522,0.0264
2023-08-25T13:27:13Z,saccharina_latissima,524,0.026587499999999997
2023-08-25T13:27:13Z,saccharina_latissima,526,0.027137499999999988
2023-08-25T13:27:13Z,saccharina_latissima,528,0.02789374999999999
2023-08-25T13:27:13Z,saccharina_latissima,530,0.028533333333333348
2023-08-25T13:27:13Z,saccharina_latissima,532,0.02925000000000001
2023-08-25T13:27:13Z,saccharina_latissima,534,0.03
2023-08-25T13:27:13Z,saccharina_latissima,536,0.030624999999999996
2023-08-25T13:27:13Z,saccharina_latissima,538,0.03118124999999999
2023-08-25T13:27:13Z,saccharina_latissima,540,0.03183333333333332
2023-08-25T13:27:13Z,saccharina_latissima,542,0.032353333333333345
2023-08-25T13:27:13Z,saccharina_latissima,544,0.03287500000000001
2023-08-25T13:27:13Z,saccharina_latissima,546,0.033375
2023-08-25T13:27:13Z,saccharina_latissima,548,0.034
2023-08-25T13:27:13Z,saccharina_latissima,550,0.03472499999999999
2023-08-25T13:27:13Z,saccharina_latissima,552,0.03547333333333331
2023-08-25T13:27:13Z,saccharina_latissima,554,0.036287500000000014
2023-08-25T13:27:13Z,saccharina_latissima,556,0.03710000000000003
2023-08-25T13:27:13Z,saccharina_latissima,558,0.03812000000000001
2023-08-25T13:27:13Z,saccharina_latissima,560,0.039081250000000005
2023-08-25T13:27:13Z,saccharina_latissima,562,0.04
2023-08-25T13:27:13Z,saccharina_latissima,564,0.040886666666666655
2023-08-25T13:27:13Z,saccharina_latissima,566,0.041793749999999984
2023-08-25T13:27:13Z,saccharina_latissima,568,0.04261999999999998
2023-08-25T13:27:13Z,saccharina_latissima,570,0.043380000000000016
2023-08-25T13:27:13Z,saccharina_latissima,572,0.044075
2023-08-25T13:27:13Z,saccharina_latissima,574,0.044520000000000004
2023-08-25T13:27:13Z,saccharina_latissima,576,0.0451
2023-08-25T13:27:13Z,saccharina_latissima,578,0.045724999999999995
2023-08-25T13:27:13Z,saccharina_latissima,580,0.04623999999999999
2023-08-25T13:27:13Z,saccharina_latissima,582,0.046575
2023-08-25T13:27:13Z,saccharina_latissima,584,0.04683999999999999
2023-08-25T13:27:13Z,saccharina_latissima,586,0.0471
2023-08-25T13:27:13Z,saccharina_latissima,588,0.047360000000000006
2023-08-25T13:27:13Z,saccharina_latissima,590,0.04792666666666667
2023-08-25T13:27:13Z,saccharina_latissima,592,0.048412500000000004
2023-08-25T13:27:13Z,saccharina_latissima,594,0.04886666666666667
2023-08-25T13:27:13Z,saccharina_latissima,596,0.0496
2023-08-25T13:27:13Z,saccharina_latissima,598,0.05015999999999999
2023-08-25T13:27:13Z,saccharina_latissima,600,0.05093749999999999
2023-08-25T13:27:13Z,saccharina_latissima,602,0.05154666666666666
2023-08-25T13:27:13Z,saccharina_latissima,604,0.0517625
2023-08-25T13:27:13Z,saccharina_latissima,606,0.051413333333333325
2023-08-25T13:27:13Z,saccharina_latissima,608,0.050799999999999984
2023-08-25T13:27:13Z,saccharina_latissima,610,0.04994666666666666
2023-08-25T13:27:13Z,saccharina_latissima,612,0.048919999999999984
2023-08-25T13:27:13Z,saccharina_latissima,614,0.04808749999999999
2023-08-25T13:27:13Z,saccharina_latissima,616,0.0473
2023-08-25T13:27:13Z,saccharina_latissima,618,0.0465
2023-08-25T13:27:13Z,saccharina_latissima,620,0.04585000000000001
2023-08-25T13:27:13Z,saccharina_latissima,622,0.045326666666666675
2023-08-25T13:27:13Z,saccharina_latissima,624,0.0452
2023-08-25T13:27:13Z,saccharina_latissima,626,0.04509333333333334
2023-08-25T13:27:13Z,saccharina_latissima,628,0.04491333333333334
2023-08-25T13:27:13Z,saccharina_latissima,630,0.04476250000000001
2023-08-25T13:27:13Z,saccharina_latissima,632,0.044553333333333334
2023-08-25T13:27:13Z,saccharina_latissima,634,0.04442
2023-08-25T13:27:13Z,saccharina_latissima,636,0.044199999999999996
2023-08-25T13:27:13Z,saccharina_latissima,638,0.04424375
2023-08-25T13:27:13Z,saccharina_latissima,640,0.04459333333333334
2023-08-25T13:27:13Z,saccharina_latissima,642,0.045333333333333344
2023-08-25T13:27:13Z,saccharina_latissima,644,0.04592
2023-08-25T13:27:13Z,saccharina_latissima,646,0.04616875
2023-08-25T13:27:13Z,saccharina_latissima,648,0.0463
2023-08-25T13:27:13Z,saccharina_latissima,650,0.04633333333333333
2023-08-25T13:27:13Z,saccharina_latissima,652,0.04586666666666667
2023-08-25T13:27:13Z,saccharina_latissima,654,0.0447
2023-08-25T13:27:13Z,saccharina_latissima,656,0.0433
2023-08-25T13:27:13Z,saccharina_latissima,658,0.041700000000000015
2023-08-25T13:27:13Z,saccharina_latissima,660,0.03951333333333336
2023-08-25T13:27:13Z,saccharina_latissima,662,0.03714666666666669
2023-08-25T13:27:13Z,saccharina_latissima,664,0.03512000000000002
2023-08-25T13:27:13Z,saccharina_latissima,666,0.03357333333333335
2023-08-25T13:27:13Z,saccharina_latissima,668,0.03272
2023-08-25T13:27:13Z,saccharina_latissima,670,0.0325
2023-08-25T13:27:13Z,saccharina_latissima,672,0.03297285937786284
2023-08-25T13:27:13Z,saccharina_latissima,674,0.034284353021322773
2023-08-25T13:27:13Z,saccharina_latissima,676,0.03636534788686406
2023-08-25T13:27:13Z,saccharina_latissima,678,0.039511817263205774
2023-08-25T13:27:13Z,saccharina_latissima,680,0.04312166094069483
2023-08-25T13:27:13Z,saccharina_latissima,682,0.047500409980998554
2023-08-25T13:27:13Z,saccharina_latissima,684,0.052670717925886235
2023-08-25T13:27:13Z,saccharina_latissima,686,0.05889516328880998
2023-08-25T13:27:13Z,saccharina_latissima,688,0.06696077495905023
2023-08-25T13:27:13Z,saccharina_latissima,690,0.07598312529470919
2023-08-25T13:27:13Z,saccharina_latissima,692,0.08578371304712087
2023-08-25T13:27:13Z,saccharina_latissima,694,0.09790126161908475
2023-08-25T13:27:13Z,saccharina_latissima,696,0.1119758209263698
2023-08-25T13:27:13Z,saccharina_latissima,698,0.12817893354434418
2023-08-25T13:27:13Z,saccharina_latissima,700,0.14681024256751637
2023-08-25T13:27:13Z,saccharina_latissima,702,0.16762743874531133
2023-08-25T13:27:13Z,saccharina_latissima,704,0.19047818268190642
2023-08-25T13:27:13Z,saccharina_latissima,706,0.21508269666752677
2023-08-25T13:27:13Z,saccharina_latissima,708,0.24058876496692413
2023-08-25T13:27:13Z,saccharina_latissima,710,0.26613972377411266
2023-08-25T13:27:13Z,saccharina_latissima,712,0.290534803387264
2023-08-25T13:27:13Z,saccharina_latissima,714,0.31301580983516625
2023-08-25T13:27:13Z,saccharina_latissima,716,0.3326431250616969
2023-08-25T13:27:13Z,saccharina_latissima,718,0.34877007828458284
2023-08-25T13:27:13Z,saccharina_latissima,720,0.36138787329407124
2023-08-25T13:27:13Z,saccharina_latissima,722,0.37137356050515524
2023-08-25T13:27:13Z,saccharina_latissima,724,0.37961285124727817
2023-08-25T13:27:13Z,saccharina_latissima,726,0.38637359411254474
2023-08-25T13:27:13Z,saccharina_latissima,728,0.39191479186208394
2023-08-25T13:27:13Z,saccharina_latissima,730,0.3964700538715773
2023-08-25T13:27:13Z,saccharina_latissima,732,0.40024042027447293
2023-08-25T13:27:13Z,saccharina_latissima,734,0.4033932648216515
2023-08-25T13:27:13Z,saccharina_latissima,736,0.4060646313275006
2023-08-25T13:27:13Z,saccharina_latissima,738,0.4083631666892443
2023-08-25T13:27:13Z,saccharina_latissima,740,0.41037451098460714
2023-08-25T13:27:13Z,saccharina_latissima,742,0.41216551343757385
2023-08-25T13:27:13Z,saccharina_latissima,744,0.413787974795292
2023-08-25T13:27:13Z,saccharina_latissima,746,0.415281814506134
2023-08-25T13:27:13Z,saccharina_latissima,748,0.4166776685118033
2023-08-25T13:27:13Z,saccharina_latissima,750,0.41799897468911984
2023-08-25T13:27:13Z,saccharina_latissima,752,0.4192636217144255
2023-08-25T13:27:13Z,saccharina_latissima,754,0.42048523851554265
2023-08-25T13:27:13Z,saccharina_latissima,756,0.42167419459381117
2023-08-25T13:27:13Z,saccharina_latissima,758,0.4228383714629507
2023-08-25T13:27:13Z,saccharina_latissima,760,0.4239837549615775
2023-08-25T13:27:13Z,saccharina_latissima,762,0.42511488853894513
2023-08-25T13:27:13Z,saccharina_latissima,764,0.4262352192920006
2023-08-25T13:27:13Z,saccharina_latissima,766,0.4273473616401072
2023-08-25T13:27:13Z,saccharina_latissima,768,0.4284532979608347
2023-08-25T13:27:13Z,saccharina_latissima,770,0.4295545310974839
2023-08-25T13:27:13Z,saccharina_latissima,772,0.43065220019121864
2023-08-25T13:27:13Z,saccharina_latissima,774,0.4317471686047815
2023-08-25T13:27:13Z,saccharina_latissima,776,0.4328400906317103
2023-08-25T13:27:13Z,saccharina_latissima,778,0.43393146209236877
2023-08-25T13:27:13Z,saccharina_latissima,780,0.43502165869885445
2023-08-25T13:27:13Z,saccharina_latissima,782,0.43611096513982073
2023-08-25T13:27:13Z,saccharina_latissima,784,0.43719959712668627
2023-08-25T13:27:13Z,saccharina_latissima,786,0.4382877181027125
2023-08-25T13:27:13Z,saccharina_latissima,788,0.4393754519059241
2023-08-25T13:27:13Z,saccharina_latissima,790,0.4404628923650412
2023-08-25T13:27:13Z,saccharina_latissima,792,0.4415501105708989
2023-08-25T13:27:13Z,saccharina_latissima,794,0.4426371603862369
2023-08-25T13:27:13Z,saccharina_latissima,796,0.4437240826205294
2023-08-25T13:27:13Z,saccharina_latissima,798,0.4448109081932318
2023-08-25T13:27:13Z,saccharina_latissima,800,0.4458976605305185
2023-08-25T13:27:55Z,saccharina_latissima,340,0.043170588235294106
2023-08-25T13:27:55Z,saccharina_latissima,342,0.040674999999999996
2023-08-25T13:27:55Z,saccharina_latissima,344,0.04109411764705882
2023-08-25T13:27:55Z,saccharina_latissima,346,0.04343124999999999
2023-08-25T13:27:55Z,saccharina_latissima,348,0.04509411764705882
2023-08-25T13:27:55Z,saccharina_latissima,350,0.04
2023-08-25T13:27:55Z,saccharina_latissima,352,0.04015294117647057
2023-08-25T13:27:55Z,saccharina_latissima,354,0.04073125
2023-08-25T13:27:55Z,saccharina_latissima,356,0.039174999999999995
2023-08-25T13:27:55Z,saccharina_latissima,358,0.038182352941176466
2023-08-25T13:27:55Z,saccharina_latissima,360,0.03655
2023-08-25T13:27:55Z,saccharina_latissima,362,0.037323529411764714
2023-08-25T13:27:55Z,saccharina_latissima,364,0.037312500000000005
2023-08-25T13:27:55Z,saccharina_latissima,366,0.03661875
2023-08-25T13:27:55Z,saccharina_latissima,368,0.035699999999999996
2023-08-25T13:27:55Z,saccharina_latissima,370,0.032775000000000006
2023-08-25T13:27:55Z,saccharina_latissima,372,0.032600000000000004
2023-08-25T13:27:55Z,saccharina_latissima,374,0.03251764705882353
2023-08-25T13:27:55Z,saccharina_latissima,376,0.032025000000000005
2023-08-25T13:27:55Z,saccharina_latissima,378,0.03069411764705882
2023-08-25T13:27:55Z,saccharina_latissima,380,0.02971249999999999
2023-08-25T13:27:55Z,saccharina_latissima,382,0.028650000000000005
2023-08-25T13:27:55Z,saccharina_latissima,384,0.028587500000000002
2023-08-25T13:27:55Z,saccharina_latissima,386,0.027876470588235298
2023-08-25T13:27:55Z,saccharina_latissima,388,0.027512500000000002
2023-08-25T13:27:55Z,saccharina_latissima,390,0.026481250000000005
2023-08-25T13:27:55Z,saccharina_latissima,392,0.026081249999999997
2023-08-25T13:27:55Z,saccharina_latissima,394,0.0262
2023-08-25T13:27:55Z,saccharina_latissima,396,0.025700000000000004
2023-08-25T13:27:55Z,saccharina_latissima,398,0.024599999999999997
2023-08-25T13:27:55Z,saccharina_latissima,400,0.02274999999999999
2023-08-25T13:27:55Z,saccharina_latissima,402,0.022000000000000002
2023-08-25T13:27:55Z,saccharina_latissima,404,0.021429411764705884
2023-08-25T13:27:55Z,saccharina_latissima,406,0.021156249999999998
2023-08-25T13:27:55Z,saccharina_latissima,408,0.020687499999999994
2023-08-25T13:27:55Z,saccharina_latissima,410,0.0203125
2023-08-25T13:27:55Z,saccharina_latissima,412,0.019825
2023-08-25T13:27:55Z,saccharina_latissima,414,0.0194125
2023-08-25T13:27:55Z,saccharina_latissima,416,0.019299999999999998
2023-08-25T13:27:55Z,saccharina_latissima,418,0.019211764705882352
2023-08-25T13:27:55Z,saccharina_latissima,420,0.0191
2023-08-25T13:27:55Z,saccharina_latissima,422,0.0190625
2023-08-25T13:27:55Z,saccharina_latissima,424,0.019
2023-08-25T13:27:55Z,saccharina_latissima,426,0.0189125
2023-08-25T13:27:55Z,saccharina_latissima,428,0.018799999999999997
2023-08-25T13:27:55Z,saccharina_latissima,430,0.0188375
2023-08-25T13:27:55Z,saccharina_latissima,432,0.018775000000000003
2023-08-25T13:27:55Z,saccharina_latissima,434,0.0186125
2023-08-25T13:27:55Z,saccharina_latissima,436,0.018500000000000003
2023-08-25T13:27:55Z,saccharina_latissima,438,0.018500000000000003
2023-08-25T13:27:55Z,saccharina_latissima,440,0.018625
2023-08-25T13:27:55Z,saccharina_latissima,442,0.0187875
2023-08-25T13:27:55Z,saccharina_latissima,444,0.018924999999999997
2023-08-25T13:27:55Z,saccharina_latissima,446,0.019212500000000004
2023-08-25T13:27:55Z,saccharina_latissima,448,0.019587499999999997
2023-08-25T13:27:55Z,saccharina_latissima,450,0.019875
2023-08-25T13:27:55Z,saccharina_latissima,452,0.020124999999999997
2023-08-25T13:27:55Z,saccharina_latissima,454,0.020375
2023-08-25T13:27:55Z,saccharina_latissima,456,0.020624999999999998
2023-08-25T13:27:55Z,saccharina_latissima,458,0.0207875
2023-08-25T13:27:55Z,saccharina_latissima,460,0.0210125
2023-08-25T13:27:55Z,saccharina_latissima,462,0.021175
2023-08-25T13:27:55Z,saccharina_latissima,464,0.021424999999999996
2023-08-25T13:27:55Z,saccharina_latissima,466,0.021675
2023-08-25T13:27:55Z,saccharina_latissima,468,0.02204
2023-08-25T13:27:55Z,saccharina_latissima,470,0.022475000000000002
2023-08-25T13:27:55Z,saccharina_latissima,472,0.022975000000000002
2023-08-25T13:27:55Z,saccharina_latissima,474,0.023474999999999996
2023-08-25T13:27:55Z,saccharina_latissima,476,0.024075000000000003
2023-08-25T13:27:55Z,saccharina_latissima,478,0.024575
2023-08-25T13:27:55Z,saccharina_latissima,480,0.025075
2023-08-25T13:27:55Z,saccharina_latissima,482,0.0256
2023-08-25T13:27:55Z,saccharina_latissima,484,0.025949999999999997
2023-08-25T13:27:55Z,saccharina_latissima,486,0.02625
2023-08-25T13:27:55Z,saccharina_latissima,488,0.026550000000000004
2023-08-25T13:27:55Z,saccharina_latissima,490,0.0268
2023-08-25T13:27:55Z,saccharina_latissima,492,0.027062500000000003
2023-08-25T13:27:55Z,saccharina_latissima,494,0.02736875
2023-08-25T13:27:55Z,saccharina_latissima,496,0.0276625
2023-08-25T13:27:55Z,saccharina_latissima,498,0.028037499999999996
2023-08-25T13:27:55Z,saccharina_latissima,500,0.028450000000000007
2023-08-25T13:27:55Z,saccharina_latissima,502,0.028949999999999997
2023-08-25T13:27:55Z,saccharina_latissima,504,0.02956666666666666
2023-08-25T13:27:55Z,saccharina_latissima,506,0.030193750000000002
2023-08-25T13:27:55Z,saccharina_latissima,508,0.030818750000000002
2023-08-25T13:27:55Z,saccharina_latissima,510,0.0315125
2023-08-25T13:27:55Z,saccharina_latissima,512,0.0323
2023-08-25T13:27:55Z,saccharina_latissima,514,0.03317499999999999
2023-08-25T13:27:55Z,saccharina_latissima,516,0.03407333333333331
2023-08-25T13:27:55Z,saccharina_latissima,518,0.03505000000000002
2023-08-25T13:27:55Z,saccharina_latissima,520,0.03604375000000001
2023-08-25T13:27:55Z,saccharina_latissima,522,0.03696666666666666
2023-08-25T13:27:55Z,saccharina_latissima,524,0.03806249999999999
2023-08-25T13:27:55Z,saccharina_latissima,526,0.039099999999999975
2023-08-25T13:27:55Z,saccharina_latissima,528,0.04038749999999998
2023-08-25T13:27:55Z,saccharina_latissima,530,0.041620000000000025
2023-08-25T13:27:55Z,saccharina_latissima,532,0.04285000000000002
2023-08-25T13:27:55Z,saccharina_latissima,534,0.0441
2023-08-25T13:27:55Z,saccharina_latissima,536,0.04544375
2023-08-25T13:27:55Z,saccharina_latissima,538,0.04681874999999998
2023-08-25T13:27:55Z,saccharina_latissima,540,0.04833999999999996
2023-08-25T13:27:55Z,saccharina_latissima,542,0.049986666666666714
2023-08-25T13:27:55Z,saccharina_latissima,544,0.05181250000000003
2023-08-25T13:27:55Z,saccharina_latissima,546,0.053631250000000005
2023-08-25T13:27:55Z,saccharina_latissima,548,0.0557
2023-08-25T13:27:55Z,saccharina_latissima,550,0.05797499999999997
2023-08-25T13:27:55Z,saccharina_latissima,552,0.06051999999999994
2023-08-25T13:27:55Z,saccharina_latissima,554,0.06328750000000005
2023-08-25T13:27:55Z,saccharina_latissima,556,0.06630000000000007
2023-08-25T13:27:55Z,saccharina_latissima,558,0.06944000000000004
2023-08-25T13:27:55Z,saccharina_latissima,560,0.07285625000000001
2023-08-25T13:27:55Z,saccharina_latissima,562,0.0765
2023-08-25T13:27:55Z,saccharina_latissima,564,0.07999333333333329
2023-08-25T13:27:55Z,saccharina_latissima,566,0.08336249999999994
2023-08-25T13:27:55Z,saccharina_latissima,568,0.08666666666666659
2023-08-25T13:27:55Z,saccharina_latissima,570,0.08946666666666672
2023-08-25T13:27:55Z,saccharina_latissima,572,0.09198750000000004
2023-08-25T13:27:55Z,saccharina_latissima,574,0.09402666666666669
2023-08-25T13:27:55Z,saccharina_latissima,576,0.0956
2023-08-25T13:27:55Z,saccharina_latissima,578,0.09685
2023-08-25T13:27:55Z,saccharina_latissima,580,0.09776
2023-08-25T13:27:55Z,saccharina_latissima,582,0.09843749999999998
2023-08-25T13:27:55Z,saccharina_latissima,584,0.09886
2023-08-25T13:27:55Z,saccharina_latissima,586,0.09925
2023-08-25T13:27:55Z,saccharina_latissima,588,0.09980000000000001
2023-08-25T13:27:55Z,saccharina_latissima,590,0.10068666666666669
2023-08-25T13:27:55Z,saccharina_latissima,592,0.102425
2023-08-25T13:27:55Z,saccharina_latissima,594,0.10436666666666668
2023-08-25T13:27:55Z,saccharina_latissima,596,0.1066
2023-08-25T13:27:55Z,saccharina_latissima,598,0.10859999999999999
2023-08-25T13:27:55Z,saccharina_latissima,600,0.11037499999999997
2023-08-25T13:27:55Z,saccharina_latissima,602,0.11159333333333331
2023-08-25T13:27:55Z,saccharina_latissima,604,0.11190625
2023-08-25T13:27:55Z,saccharina_latissima,606,0.1110333333333333
2023-08-25T13:27:55Z,saccharina_latissima,608,0.10921999999999996
2023-08-25T13:27:55Z,saccharina_latissima,610,0.1068533333333333
2023-08-25T13:27:55Z,saccharina_latissima,612,0.10391999999999997
2023-08-25T13:27:55Z,saccharina_latissima,614,0.10108749999999998
2023-08-25T13:27:55Z,saccharina_latissima,616,0.0984
2023-08-25T13:27:55Z,saccharina_latissima,618,0.096
2023-08-25T13:27:55Z,saccharina_latissima,620,0.09431250000000002
2023-08-25T13:27:55Z,saccharina_latissima,622,0.09315333333333335
2023-08-25T13:27:55Z,saccharina_latissima,624,0.09242500000000001
2023-08-25T13:27:55Z,saccharina_latissima,626,0.09198666666666667
2023-08-25T13:27:55Z,saccharina_latissima,628,0.09145333333333336
2023-08-25T13:27:55Z,saccharina_latissima,630,0.09055000000000002
2023-08-25T13:27:55Z,saccharina_latissima,632,0.08952666666666664
2023-08-25T13:27:55Z,saccharina_latissima,634,0.08845999999999998
2023-08-25T13:27:55Z,saccharina_latissima,636,0.08804000000000002
2023-08-25T13:27:55Z,saccharina_latissima,638,0.08869375000000003
2023-08-25T13:27:55Z,saccharina_latissima,640,0.09037333333333336
2023-08-25T13:27:55Z,saccharina_latissima,642,0.09284666666666669
2023-08-25T13:27:55Z,saccharina_latissima,644,0.09558000000000003
2023-08-25T13:27:55Z,saccharina_latissima,646,0.09749375
2023-08-25T13:27:55Z,saccharina_latissima,648,0.09880000000000001
2023-08-25T13:27:55Z,saccharina_latissima,650,0.09843333333333334
2023-08-25T13:27:55Z,saccharina_latissima,652,0.0963
2023-08-25T13:27:55Z,saccharina_latissima,654,0.0924
2023-08-25T13:27:55Z,saccharina_latissima,656,0.08650000000000001
2023-08-25T13:27:55Z,saccharina_latissima,658,0.07935000000000006
2023-08-25T13:27:55Z,saccharina_latissima,660,0.07112666666666677
2023-08-25T13:27:55Z,saccharina_latissima,662,0.0630800000000001
2023-08-25T13:27:55Z,saccharina_latissima,664,0.05620000000000007
2023-08-25T13:27:55Z,saccharina_latissima,666,0.051133333333333385
2023-08-25T13:27:55Z,saccharina_latissima,668,0.04810000000000002
2023-08-25T13:27:55Z,saccharina_latissima,670,0.04706
2023-08-25T13:27:55Z,saccharina_latissima,672,0.04825005844812708
2023-08-25T13:27:55Z,saccharina_latissima,674,0.052099914621086874
2023-08-25T13:27:55Z,saccharina_latissima,676,0.05807688153357945
2023-08-25T13:27:55Z,saccharina_latissima,678,0.06567051465570943
2023-08-25T13:27:55Z,saccharina_latissima,680,0.07506506503583026
2023-08-25T13:27:55Z,saccharina_latissima,682,0.08626746531087569
2023-08-25T13:27:55Z,saccharina_latissima,684,0.09943765832279494
2023-08-25T13:27:55Z,saccharina_latissima,686,0.11603504687423614
2023-08-25T13:27:55Z,saccharina_latissima,688,0.13656322348696492
2023-08-25T13:27:55Z,saccharina_latissima,690,0.15967429990699605
2023-08-25T13:27:55Z,saccharina_latissima,692,0.18485317304141727
2023-08-25T13:27:55Z,saccharina_latissima,694,0.21319505130607003
2023-08-25T13:27:55Z,saccharina_latissima,696,0.24425277607982654
2023-08-25T13:27:55Z,saccharina_latissima,698,0.2785268980297708
2023-08-25T13:27:55Z,saccharina_latissima,700,0.31650705020846504
2023-08-25T13:27:55Z,saccharina_latissima,702,0.3585704781035724
2023-08-25T13:27:55Z,saccharina_latissima,704,0.40481615715647823
2023-08-25T13:27:55Z,saccharina_latissima,706,0.4537104928786283
2023-08-25T13:27:55Z,saccharina_latissima,708,0.5048367935831828
2023-08-25T13:27:55Z,saccharina_latissima,710,0.5564021131424252
2023-08-25T13:27:55Z,saccharina_latissima,712,0.6061058406461597
2023-08-25T13:27:55Z,saccharina_latissima,714,0.6519226348529777
2023-08-25T13:27:55Z,saccharina_latissima,716,0.6921990123593067
2023-08-25T13:27:55Z,saccharina_latissima,718,0.7256067593221234
2023-08-25T13:27:55Z,saccharina_latissima,720,0.7518256982061129
2023-08-25T13:27:55Z,saccharina_latissima,722,0.7725997662209299
2023-08-25T13:27:55Z,saccharina_latissima,724,0.7897406582449383
2023-08-25T13:27:55Z,saccharina_latissima,726,0.8038056023138693
2023-08-25T13:27:55Z,saccharina_latissima,728,0.8153334237345827
2023-08-25T13:27:55Z,saccharina_latissima,730,0.8248101198106912
2023-08-25T13:27:55Z,saccharina_latissima,732,0.8326539313019619
2023-08-25T13:27:55Z,saccharina_latissima,734,0.8392130599506672
2023-08-25T13:27:55Z,saccharina_latissima,736,0.844770529187578
2023-08-25T13:27:55Z,saccharina_latissima,738,0.849552366324067
2023-08-25T13:27:55Z,saccharina_latissima,740,0.8537367356428559
2023-08-25T13:27:55Z,saccharina_latissima,742,0.8574627092274617
2023-08-25T13:27:55Z,saccharina_latissima,744,0.8608380525447685
2023-08-25T13:27:55Z,saccharina_latissima,746,0.8639458133928972
2023-08-25T13:27:55Z,saccharina_latissima,748,0.8668497263074078
2023-08-25T13:27:55Z,saccharina_latissima,750,0.8695985510818812
2023-08-25T13:27:55Z,saccharina_latissima,752,0.8722295030397269
2023-08-25T13:27:55Z,saccharina_latissima,754,0.8747709355899356
2023-08-25T13:27:55Z,saccharina_latissima,756,0.8772444212814524
2023-08-25T13:27:55Z,saccharina_latissima,758,0.8796663566925613
2023-08-25T13:27:55Z,saccharina_latissima,760,0.8820491946686108
2023-08-25T13:27:55Z,saccharina_latissima,762,0.8844023873306036
2023-08-25T13:27:55Z,saccharina_latissima,764,0.8867331059652942
2023-08-25T13:27:55Z,saccharina_latissima,766,0.889046789569972
2023-08-25T13:27:55Z,saccharina_latissima,768,0.891347562252031
2023-08-25T13:27:55Z,saccharina_latissima,770,0.893638550503248
2023-08-25T13:27:55Z,saccharina_latissima,772,0.8959221241751428
2023-08-25T13:27:55Z,saccharina_latissima,774,0.8982000793941068
2023-08-25T13:27:55Z,saccharina_latissima,776,0.9004737773422168
2023-08-25T13:27:55Z,saccharina_latissima,778,0.9027442495164286
2023-08-25T13:27:55Z,saccharina_latissima,780,0.9050122775423334
2023-08-25T13:27:55Z,saccharina_latissima,782,0.9072784536817675
2023-08-25T13:27:55Z,saccharina_latissima,784,0.9095432266974041
2023-08-25T13:27:55Z,saccharina_latissima,786,0.9118069366140562
2023-08-25T13:27:55Z,saccharina_latissima,788,0.9140698410624203
2023-08-25T13:27:55Z,saccharina_latissima,790,0.9163321352423028
2023-08-25T13:27:55Z,saccharina_latissima,792,0.9185939670499689
2023-08-25T13:27:55Z,saccharina_latissima,794,0.9208554485406227
2023-08-25T13:27:55Z,saccharina_latissima,796,0.9231166646136585
2023-08-25T13:27:55Z,saccharina_latissima,798,0.9253776795934288
2023-08-25T13:27:55Z,saccharina_latissima,800,0.9276385422153819
2023-08-25T13:33:27Z,coraline_crustose_algae,340,0.15430588235294115
2023-08-25T13:33:27Z,coraline_crustose_algae,342,0.1583625
2023-08-25T13:33:27Z,coraline_crustose_algae,344,0.1567
2023-08-25T13:33:27Z,coraline_crustose_algae,346,0.15563125
2023-08-25T13:33:27Z,coraline_crustose_algae,348,0.1559470588235294
2023-08-25T13:33:27Z,coraline_crustose_algae,350,0.1515
2023-08-25T13:33:27Z,coraline_crustose_algae,352,0.15500588235294124
2023-08-25T13:33:27Z,coraline_crustose_algae,354,0.15266875000000002
2023-08-25T13:33:27Z,coraline_crustose_algae,356,0.15284999999999999
2023-08-25T13:33:27Z,coraline_crustose_algae,358,0.15418823529411763
2023-08-25T13:33:27Z,coraline_crustose_algae,360,0.1491875
2023-08-25T13:33:27Z,coraline_crustose_algae,362,0.1500294117647059
2023-08-25T13:33:27Z,coraline_crustose_algae,364,0.15503125
2023-08-25T13:33:27Z,coraline_crustose_algae,366,0.15064375000000002
2023-08-25T13:33:27Z,coraline_crustose_algae,368,0.15259999999999999
2023-08-25T13:33:27Z,coraline_crustose_algae,370,0.1499
2023-08-25T13:33:27Z,coraline_crustose_algae,372,0.14884999999999998
2023-08-25T13:33:27Z,coraline_crustose_algae,374,0.14802941176470588
2023-08-25T13:33:27Z,coraline_crustose_algae,376,0.1476875
2023-08-25T13:33:27Z,coraline_crustose_algae,378,0.14788235294117646
2023-08-25T13:33:27Z,coraline_crustose_algae,380,0.1459875
2023-08-25T13:33:27Z,coraline_crustose_algae,382,0.1443625
2023-08-25T13:33:27Z,coraline_crustose_algae,384,0.14275
2023-08-25T13:33:27Z,coraline_crustose_algae,386,0.1428294117647059
2023-08-25T13:33:27Z,coraline_crustose_algae,388,0.1423
2023-08-25T13:33:27Z,coraline_crustose_algae,390,0.14201875
2023-08-25T13:33:27Z,coraline_crustose_algae,392,0.141475
2023-08-25T13:33:27Z,coraline_crustose_algae,394,0.1391
2023-08-25T13:33:27Z,coraline_crustose_algae,396,0.13757500000000003
2023-08-25T13:33:27Z,coraline_crustose_algae,398,0.13574999999999998
2023-08-25T13:33:27Z,coraline_crustose_algae,400,0.134225
2023-08-25T13:33:27Z,coraline_crustose_algae,402,0.1324
2023-08-25T13:33:27Z,coraline_crustose_algae,404,0.1311764705882353
2023-08-25T13:33:27Z,coraline_crustose_algae,406,0.12892499999999998
2023-08-25T13:33:27Z,coraline_crustose_algae,408,0.12614999999999998
2023-08-25T13:33:27Z,coraline_crustose_algae,410,0.12361875000000003
2023-08-25T13:33:27Z,coraline_crustose_algae,412,0.12138125
2023-08-25T13:33:27Z,coraline_crustose_algae,414,0.11929999999999999
2023-08-25T13:33:27Z,coraline_crustose_algae,416,0.11743749999999999
2023-08-25T13:33:27Z,coraline_crustose_algae,418,0.11602941176470588
2023-08-25T13:33:27Z,coraline_crustose_algae,420,0.11471250000000001
2023-08-25T13:33:27Z,coraline_crustose_algae,422,0.11387499999999999
2023-08-25T13:33:27Z,coraline_crustose_algae,424,0.113
2023-08-25T13:33:27Z,coraline_crustose_algae,426,0.112175
2023-08-25T13:33:27Z,coraline_crustose_algae,428,0.1113875
2023-08-25T13:33:27Z,coraline_crustose_algae,430,0.1101875
2023-08-25T13:33:27Z,coraline_crustose_algae,432,0.10825000000000001
2023-08-25T13:33:27Z,coraline_crustose_algae,434,0.106625
2023-08-25T13:33:27Z,coraline_crustose_algae,436,0.1055625
2023-08-25T13:33:27Z,coraline_crustose_algae,438,0.1052625
2023-08-25T13:33:27Z,coraline_crustose_algae,440,0.10532499999999999
2023-08-25T13:33:27Z,coraline_crustose_algae,442,0.1060125
2023-08-25T13:33:27Z,coraline_crustose_algae,444,0.10811249999999999
2023-08-25T13:33:27Z,coraline_crustose_algae,446,0.11150000000000002
2023-08-25T13:33:27Z,coraline_crustose_algae,448,0.11593749999999997
2023-08-25T13:33:27Z,coraline_crustose_algae,450,0.12116250000000002
2023-08-25T13:33:27Z,coraline_crustose_algae,452,0.1268625
2023-08-25T13:33:27Z,coraline_crustose_algae,454,0.13226250000000003
2023-08-25T13:33:27Z,coraline_crustose_algae,456,0.13676249999999998
2023-08-25T13:33:27Z,coraline_crustose_algae,458,0.1403625
2023-08-25T13:33:27Z,coraline_crustose_algae,460,0.1428625
2023-08-25T13:33:27Z,coraline_crustose_algae,462,0.144375
2023-08-25T13:33:27Z,coraline_crustose_algae,464,0.14556249999999998
2023-08-25T13:33:27Z,coraline_crustose_algae,466,0.1466
2023-08-25T13:33:27Z,coraline_crustose_algae,468,0.1476333333333333
2023-08-25T13:33:27Z,coraline_crustose_algae,470,0.14898125
2023-08-25T13:33:27Z,coraline_crustose_algae,472,0.15028750000000002
2023-08-25T13:33:27Z,coraline_crustose_algae,474,0.1515375
2023-08-25T13:33:27Z,coraline_crustose_algae,476,0.15221875
2023-08-25T13:33:27Z,coraline_crustose_algae,478,0.152125
2023-08-25T13:33:27Z,coraline_crustose_algae,480,0.1512125
2023-08-25T13:33:27Z,coraline_crustose_algae,482,0.1494
2023-08-25T13:33:27Z,coraline_crustose_algae,484,0.1468
2023-08-25T13:33:27Z,coraline_crustose_algae,486,0.1435
2023-08-25T13:33:27Z,coraline_crustose_algae,488,0.13937499999999994
2023-08-25T13:33:27Z,coraline_crustose_algae,490,0.1355
2023-08-25T13:33:27Z,coraline_crustose_algae,492,0.13257500000000003
2023-08-25T13:33:27Z,coraline_crustose_algae,494,0.1303
2023-08-25T13:33:27Z,coraline_crustose_algae,496,0.12911250000000002
2023-08-25T13:33:27Z,coraline_crustose_algae,498,0.12946249999999998
2023-08-25T13:33:27Z,coraline_crustose_algae,500,0.1314625
2023-08-25T13:33:27Z,coraline_crustose_algae,502,0.13496249999999996
2023-08-25T13:33:27Z,coraline_crustose_algae,504,0.1403066666666666
2023-08-25T13:33:27Z,coraline_crustose_algae,506,0.14700625000000003
2023-08-25T13:33:27Z,coraline_crustose_algae,508,0.1545125
2023-08-25T13:33:27Z,coraline_crustose_algae,510,0.16219375000000003
2023-08-25T13:33:27Z,coraline_crustose_algae,512,0.1697
2023-08-25T13:33:27Z,coraline_crustose_algae,514,0.17574999999999993
2023-08-25T13:33:27Z,coraline_crustose_algae,516,0.1806599999999999
2023-08-25T13:33:27Z,coraline_crustose_algae,518,0.18415000000000006
2023-08-25T13:33:27Z,coraline_crustose_algae,520,0.18648125000000002
2023-08-25T13:33:27Z,coraline_crustose_algae,522,0.188
2023-08-25T13:33:27Z,coraline_crustose_algae,524,0.18841249999999998
2023-08-25T13:33:27Z,coraline_crustose_algae,526,0.18795
2023-08-25T13:33:27Z,coraline_crustose_algae,528,0.18673750000000003
2023-08-25T13:33:27Z,coraline_crustose_algae,530,0.18503999999999995
2023-08-25T13:33:27Z,coraline_crustose_algae,532,0.18364999999999998
2023-08-25T13:33:27Z,coraline_crustose_algae,534,0.18230000000000002
2023-08-25T13:33:27Z,coraline_crustose_algae,536,0.18085
2023-08-25T13:33:27Z,coraline_crustose_algae,538,0.17979375000000003
2023-08-25T13:33:27Z,coraline_crustose_algae,540,0.17870666666666668
2023-08-25T13:33:27Z,coraline_crustose_algae,542,0.17761999999999997
2023-08-25T13:33:27Z,coraline_crustose_algae,544,0.176925
2023-08-25T13:33:27Z,coraline_crustose_algae,546,0.17663125000000002
2023-08-25T13:33:27Z,coraline_crustose_algae,548,0.1765
2023-08-25T13:33:27Z,coraline_crustose_algae,550,0.1764
2023-08-25T13:33:27Z,coraline_crustose_algae,552,0.17629333333333336
2023-08-25T13:33:27Z,coraline_crustose_algae,554,0.17571249999999997
2023-08-25T13:33:27Z,coraline_crustose_algae,556,0.17451249999999996
2023-08-25T13:33:27Z,coraline_crustose_algae,558,0.17223999999999995
2023-08-25T13:33:27Z,coraline_crustose_algae,560,0.16866874999999998
2023-08-25T13:33:27Z,coraline_crustose_algae,562,0.1642
2023-08-25T13:33:27Z,coraline_crustose_algae,564,0.16018000000000004
2023-08-25T13:33:27Z,coraline_crustose_algae,566,0.15730000000000002
2023-08-25T13:33:27Z,coraline_crustose_algae,568,0.15668666666666667
2023-08-25T13:33:27Z,coraline_crustose_algae,570,0.15965333333333348
2023-08-25T13:33:27Z,coraline_crustose_algae,572,0.16718125000000017
2023-08-25T13:33:27Z,coraline_crustose_algae,574,0.1785866666666668
2023-08-25T13:33:27Z,coraline_crustose_algae,576,0.1929
2023-08-25T13:33:27Z,coraline_crustose_algae,578,0.20979374999999995
2023-08-25T13:33:27Z,coraline_crustose_algae,580,0.2264799999999998
2023-08-25T13:33:27Z,coraline_crustose_algae,582,0.24209999999999968
2023-08-25T13:33:27Z,coraline_crustose_algae,584,0.25671999999999967
2023-08-25T13:33:27Z,coraline_crustose_algae,586,0.2694
2023-08-25T13:33:27Z,coraline_crustose_algae,588,0.2804000000000002
2023-08-25T13:33:27Z,coraline_crustose_algae,590,0.2896933333333334
2023-08-25T13:33:27Z,coraline_crustose_algae,592,0.2970750000000001
2023-08-25T13:33:27Z,coraline_crustose_algae,594,0.30306666666666665
2023-08-25T13:33:27Z,coraline_crustose_algae,596,0.3081
2023-08-25T13:33:27Z,coraline_crustose_algae,598,0.31153333333333333
2023-08-25T13:33:27Z,coraline_crustose_algae,600,0.31350625
2023-08-25T13:33:27Z,coraline_crustose_algae,602,0.31346666666666667
2023-08-25T13:33:27Z,coraline_crustose_algae,604,0.31119375000000005
2023-08-25T13:33:27Z,coraline_crustose_algae,606,0.3074599999999999
2023-08-25T13:33:27Z,coraline_crustose_algae,608,0.3025799999999999
2023-08-25T13:33:27Z,coraline_crustose_algae,610,0.29709333333333326
2023-08-25T13:33:27Z,coraline_crustose_algae,612,0.2909199999999999
2023-08-25T13:33:27Z,coraline_crustose_algae,614,0.28507499999999997
2023-08-25T13:33:27Z,coraline_crustose_algae,616,0.2797
2023-08-25T13:33:27Z,coraline_crustose_algae,618,0.2750666666666667
2023-08-25T13:33:27Z,coraline_crustose_algae,620,0.2715
2023-08-25T13:33:27Z,coraline_crustose_algae,622,0.26938666666666666
2023-08-25T13:33:27Z,coraline_crustose_algae,624,0.26835
2023-08-25T13:33:27Z,coraline_crustose_algae,626,0.26836
2023-08-25T13:33:27Z,coraline_crustose_algae,628,0.26928
2023-08-25T13:33:27Z,coraline_crustose_algae,630,0.27115624999999993
2023-08-25T13:33:27Z,coraline_crustose_algae,632,0.2737733333333334
2023-08-25T13:33:27Z,coraline_crustose_algae,634,0.27732000000000007
2023-08-25T13:33:27Z,coraline_crustose_algae,636,0.2822733333333335
2023-08-25T13:33:27Z,coraline_crustose_algae,638,0.2880562500000001
2023-08-25T13:33:27Z,coraline_crustose_algae,640,0.2946600000000001
2023-08-25T13:33:27Z,coraline_crustose_algae,642,0.3017000000000001
2023-08-25T13:33:27Z,coraline_crustose_algae,644,0.3078600000000001
2023-08-25T13:33:27Z,coraline_crustose_algae,646,0.31355000000000005
2023-08-25T13:33:27Z,coraline_crustose_algae,648,0.3165
2023-08-25T13:33:27Z,coraline_crustose_algae,650,0.3155666666666667
2023-08-25T13:33:27Z,coraline_crustose_algae,652,0.3119
2023-08-25T13:33:27Z,coraline_crustose_algae,654,0.3064
2023-08-25T13:33:27Z,coraline_crustose_algae,656,0.29866666666666664
2023-08-25T13:33:27Z,coraline_crustose_algae,658,0.2861250000000001
2023-08-25T13:33:27Z,coraline_crustose_algae,660,0.2674933333333335
2023-08-25T13:33:27Z,coraline_crustose_algae,662,0.24645333333333355
2023-08-25T13:33:27Z,coraline_crustose_algae,664,0.22532000000000024
2023-08-25T13:33:27Z,coraline_crustose_algae,666,0.20548000000000022
2023-08-25T13:33:27Z,coraline_crustose_algae,668,0.18878666666666682
2023-08-25T13:33:27Z,coraline_crustose_algae,670,0.17498000000000014
2023-08-25T13:33:27Z,coraline_crustose_algae,672,0.16617227984047533
2023-08-25T13:33:27Z,coraline_crustose_algae,674,0.16341272996322104
2023-08-25T13:33:27Z,coraline_crustose_algae,676,0.16565422144526
2023-08-25T13:33:27Z,coraline_crustose_algae,678,0.1733474295044656
2023-08-25T13:33:27Z,coraline_crustose_algae,680,0.18675530135601046
2023-08-25T13:33:27Z,coraline_crustose_algae,682,0.20696220668207493
2023-08-25T13:33:27Z,coraline_crustose_algae,684,0.23422152986087658
2023-08-25T13:33:27Z,coraline_crustose_algae,686,0.27086348106383984
2023-08-25T13:33:27Z,coraline_crustose_algae,688,0.31745685864846707
2023-08-25T13:33:27Z,coraline_crustose_algae,690,0.3718037731450463
2023-08-25T13:33:27Z,coraline_crustose_algae,692,0.43668785222381373
2023-08-25T13:33:27Z,coraline_crustose_algae,694,0.5150133659383174
2023-08-25T13:33:27Z,coraline_crustose_algae,696,0.6075227152690369
2023-08-25T13:33:27Z,coraline_crustose_algae,698,0.7157882470094918
2023-08-25T13:33:27Z,coraline_crustose_algae,700,0.7793167999999999
2023-08-25T13:33:27Z,coraline_crustose_algae,702,0.8295415718399999
2023-08-25T13:33:27Z,coraline_crustose_algae,704,0.8740113792
2023-08-25T13:33:27Z,coraline_crustose_algae,706,0.9107615317333333
2023-08-25T13:33:27Z,coraline_crustose_algae,708,0.9409392
2023-08-25T13:33:27Z,coraline_crustose_algae,710,0.9641080000000001
2023-08-25T13:33:27Z,coraline_crustose_algae,712,0.9813242922666666
2023-08-25T13:33:27Z,coraline_crustose_algae,714,0.9925177536
2023-08-25T13:33:27Z,coraline_crustose_algae,716,0.9982856832
2023-08-25T13:33:27Z,coraline_crustose_algae,718,0.9994323157333332
2023-08-25T13:33:27Z,coraline_crustose_algae,720,0.999
2023-08-25T13:33:27Z,coraline_crustose_algae,722,0.999
2023-08-25T13:33:27Z,coraline_crustose_algae,724,0.999
2023-08-25T13:33:27Z,coraline_crustose_algae,726,0.999
2023-08-25T13:33:27Z,coraline_crustose_algae,728,0.999
2023-08-25T13:33:27Z,coraline_crustose_algae,730,0.999
2023-08-25T13:33:27Z,coraline_crustose_algae,732,0.999
2023-08-25T13:33:27Z,coraline_crustose_algae,734,0.999
2023-08-25T13:33:27Z,coraline_crustose_algae,736,0.999
2023-08-25T13:33:27Z,coraline_crustose_algae,738,0.999
2023-08-25T13:33:27Z,coraline_crustose_algae,740,0.999
2023-08-25T13:33:27Z,coraline_crustose_algae,742,0.999
2023-08-25T13:33:27Z,coraline_crustose_algae,744,0.999
2023-08-25T13:33:27Z,coraline_crustose_algae,746,0.999
2023-08-25T13:33:27Z,coraline_crustose_algae,748,0.999
2023-08-25T13:33:27Z,coraline_crustose_algae,750,0.999
2023-08-25T13:33:27Z,coraline_crustose_algae,752,0.999
2023-08-25T13:33:27Z,coraline_crustose_algae,754,0.999
2023-08-25T13:33:27Z,coraline_crustose_algae,756,0.999
2023-08-25T13:33:27Z,coraline_crustose_algae,758,0.999
2023-08-25T13:33:27Z,coraline_crustose_algae,760,0.999
2023-08-25T13:33:27Z,coraline_crustose_algae,762,0.999
2023-08-25T13:33:27Z,coraline_crustose_algae,764,0.999
2023-08-25T13:33:27Z,coraline_crustose_algae,766,0.999
2023-08-25T13:33:27Z,coraline_crustose_algae,768,0.999
2023-08-25T13:33:27Z,coraline_crustose_algae,770,0.999
2023-08-25T13:33:27Z,coraline_crustose_algae,772,0.999
2023-08-25T13:33:27Z,coraline_crustose_algae,774,0.999
2023-08-25T13:33:27Z,coraline_crustose_algae,776,0.999
2023-08-25T13:33:27Z,coraline_crustose_algae,778,0.999
2023-08-25T13:33:27Z,coraline_crustose_algae,780,0.999
2023-08-25T13:33:27Z,coraline_crustose_algae,782,0.999
2023-08-25T13:33:27Z,coraline_crustose_algae,784,0.999
2023-08-25T13:33:27Z,coraline_crustose_algae,786,0.999
2023-08-25T13:33:27Z,coraline_crustose_algae,788,0.999
2023-08-25T13:33:27Z,coraline_crustose_algae,790,0.999
2023-08-25T13:33:27Z,coraline_crustose_algae,792,0.999
2023-08-25T13:33:27Z,coraline_crustose_algae,794,0.999
2023-08-25T13:33:27Z,coraline_crustose_algae,796,0.999
2023-08-25T13:33:27Z,coraline_crustose_algae,798,0.999
2023-08-25T13:33:27Z,coraline_crustose_algae,800,0.999
2023-08-25T13:35:36Z,coraline_crustose_algae,340,0.11608823529411767
2023-08-25T13:35:36Z,coraline_crustose_algae,342,0.11199999999999999
2023-08-25T13:35:36Z,coraline_crustose_algae,344,0.1097411764705882
2023-08-25T13:35:36Z,coraline_crustose_algae,346,0.10998749999999999
2023-08-25T13:35:36Z,coraline_crustose_algae,348,0.11592352941176474
2023-08-25T13:35:36Z,coraline_crustose_algae,350,0.11109999999999999
2023-08-25T13:35:36Z,coraline_crustose_algae,352,0.11138823529411766
2023-08-25T13:35:36Z,coraline_crustose_algae,354,0.11109375
2023-08-25T13:35:36Z,coraline_crustose_algae,356,0.11242500000000001
2023-08-25T13:35:36Z,coraline_crustose_algae,358,0.11341764705882353
2023-08-25T13:35:36Z,coraline_crustose_algae,360,0.11480000000000001
2023-08-25T13:35:36Z,coraline_crustose_algae,362,0.1129
2023-08-25T13:35:36Z,coraline_crustose_algae,364,0.110925
2023-08-25T13:35:36Z,coraline_crustose_algae,366,0.11369999999999998
2023-08-25T13:35:36Z,coraline_crustose_algae,368,0.1144
2023-08-25T13:35:36Z,coraline_crustose_algae,370,0.11265
2023-08-25T13:35:36Z,coraline_crustose_algae,372,0.1124
2023-08-25T13:35:36Z,coraline_crustose_algae,374,0.10912352941176472
2023-08-25T13:35:36Z,coraline_crustose_algae,376,0.10989374999999998
2023-08-25T13:35:36Z,coraline_crustose_algae,378,0.10998823529411764
2023-08-25T13:35:36Z,coraline_crustose_algae,380,0.108775
2023-08-25T13:35:36Z,coraline_crustose_algae,382,0.10865
2023-08-25T13:35:36Z,coraline_crustose_algae,384,0.1074875
2023-08-25T13:35:36Z,coraline_crustose_algae,386,0.10623529411764708
2023-08-25T13:35:36Z,coraline_crustose_algae,388,0.105
2023-08-25T13:35:36Z,coraline_crustose_algae,390,0.10550625
2023-08-25T13:35:36Z,coraline_crustose_algae,392,0.10516875
2023-08-25T13:35:36Z,coraline_crustose_algae,394,0.10369999999999999
2023-08-25T13:35:36Z,coraline_crustose_algae,396,0.102675
2023-08-25T13:35:36Z,coraline_crustose_algae,398,0.1022
2023-08-25T13:35:36Z,coraline_crustose_algae,400,0.10149999999999999
2023-08-25T13:35:36Z,coraline_crustose_algae,402,0.0998
2023-08-25T13:35:36Z,coraline_crustose_algae,404,0.09784705882352944
2023-08-25T13:35:36Z,coraline_crustose_algae,406,0.09613124999999999
2023-08-25T13:35:36Z,coraline_crustose_algae,408,0.09436875
2023-08-25T13:35:36Z,coraline_crustose_algae,410,0.09268125000000002
2023-08-25T13:35:36Z,coraline_crustose_algae,412,0.09048125
2023-08-25T13:35:36Z,coraline_crustose_algae,414,0.0884875
2023-08-25T13:35:36Z,coraline_crustose_algae,416,0.08714999999999999
2023-08-25T13:35:36Z,coraline_crustose_algae,418,0.08601764705882353
2023-08-25T13:35:36Z,coraline_crustose_algae,420,0.0852125
2023-08-25T13:35:36Z,coraline_crustose_algae,422,0.0844125
2023-08-25T13:35:36Z,coraline_crustose_algae,424,0.08372500000000001
2023-08-25T13:35:36Z,coraline_crustose_algae,426,0.0830625
2023-08-25T13:35:36Z,coraline_crustose_algae,428,0.08232500000000001
2023-08-25T13:35:36Z,coraline_crustose_algae,430,0.08149999999999999
2023-08-25T13:35:36Z,coraline_crustose_algae,432,0.08031250000000001
2023-08-25T13:35:36Z,coraline_crustose_algae,434,0.0792875
2023-08-25T13:35:36Z,coraline_crustose_algae,436,0.07852500000000001
2023-08-25T13:35:36Z,coraline_crustose_algae,438,0.078
2023-08-25T13:35:36Z,coraline_crustose_algae,440,0.078125
2023-08-25T13:35:36Z,coraline_crustose_algae,442,0.078725
2023-08-25T13:35:36Z,coraline_crustose_algae,444,0.08008749999999999
2023-08-25T13:35:36Z,coraline_crustose_algae,446,0.08222500000000002
2023-08-25T13:35:36Z,coraline_crustose_algae,448,0.08528749999999997
2023-08-25T13:35:36Z,coraline_crustose_algae,450,0.088925
2023-08-25T13:35:36Z,coraline_crustose_algae,452,0.0926625
2023-08-25T13:35:36Z,coraline_crustose_algae,454,0.09625000000000002
2023-08-25T13:35:36Z,coraline_crustose_algae,456,0.09943749999999998
2023-08-25T13:35:36Z,coraline_crustose_algae,458,0.10187500000000002
2023-08-25T13:35:36Z,coraline_crustose_algae,460,0.1034125
2023-08-25T13:35:36Z,coraline_crustose_algae,462,0.10446250000000001
2023-08-25T13:35:36Z,coraline_crustose_algae,464,0.1052125
2023-08-25T13:35:36Z,coraline_crustose_algae,466,0.1058375
2023-08-25T13:35:36Z,coraline_crustose_algae,468,0.10658
2023-08-25T13:35:36Z,coraline_crustose_algae,470,0.10740625000000001
2023-08-25T13:35:36Z,coraline_crustose_algae,472,0.1082125
2023-08-25T13:35:36Z,coraline_crustose_algae,474,0.10896249999999999
2023-08-25T13:35:36Z,coraline_crustose_algae,476,0.1094
2023-08-25T13:35:36Z,coraline_crustose_algae,478,0.109225
2023-08-25T13:35:36Z,coraline_crustose_algae,480,0.10845
2023-08-25T13:35:36Z,coraline_crustose_algae,482,0.107
2023-08-25T13:35:36Z,coraline_crustose_algae,484,0.10502500000000002
2023-08-25T13:35:36Z,coraline_crustose_algae,486,0.1026
2023-08-25T13:35:36Z,coraline_crustose_algae,488,0.09994999999999997
2023-08-25T13:35:36Z,coraline_crustose_algae,490,0.0974
2023-08-25T13:35:36Z,coraline_crustose_algae,492,0.09526250000000001
2023-08-25T13:35:36Z,coraline_crustose_algae,494,0.0937375
2023-08-25T13:35:36Z,coraline_crustose_algae,496,0.09289375
2023-08-25T13:35:36Z,coraline_crustose_algae,498,0.0930875
2023-08-25T13:35:36Z,coraline_crustose_algae,500,0.0942625
2023-08-25T13:35:36Z,coraline_crustose_algae,502,0.09663749999999997
2023-08-25T13:35:36Z,coraline_crustose_algae,504,0.10020666666666661
2023-08-25T13:35:36Z,coraline_crustose_algae,506,0.10463125000000002
2023-08-25T13:35:36Z,coraline_crustose_algae,508,0.10955000000000001
2023-08-25T13:35:36Z,coraline_crustose_algae,510,0.11455000000000001
2023-08-25T13:35:36Z,coraline_crustose_algae,512,0.11939999999999999
2023-08-25T13:35:36Z,coraline_crustose_algae,514,0.12317499999999995
2023-08-25T13:35:36Z,coraline_crustose_algae,516,0.1262133333333333
2023-08-25T13:35:36Z,coraline_crustose_algae,518,0.12840000000000001
2023-08-25T13:35:36Z,coraline_crustose_algae,520,0.12995000000000004
2023-08-25T13:35:36Z,coraline_crustose_algae,522,0.13083333333333333
2023-08-25T13:35:36Z,coraline_crustose_algae,524,0.13085000000000002
2023-08-25T13:35:36Z,coraline_crustose_algae,526,0.12991250000000001
2023-08-25T13:35:36Z,coraline_crustose_algae,528,0.12879375
2023-08-25T13:35:36Z,coraline_crustose_algae,530,0.12738666666666662
2023-08-25T13:35:36Z,coraline_crustose_algae,532,0.12597499999999998
2023-08-25T13:35:36Z,coraline_crustose_algae,534,0.1247
2023-08-25T13:35:36Z,coraline_crustose_algae,536,0.12344999999999999
2023-08-25T13:35:36Z,coraline_crustose_algae,538,0.12250625000000001
2023-08-25T13:35:36Z,coraline_crustose_algae,540,0.12159333333333336
2023-08-25T13:35:36Z,coraline_crustose_algae,542,0.12094666666666665
2023-08-25T13:35:36Z,coraline_crustose_algae,544,0.1205125
2023-08-25T13:35:36Z,coraline_crustose_algae,546,0.12033124999999999
2023-08-25T13:35:36Z,coraline_crustose_algae,548,0.12050000000000001
2023-08-25T13:35:36Z,coraline_crustose_algae,550,0.12075
2023-08-25T13:35:36Z,coraline_crustose_algae,552,0.12100666666666665
2023-08-25T13:35:36Z,coraline_crustose_algae,554,0.12101875
2023-08-25T13:35:36Z,coraline_crustose_algae,556,0.12048749999999997
2023-08-25T13:35:36Z,coraline_crustose_algae,558,0.11913999999999998
2023-08-25T13:35:36Z,coraline_crustose_algae,560,0.11699375
2023-08-25T13:35:36Z,coraline_crustose_algae,562,0.1142
2023-08-25T13:35:36Z,coraline_crustose_algae,564,0.11167333333333336
2023-08-25T13:35:36Z,coraline_crustose_algae,566,0.10993750000000002
2023-08-25T13:35:36Z,coraline_crustose_algae,568,0.10949999999999999
2023-08-25T13:35:36Z,coraline_crustose_algae,570,0.11117333333333342
2023-08-25T13:35:36Z,coraline_crustose_algae,572,0.1155687500000001
2023-08-25T13:35:36Z,coraline_crustose_algae,574,0.12235333333333342
2023-08-25T13:35:36Z,coraline_crustose_algae,576,0.1311
2023-08-25T13:35:36Z,coraline_crustose_algae,578,0.14198749999999996
2023-08-25T13:35:36Z,coraline_crustose_algae,580,0.15305999999999986
2023-08-25T13:35:36Z,coraline_crustose_algae,582,0.16376249999999978
2023-08-25T13:35:36Z,coraline_crustose_algae,584,0.1737799999999998
2023-08-25T13:35:36Z,coraline_crustose_algae,586,0.1825
2023-08-25T13:35:36Z,coraline_crustose_algae,588,0.19018000000000018
2023-08-25T13:35:36Z,coraline_crustose_algae,590,0.19662000000000007
2023-08-25T13:35:36Z,coraline_crustose_algae,592,0.20248750000000004
2023-08-25T13:35:36Z,coraline_crustose_algae,594,0.207
2023-08-25T13:35:36Z,coraline_crustose_algae,596,0.2109
2023-08-25T13:35:36Z,coraline_crustose_algae,598,0.21329999999999996
2023-08-25T13:35:36Z,coraline_crustose_algae,600,0.21484999999999999
2023-08-25T13:35:36Z,coraline_crustose_algae,602,0.21528666666666668
2023-08-25T13:35:36Z,coraline_crustose_algae,604,0.21441875000000002
2023-08-25T13:35:36Z,coraline_crustose_algae,606,0.21221999999999994
2023-08-25T13:35:36Z,coraline_crustose_algae,608,0.20909999999999992
2023-08-25T13:35:36Z,coraline_crustose_algae,610,0.20549999999999996
2023-08-25T13:35:36Z,coraline_crustose_algae,612,0.20141999999999993
2023-08-25T13:35:36Z,coraline_crustose_algae,614,0.19743749999999996
2023-08-25T13:35:36Z,coraline_crustose_algae,616,0.1938
2023-08-25T13:35:36Z,coraline_crustose_algae,618,0.19073333333333334
2023-08-25T13:35:36Z,coraline_crustose_algae,620,0.1884625
2023-08-25T13:35:36Z,coraline_crustose_algae,622,0.1869666666666667
2023-08-25T13:35:36Z,coraline_crustose_algae,624,0.1863
2023-08-25T13:35:36Z,coraline_crustose_algae,626,0.1865133333333333
2023-08-25T13:35:36Z,coraline_crustose_algae,628,0.18721999999999997
2023-08-25T13:35:36Z,coraline_crustose_algae,630,0.18878124999999998
2023-08-25T13:35:36Z,coraline_crustose_algae,632,0.19084000000000007
2023-08-25T13:35:36Z,coraline_crustose_algae,634,0.19340000000000007
2023-08-25T13:35:36Z,coraline_crustose_algae,636,0.1968000000000001
2023-08-25T13:35:36Z,coraline_crustose_algae,638,0.20101875000000008
2023-08-25T13:35:36Z,coraline_crustose_algae,640,0.20574000000000006
2023-08-25T13:35:36Z,coraline_crustose_algae,642,0.21072000000000007
2023-08-25T13:35:36Z,coraline_crustose_algae,644,0.21512000000000006
2023-08-25T13:35:36Z,coraline_crustose_algae,646,0.219025
2023-08-25T13:35:36Z,coraline_crustose_algae,648,0.22149999999999997
2023-08-25T13:35:36Z,coraline_crustose_algae,650,0.22119999999999998
2023-08-25T13:35:36Z,coraline_crustose_algae,652,0.21913333333333335
2023-08-25T13:35:36Z,coraline_crustose_algae,654,0.2151
2023-08-25T13:35:36Z,coraline_crustose_algae,656,0.20943333333333333
2023-08-25T13:35:36Z,coraline_crustose_algae,658,0.20135000000000008
2023-08-25T13:35:36Z,coraline_crustose_algae,660,0.18888666666666684
2023-08-25T13:35:36Z,coraline_crustose_algae,662,0.1747933333333335
2023-08-25T13:35:36Z,coraline_crustose_algae,664,0.16062000000000015
2023-08-25T13:35:36Z,coraline_crustose_algae,666,0.14698000000000017
2023-08-25T13:35:36Z,coraline_crustose_algae,668,0.1357000000000001
2023-08-25T13:35:36Z,coraline_crustose_algae,670,0.12672000000000008
2023-08-25T13:35:36Z,coraline_crustose_algae,672,0.12124341682229052
2023-08-25T13:35:36Z,coraline_crustose_algae,674,0.1195630360265881
2023-08-25T13:35:36Z,coraline_crustose_algae,676,0.12173889836071312
2023-08-25T13:35:36Z,coraline_crustose_algae,678,0.1274862150156948
2023-08-25T13:35:36Z,coraline_crustose_algae,680,0.137345836338283
2023-08-25T13:35:36Z,coraline_crustose_algae,682,0.15149102218374982
2023-08-25T13:35:36Z,coraline_crustose_algae,684,0.1704920341783188
2023-08-25T13:35:36Z,coraline_crustose_algae,686,0.195684577783108
2023-08-25T13:35:36Z,coraline_crustose_algae,688,0.22780662178305477
2023-08-25T13:35:36Z,coraline_crustose_algae,690,0.2651637710914325
2023-08-25T13:35:36Z,coraline_crustose_algae,692,0.3097270499880911
2023-08-25T13:35:36Z,coraline_crustose_algae,694,0.36339641257199656
2023-08-25T13:35:36Z,coraline_crustose_algae,696,0.4271372378812408
2023-08-25T13:35:36Z,coraline_crustose_algae,698,0.5022333212870991
2023-08-25T13:35:36Z,coraline_crustose_algae,700,0.5892086247545774
2023-08-25T13:35:36Z,coraline_crustose_algae,702,0.6877483964596138
2023-08-25T13:35:36Z,coraline_crustose_algae,704,0.796014550350896
2023-08-25T13:35:36Z,coraline_crustose_algae,706,0.8844519552
2023-08-25T13:35:36Z,coraline_crustose_algae,708,0.9191809152
2023-08-25T13:35:36Z,coraline_crustose_algae,710,0.9475754666666667
2023-08-25T13:35:36Z,coraline_crustose_algae,712,0.9694345258666666
2023-08-25T13:35:36Z,coraline_crustose_algae,714,0.9851041728
2023-08-25T13:35:36Z,coraline_crustose_algae,716,0.99458432256
2023-08-25T13:35:36Z,coraline_crustose_algae,718,0.9983742946133334
2023-08-25T13:35:36Z,coraline_crustose_algae,720,0.999
2023-08-25T13:35:36Z,coraline_crustose_algae,722,0.999
2023-08-25T13:35:36Z,coraline_crustose_algae,724,0.999
2023-08-25T13:35:36Z,coraline_crustose_algae,726,0.999
2023-08-25T13:35:36Z,coraline_crustose_algae,728,0.999
2023-08-25T13:35:36Z,coraline_crustose_algae,730,0.999
2023-08-25T13:35:36Z,coraline_crustose_algae,732,0.999
2023-08-25T13:35:36Z,coraline_crustose_algae,734,0.999
2023-08-25T13:35:36Z,coraline_crustose_algae,736,0.999
2023-08-25T13:35:36Z,coraline_crustose_algae,738,0.999
2023-08-25T13:35:36Z,coraline_crustose_algae,740,0.999
2023-08-25T13:35:36Z,coraline_crustose_algae,742,0.999
2023-08-25T13:35:36Z,coraline_crustose_algae,744,0.999
2023-08-25T13:35:36Z,coraline_crustose_algae,746,0.999
2023-08-25T13:35:36Z,coraline_crustose_algae,748,0.999
2023-08-25T13:35:36Z,coraline_crustose_algae,750,0.999
2023-08-25T13:35:36Z,coraline_crustose_algae,752,0.999
2023-08-25T13:35:36Z,coraline_crustose_algae,754,0.999
2023-08-25T13:35:36Z,coraline_crustose_algae,756,0.999
2023-08-25T13:35:36Z,coraline_crustose_algae,758,0.999
2023-08-25T13:35:36Z,coraline_crustose_algae,760,0.999
2023-08-25T13:35:36Z,coraline_crustose_algae,762,0.999
2023-08-25T13:35:36Z,coraline_crustose_algae,764,0.999
2023-08-25T13:35:36Z,coraline_crustose_algae,766,0.999
2023-08-25T13:35:36Z,coraline_crustose_algae,768,0.999
2023-08-25T13:35:36Z,coraline_crustose_algae,770,0.999
2023-08-25T13:35:36Z,coraline_crustose_algae,772,0.999
2023-08-25T13:35:36Z,coraline_crustose_algae,774,0.999
2023-08-25T13:35:36Z,coraline_crustose_algae,776,0.999
2023-08-25T13:35:36Z,coraline_crustose_algae,778,0.999
2023-08-25T13:35:36Z,coraline_crustose_algae,780,0.999
2023-08-25T13:35:36Z,coraline_crustose_algae,782,0.999
2023-08-25T13:35:36Z,coraline_crustose_algae,784,0.999
2023-08-25T13:35:36Z,coraline_crustose_algae,786,0.999
2023-08-25T13:35:36Z,coraline_crustose_algae,788,0.999
2023-08-25T13:35:36Z,coraline_crustose_algae,790,0.999
2023-08-25T13:35:36Z,coraline_crustose_algae,792,0.999
2023-08-25T13:35:36Z,coraline_crustose_algae,794,0.999
2023-08-25T13:35:36Z,coraline_crustose_algae,796,0.999
2023-08-25T13:35:36Z,coraline_crustose_algae,798,0.999
2023-08-25T13:35:36Z,coraline_crustose_algae,800,0.999
2023-08-25T13:38:04Z,saccharina_latissima,340,0.02964117647058823
2023-08-25T13:38:04Z,saccharina_latissima,342,0.027824999999999996
2023-08-25T13:38:04Z,saccharina_latissima,344,0.028247058823529413
2023-08-25T13:38:04Z,saccharina_latissima,346,0.02819375
2023-08-25T13:38:04Z,saccharina_latissima,348,0.028794117647058838
2023-08-25T13:38:04Z,saccharina_latissima,350,0.0313
2023-08-25T13:38:04Z,saccharina_latissima,352,0.029117647058823543
2023-08-25T13:38:04Z,saccharina_latissima,354,0.0282875
2023-08-25T13:38:04Z,saccharina_latissima,356,0.0285375
2023-08-25T13:38:04Z,saccharina_latissima,358,0.028688235294117646
2023-08-25T13:38:04Z,saccharina_latissima,360,0.029387500000000007
2023-08-25T13:38:04Z,saccharina_latissima,362,0.028317647058823527
2023-08-25T13:38:04Z,saccharina_latissima,364,0.027293750000000002
2023-08-25T13:38:04Z,saccharina_latissima,366,0.026006250000000005
2023-08-25T13:38:04Z,saccharina_latissima,368,0.0258
2023-08-25T13:38:04Z,saccharina_latissima,370,0.025425000000000003
2023-08-25T13:38:04Z,saccharina_latissima,372,0.02525
2023-08-25T13:38:04Z,saccharina_latissima,374,0.025794117647058825
2023-08-25T13:38:04Z,saccharina_latissima,376,0.025625000000000005
2023-08-25T13:38:04Z,saccharina_latissima,378,0.024364705882352938
2023-08-25T13:38:04Z,saccharina_latissima,380,0.024237500000000002
2023-08-25T13:38:04Z,saccharina_latissima,382,0.0243625
2023-08-25T13:38:04Z,saccharina_latissima,384,0.0237875
2023-08-25T13:38:04Z,saccharina_latissima,386,0.02305882352941177
2023-08-25T13:38:04Z,saccharina_latissima,388,0.02203125
2023-08-25T13:38:04Z,saccharina_latissima,390,0.02204375
2023-08-25T13:38:04Z,saccharina_latissima,392,0.0221625
2023-08-25T13:38:04Z,saccharina_latissima,394,0.0219
2023-08-25T13:38:04Z,saccharina_latissima,396,0.02125000000000001
2023-08-25T13:38:04Z,saccharina_latissima,398,0.0207
2023-08-25T13:38:04Z,saccharina_latissima,400,0.01992499999999999
2023-08-25T13:38:04Z,saccharina_latissima,402,0.0194
2023-08-25T13:38:04Z,saccharina_latissima,404,0.018729411764705883
2023-08-25T13:38:04Z,saccharina_latissima,406,0.018281250000000002
2023-08-25T13:38:04Z,saccharina_latissima,408,0.017725
2023-08-25T13:38:04Z,saccharina_latissima,410,0.017318750000000004
2023-08-25T13:38:04Z,saccharina_latissima,412,0.016743749999999998
2023-08-25T13:38:04Z,saccharina_latissima,414,0.01636875
2023-08-25T13:38:04Z,saccharina_latissima,416,0.01599375
2023-08-25T13:38:04Z,saccharina_latissima,418,0.015723529411764706
2023-08-25T13:38:04Z,saccharina_latissima,420,0.015662500000000003
2023-08-25T13:38:04Z,saccharina_latissima,422,0.0154
2023-08-25T13:38:04Z,saccharina_latissima,424,0.015275000000000002
2023-08-25T13:38:04Z,saccharina_latissima,426,0.015024999999999998
2023-08-25T13:38:04Z,saccharina_latissima,428,0.014887500000000001
2023-08-25T13:38:04Z,saccharina_latissima,430,0.014724999999999999
2023-08-25T13:38:04Z,saccharina_latissima,432,0.014412500000000003
2023-08-25T13:38:04Z,saccharina_latissima,434,0.0142125
2023-08-25T13:38:04Z,saccharina_latissima,436,0.0139875
2023-08-25T13:38:04Z,saccharina_latissima,438,0.0139
2023-08-25T13:38:04Z,saccharina_latissima,440,0.0139
2023-08-25T13:38:04Z,saccharina_latissima,442,0.0139875
2023-08-25T13:38:04Z,saccharina_latissima,444,0.014124999999999999
2023-08-25T13:38:04Z,saccharina_latissima,446,0.014375000000000002
2023-08-25T13:38:04Z,saccharina_latissima,448,0.014624999999999997
2023-08-25T13:38:04Z,saccharina_latissima,450,0.0149625
2023-08-25T13:38:04Z,saccharina_latissima,452,0.015125
2023-08-25T13:38:04Z,saccharina_latissima,454,0.015337500000000002
2023-08-25T13:38:04Z,saccharina_latissima,456,0.015462499999999999
2023-08-25T13:38:04Z,saccharina_latissima,458,0.0155
2023-08-25T13:38:04Z,saccharina_latissima,460,0.015612500000000001
2023-08-25T13:38:04Z,saccharina_latissima,462,0.0157375
2023-08-25T13:38:04Z,saccharina_latissima,464,0.015924999999999998
2023-08-25T13:38:04Z,saccharina_latissima,466,0.0160875
2023-08-25T13:38:04Z,saccharina_latissima,468,0.016326666666666663
2023-08-25T13:38:04Z,saccharina_latissima,470,0.01663125
2023-08-25T13:38:04Z,saccharina_latissima,472,0.01700625
2023-08-25T13:38:04Z,saccharina_latissima,474,0.017474999999999997
2023-08-25T13:38:04Z,saccharina_latissima,476,0.017875000000000002
2023-08-25T13:38:04Z,saccharina_latissima,478,0.018331250000000004
2023-08-25T13:38:04Z,saccharina_latissima,480,0.01870625
2023-08-25T13:38:04Z,saccharina_latissima,482,0.0191
2023-08-25T13:38:04Z,saccharina_latissima,484,0.019224999999999996
2023-08-25T13:38:04Z,saccharina_latissima,486,0.0194
2023-08-25T13:38:04Z,saccharina_latissima,488,0.0195
2023-08-25T13:38:04Z,saccharina_latissima,490,0.0196
2023-08-25T13:38:04Z,saccharina_latissima,492,0.0196
2023-08-25T13:38:04Z,saccharina_latissima,494,0.01965625
2023-08-25T13:38:04Z,saccharina_latissima,496,0.019781249999999997
2023-08-25T13:38:04Z,saccharina_latissima,498,0.0199125
2023-08-25T13:38:04Z,saccharina_latissima,500,0.020075000000000003
2023-08-25T13:38:04Z,saccharina_latissima,502,0.020325
2023-08-25T13:38:04Z,saccharina_latissima,504,0.020586666666666663
2023-08-25T13:38:04Z,saccharina_latissima,506,0.02095625
2023-08-25T13:38:04Z,saccharina_latissima,508,0.02133125
2023-08-25T13:38:04Z,saccharina_latissima,510,0.021775
2023-08-25T13:38:04Z,saccharina_latissima,512,0.0223
2023-08-25T13:38:04Z,saccharina_latissima,514,0.022799999999999994
2023-08-25T13:38:04Z,saccharina_latissima,516,0.02331333333333332
2023-08-25T13:38:04Z,saccharina_latissima,518,0.02390625000000001
2023-08-25T13:38:04Z,saccharina_latissima,520,0.024525000000000005
2023-08-25T13:38:04Z,saccharina_latissima,522,0.025066666666666668
2023-08-25T13:38:04Z,saccharina_latissima,524,0.025712499999999996
2023-08-25T13:38:04Z,saccharina_latissima,526,0.026337499999999986
2023-08-25T13:38:04Z,saccharina_latissima,528,0.02711249999999999
2023-08-25T13:38:04Z,saccharina_latissima,530,0.02788000000000002
2023-08-25T13:38:04Z,saccharina_latissima,532,0.02865000000000001
2023-08-25T13:38:04Z,saccharina_latissima,534,0.0294
2023-08-25T13:38:04Z,saccharina_latissima,536,0.030218749999999996
2023-08-25T13:38:04Z,saccharina_latissima,538,0.031093749999999986
2023-08-25T13:38:04Z,saccharina_latissima,540,0.03200666666666664
2023-08-25T13:38:04Z,saccharina_latissima,542,0.03312000000000003
2023-08-25T13:38:04Z,saccharina_latissima,544,0.03429375000000002
2023-08-25T13:38:04Z,saccharina_latissima,546,0.035556250000000005
2023-08-25T13:38:04Z,saccharina_latissima,548,0.0371
2023-08-25T13:38:04Z,saccharina_latissima,550,0.03877499999999997
2023-08-25T13:38:04Z,saccharina_latissima,552,0.04075333333333329
2023-08-25T13:38:04Z,saccharina_latissima,554,0.04296250000000003
2023-08-25T13:38:04Z,saccharina_latissima,556,0.04543750000000005
2023-08-25T13:38:04Z,saccharina_latissima,558,0.047980000000000037
2023-08-25T13:38:04Z,saccharina_latissima,560,0.05088125000000001
2023-08-25T13:38:04Z,saccharina_latissima,562,0.053899999999999997
2023-08-25T13:38:04Z,saccharina_latissima,564,0.05693999999999996
2023-08-25T13:38:04Z,saccharina_latissima,566,0.05993749999999995
2023-08-25T13:38:04Z,saccharina_latissima,568,0.06271999999999994
2023-08-25T13:38:04Z,saccharina_latissima,570,0.0650133333333334
2023-08-25T13:38:04Z,saccharina_latissima,572,0.06696875000000002
2023-08-25T13:38:04Z,saccharina_latissima,574,0.06850666666666669
2023-08-25T13:38:04Z,saccharina_latissima,576,0.0696
2023-08-25T13:38:04Z,saccharina_latissima,578,0.07029375
2023-08-25T13:38:04Z,saccharina_latissima,580,0.07056
2023-08-25T13:38:04Z,saccharina_latissima,582,0.0706
2023-08-25T13:38:04Z,saccharina_latissima,584,0.07046
2023-08-25T13:38:04Z,saccharina_latissima,586,0.07025
2023-08-25T13:38:04Z,saccharina_latissima,588,0.07028000000000001
2023-08-25T13:38:04Z,saccharina_latissima,590,0.07075333333333335
2023-08-25T13:38:04Z,saccharina_latissima,592,0.07187500000000001
2023-08-25T13:38:04Z,saccharina_latissima,594,0.07336666666666666
2023-08-25T13:38:04Z,saccharina_latissima,596,0.07519999999999999
2023-08-25T13:38:04Z,saccharina_latissima,598,0.07694666666666665
2023-08-25T13:38:04Z,saccharina_latissima,600,0.07840624999999998
2023-08-25T13:38:04Z,saccharina_latissima,602,0.07905999999999999
2023-08-25T13:38:04Z,saccharina_latissima,604,0.07857500000000002
2023-08-25T13:38:04Z,saccharina_latissima,606,0.07675999999999995
2023-08-25T13:38:04Z,saccharina_latissima,608,0.07395999999999993
2023-08-25T13:38:04Z,saccharina_latissima,610,0.0707133333333333
2023-08-25T13:38:04Z,saccharina_latissima,612,0.06701999999999995
2023-08-25T13:38:04Z,saccharina_latissima,614,0.06361249999999999
2023-08-25T13:38:04Z,saccharina_latissima,616,0.0604
2023-08-25T13:38:04Z,saccharina_latissima,618,0.05773333333333333
2023-08-25T13:38:04Z,saccharina_latissima,620,0.05578750000000002
2023-08-25T13:38:04Z,saccharina_latissima,622,0.05427333333333335
2023-08-25T13:38:04Z,saccharina_latissima,624,0.05335000000000001
2023-08-25T13:38:04Z,saccharina_latissima,626,0.05258000000000002
2023-08-25T13:38:04Z,saccharina_latissima,628,0.051780000000000014
2023-08-25T13:38:04Z,saccharina_latissima,630,0.05096875000000002
2023-08-25T13:38:04Z,saccharina_latissima,632,0.05007333333333331
2023-08-25T13:38:04Z,saccharina_latissima,634,0.04913999999999998
2023-08-25T13:38:04Z,saccharina_latissima,636,0.04861333333333334
2023-08-25T13:38:04Z,saccharina_latissima,638,0.04891875000000001
2023-08-25T13:38:04Z,saccharina_latissima,640,0.04993333333333334
2023-08-25T13:38:04Z,saccharina_latissima,642,0.051700000000000024
2023-08-25T13:38:04Z,saccharina_latissima,644,0.05366000000000002
2023-08-25T13:38:04Z,saccharina_latissima,646,0.05525625
2023-08-25T13:38:04Z,saccharina_latissima,648,0.056100000000000004
2023-08-25T13:38:04Z,saccharina_latissima,650,0.05566666666666666
2023-08-25T13:38:04Z,saccharina_latissima,652,0.05386666666666667
2023-08-25T13:38:04Z,saccharina_latissima,654,0.0507
2023-08-25T13:38:04Z,saccharina_latissima,656,0.04633333333333334
2023-08-25T13:38:04Z,saccharina_latissima,658,0.04156250000000004
2023-08-25T13:38:04Z,saccharina_latissima,660,0.03646000000000006
2023-08-25T13:38:04Z,saccharina_latissima,662,0.03225333333333338
2023-08-25T13:38:04Z,saccharina_latissima,664,0.02906000000000003
2023-08-25T13:38:04Z,saccharina_latissima,666,0.027180000000000017
2023-08-25T13:38:04Z,saccharina_latissima,668,0.026706666666666663
2023-08-25T13:38:04Z,saccharina_latissima,670,0.027539999999999988
2023-08-25T13:38:04Z,saccharina_latissima,672,0.029486986778980026
2023-08-25T13:38:04Z,saccharina_latissima,674,0.03296952519975119
2023-08-25T13:38:04Z,saccharina_latissima,676,0.03746071409046196
2023-08-25T13:38:04Z,saccharina_latissima,678,0.042715131444741455
2023-08-25T13:38:04Z,saccharina_latissima,680,0.048836749299002336
2023-08-25T13:38:04Z,saccharina_latissima,682,0.05559733523393614
2023-08-25T13:38:04Z,saccharina_latissima,684,0.06339877349656046
2023-08-25T13:38:04Z,saccharina_latissima,686,0.07330759462607096
2023-08-25T13:38:04Z,saccharina_latissima,688,0.08598686302129789
2023-08-25T13:38:04Z,saccharina_latissima,690,0.09945505698294217
2023-08-25T13:38:04Z,saccharina_latissima,692,0.11500027600607851
2023-08-25T13:38:04Z,saccharina_latissima,694,0.1337118728050241
2023-08-25T13:38:04Z,saccharina_latissima,696,0.1547924922662855
2023-08-25T13:38:04Z,saccharina_latissima,698,0.17776704071413113
2023-08-25T13:38:04Z,saccharina_latissima,700,0.2022455962390961
2023-08-25T13:38:04Z,saccharina_latissima,702,0.2281741889391281
2023-08-25T13:38:04Z,saccharina_latissima,704,0.2548828400953511
2023-08-25T13:38:04Z,saccharina_latissima,706,0.2814515558153896
2023-08-25T13:38:04Z,saccharina_latissima,708,0.3085574483898454
2023-08-25T13:38:04Z,saccharina_latissima,710,0.3351673360703913
2023-08-25T13:38:04Z,saccharina_latissima,712,0.3605087920111014
2023-08-25T13:38:04Z,saccharina_latissima,714,0.3836344134294029
2023-08-25T13:38:04Z,saccharina_latissima,716,0.40398746548770886
2023-08-25T13:38:04Z,saccharina_latissima,718,0.42104896282411464
2023-08-25T13:38:04Z,saccharina_latissima,720,0.4352996099278376
2023-08-25T13:38:04Z,saccharina_latissima,722,0.44732758891956537
2023-08-25T13:38:04Z,saccharina_latissima,724,0.4572519951079536
2023-08-25T13:38:04Z,saccharina_latissima,726,0.46539545798967075
2023-08-25T13:38:04Z,saccharina_latissima,728,0.4720699520641984
2023-08-25T13:38:04Z,saccharina_latissima,730,0.4775568649419806
2023-08-25T13:38:04Z,saccharina_latissima,732,0.4820983538677309
2023-08-25T13:38:04Z,saccharina_latissima,734,0.48589602419086636
2023-08-25T13:38:04Z,saccharina_latissima,736,0.489113743665986
2023-08-25T13:38:04Z,saccharina_latissima,738,0.49188237986080985
2023-08-25T13:38:04Z,saccharina_latissima,740,0.49430508812498447
2023-08-25T13:38:04Z,saccharina_latissima,742,0.49646238981319524
2023-08-25T13:38:04Z,saccharina_latissima,744,0.4984166800601261
2023-08-25T13:38:04Z,saccharina_latissima,746,0.5002160427158151
2023-08-25T13:38:04Z,saccharina_latissima,748,0.5018973794431537
2023-08-25T13:38:04Z,saccharina_latissima,750,0.5034889216782
2023-08-25T13:38:04Z,saccharina_latissima,752,0.5050122167234768
2023-08-25T13:38:04Z,saccharina_latissima,754,0.5064836809211005
2023-08-25T13:38:04Z,saccharina_latissima,756,0.5079158045625888
2023-08-25T13:38:04Z,saccharina_latissima,758,0.5093180811038691
2023-08-25T13:38:04Z,saccharina_latissima,760,0.5106977206186801
2023-08-25T13:38:04Z,saccharina_latissima,762,0.5120601957911765
2023-08-25T13:38:04Z,saccharina_latissima,764,0.5134096587251425
2023-08-25T13:38:04Z,saccharina_latissima,766,0.5147492585459731
2023-08-25T13:38:04Z,saccharina_latissima,768,0.5160813830708764
2023-08-25T13:38:04Z,saccharina_latissima,770,0.5174078425075298
2023-08-25T13:38:04Z,saccharina_latissima,772,0.5187300089764189
2023-08-25T13:38:04Z,saccharina_latissima,774,0.52004892241688
2023-08-25T13:38:04Z,saccharina_latissima,776,0.5213653709398124
2023-08-25T13:38:04Z,saccharina_latissima,778,0.5226799517717055
2023-08-25T13:38:04Z,saccharina_latissima,780,0.5239931174660112
2023-08-25T13:38:04Z,saccharina_latissima,782,0.5253052109364489
2023-08-25T13:38:04Z,saccharina_latissima,784,0.5266164920121477
2023-08-25T13:38:04Z,saccharina_latissima,786,0.52792715756409625
2023-08-25T13:38:04Z,saccharina_latissima,788,0.5292373567579083
2023-08-25T13:38:04Z,saccharina_latissima,790,0.5305472026123326
2023-08-25T13:38:04Z,saccharina_latissima,792,0.531856780757837
2023-08-25T13:38:04Z,saccharina_latissima,794,0.5331661560732719
2023-08-25T13:38:04Z,saccharina_latissima,796,0.5344753777145428
2023-08-25T13:38:04Z,saccharina_latissima,798,0.5357844829248107
2023-08-25T13:38:04Z,saccharina_latissima,800,0.5370934999214163
2023-08-25T13:40:10Z,coraline_crustose_algae,340,0.0789
2023-08-25T13:40:10Z,coraline_crustose_algae,342,0.0806125
2023-08-25T13:40:10Z,coraline_crustose_algae,344,0.07843529411764708
2023-08-25T13:40:10Z,coraline_crustose_algae,346,0.07918125000000001
2023-08-25T13:40:10Z,coraline_crustose_algae,348,0.07532352941176466
2023-08-25T13:40:10Z,coraline_crustose_algae,350,0.0754
2023-08-25T13:40:10Z,coraline_crustose_algae,352,0.07961176470588234
2023-08-25T13:40:10Z,coraline_crustose_algae,354,0.08016875
2023-08-25T13:40:10Z,coraline_crustose_algae,356,0.0790375
2023-08-25T13:40:10Z,coraline_crustose_algae,358,0.07586470588235292
2023-08-25T13:40:10Z,coraline_crustose_algae,360,0.0780375
2023-08-25T13:40:10Z,coraline_crustose_algae,362,0.07787647058823528
2023-08-25T13:40:10Z,coraline_crustose_algae,364,0.07681875
2023-08-25T13:40:10Z,coraline_crustose_algae,366,0.07570625
2023-08-25T13:40:10Z,coraline_crustose_algae,368,0.0783
2023-08-25T13:40:10Z,coraline_crustose_algae,370,0.07939999999999998
2023-08-25T13:40:10Z,coraline_crustose_algae,372,0.07905000000000001
2023-08-25T13:40:10Z,coraline_crustose_algae,374,0.07751764705882352
2023-08-25T13:40:10Z,coraline_crustose_algae,376,0.07543125000000003
2023-08-25T13:40:10Z,coraline_crustose_algae,378,0.0753
2023-08-25T13:40:10Z,coraline_crustose_algae,380,0.07578750000000002
2023-08-25T13:40:10Z,coraline_crustose_algae,382,0.0765375
2023-08-25T13:40:10Z,coraline_crustose_algae,384,0.0743125
2023-08-25T13:40:10Z,coraline_crustose_algae,386,0.07458823529411765
2023-08-25T13:40:10Z,coraline_crustose_algae,388,0.07428125000000001
2023-08-25T13:40:10Z,coraline_crustose_algae,390,0.0736875
2023-08-25T13:40:10Z,coraline_crustose_algae,392,0.07400625
2023-08-25T13:40:10Z,coraline_crustose_algae,394,0.0732
2023-08-25T13:40:10Z,coraline_crustose_algae,396,0.072325
2023-08-25T13:40:10Z,coraline_crustose_algae,398,0.07195
2023-08-25T13:40:10Z,coraline_crustose_algae,400,0.07135
2023-08-25T13:40:10Z,coraline_crustose_algae,402,0.07139999999999999
2023-08-25T13:40:10Z,coraline_crustose_algae,404,0.07098235294117647
2023-08-25T13:40:10Z,coraline_crustose_algae,406,0.07020625
2023-08-25T13:40:10Z,coraline_crustose_algae,408,0.06894375
2023-08-25T13:40:10Z,coraline_crustose_algae,410,0.06822500000000001
2023-08-25T13:40:10Z,coraline_crustose_algae,412,0.0668875
2023-08-25T13:40:10Z,coraline_crustose_algae,414,0.06626875
2023-08-25T13:40:10Z,coraline_crustose_algae,416,0.06582500000000001
2023-08-25T13:40:10Z,coraline_crustose_algae,418,0.0655235294117647
2023-08-25T13:40:10Z,coraline_crustose_algae,420,0.064975
2023-08-25T13:40:10Z,coraline_crustose_algae,422,0.06480000000000001
2023-08-25T13:40:10Z,coraline_crustose_algae,424,0.0647375
2023-08-25T13:40:10Z,coraline_crustose_algae,426,0.064525
2023-08-25T13:40:10Z,coraline_crustose_algae,428,0.06457500000000001
2023-08-25T13:40:10Z,coraline_crustose_algae,430,0.06421249999999999
2023-08-25T13:40:10Z,coraline_crustose_algae,432,0.0634
2023-08-25T13:40:10Z,coraline_crustose_algae,434,0.063275
2023-08-25T13:40:10Z,coraline_crustose_algae,436,0.06311249999999999
2023-08-25T13:40:10Z,coraline_crustose_algae,438,0.06327500000000001
2023-08-25T13:40:10Z,coraline_crustose_algae,440,0.0634
2023-08-25T13:40:10Z,coraline_crustose_algae,442,0.06392500000000001
2023-08-25T13:40:10Z,coraline_crustose_algae,444,0.0650625
2023-08-25T13:40:10Z,coraline_crustose_algae,446,0.06668750000000001
2023-08-25T13:40:10Z,coraline_crustose_algae,448,0.06849999999999998
2023-08-25T13:40:10Z,coraline_crustose_algae,450,0.07085000000000001
2023-08-25T13:40:10Z,coraline_crustose_algae,452,0.07346249999999999
2023-08-25T13:40:10Z,coraline_crustose_algae,454,0.07586250000000001
2023-08-25T13:40:10Z,coraline_crustose_algae,456,0.07773749999999999
2023-08-25T13:40:10Z,coraline_crustose_algae,458,0.07935
2023-08-25T13:40:10Z,coraline_crustose_algae,460,0.08036249999999999
2023-08-25T13:40:10Z,coraline_crustose_algae,462,0.0809875
2023-08-25T13:40:10Z,coraline_crustose_algae,464,0.08155
2023-08-25T13:40:10Z,coraline_crustose_algae,466,0.081875
2023-08-25T13:40:10Z,coraline_crustose_algae,468,0.08215333333333334
2023-08-25T13:40:10Z,coraline_crustose_algae,470,0.08263125
2023-08-25T13:40:10Z,coraline_crustose_algae,472,0.08300625
2023-08-25T13:40:10Z,coraline_crustose_algae,474,0.08347499999999998
2023-08-25T13:40:10Z,coraline_crustose_algae,476,0.08368125
2023-08-25T13:40:10Z,coraline_crustose_algae,478,0.08346875
2023-08-25T13:40:10Z,coraline_crustose_algae,480,0.08302499999999999
2023-08-25T13:40:10Z,coraline_crustose_algae,482,0.08220000000000001
2023-08-25T13:40:10Z,coraline_crustose_algae,484,0.08117500000000001
2023-08-25T13:40:10Z,coraline_crustose_algae,486,0.07985
2023-08-25T13:40:10Z,coraline_crustose_algae,488,0.07792499999999998
2023-08-25T13:40:10Z,coraline_crustose_algae,490,0.0765
2023-08-25T13:40:10Z,coraline_crustose_algae,492,0.07545
2023-08-25T13:40:10Z,coraline_crustose_algae,494,0.07450625000000001
2023-08-25T13:40:10Z,coraline_crustose_algae,496,0.07411875
2023-08-25T13:40:10Z,coraline_crustose_algae,498,0.07425
2023-08-25T13:40:10Z,coraline_crustose_algae,500,0.07486250000000001
2023-08-25T13:40:10Z,coraline_crustose_algae,502,0.07598749999999999
2023-08-25T13:40:10Z,coraline_crustose_algae,504,0.07779999999999998
2023-08-25T13:40:10Z,coraline_crustose_algae,506,0.08019375000000002
2023-08-25T13:40:10Z,coraline_crustose_algae,508,0.082775
2023-08-25T13:40:10Z,coraline_crustose_algae,510,0.08520625000000001
2023-08-25T13:40:10Z,coraline_crustose_algae,512,0.0876
2023-08-25T13:40:10Z,coraline_crustose_algae,514,0.08937499999999998
2023-08-25T13:40:10Z,coraline_crustose_algae,516,0.09062666666666665
2023-08-25T13:40:10Z,coraline_crustose_algae,518,0.09108125
2023-08-25T13:40:10Z,coraline_crustose_algae,520,0.09111875
2023-08-25T13:40:10Z,coraline_crustose_algae,522,0.09140000000000001
2023-08-25T13:40:10Z,coraline_crustose_algae,524,0.0910875
2023-08-25T13:40:10Z,coraline_crustose_algae,526,0.0904625
2023-08-25T13:40:10Z,coraline_crustose_algae,528,0.08941250000000003
2023-08-25T13:40:10Z,coraline_crustose_algae,530,0.08846
2023-08-25T13:40:10Z,coraline_crustose_algae,532,0.08799999999999998
2023-08-25T13:40:10Z,coraline_crustose_algae,534,0.0872
2023-08-25T13:40:10Z,coraline_crustose_algae,536,0.08660625
2023-08-25T13:40:10Z,coraline_crustose_algae,538,0.08623125000000001
2023-08-25T13:40:10Z,coraline_crustose_algae,540,0.08592666666666668
2023-08-25T13:40:10Z,coraline_crustose_algae,542,0.08548666666666667
2023-08-25T13:40:10Z,coraline_crustose_algae,544,0.08544375
2023-08-25T13:40:10Z,coraline_crustose_algae,546,0.08556875000000001
2023-08-25T13:40:10Z,coraline_crustose_algae,548,0.0858
2023-08-25T13:40:10Z,coraline_crustose_algae,550,0.08604999999999999
2023-08-25T13:40:10Z,coraline_crustose_algae,552,0.08630666666666666
2023-08-25T13:40:10Z,coraline_crustose_algae,554,0.08648125000000001
2023-08-25T13:40:10Z,coraline_crustose_algae,556,0.08657499999999999
2023-08-25T13:40:10Z,coraline_crustose_algae,558,0.0862
2023-08-25T13:40:10Z,coraline_crustose_algae,560,0.08541875
2023-08-25T13:40:10Z,coraline_crustose_algae,562,0.08449999999999999
2023-08-25T13:40:10Z,coraline_crustose_algae,564,0.08374000000000001
2023-08-25T13:40:10Z,coraline_crustose_algae,566,0.08313125
2023-08-25T13:40:10Z,coraline_crustose_algae,568,0.08317333333333332
2023-08-25T13:40:10Z,coraline_crustose_algae,570,0.08430000000000006
2023-08-25T13:40:10Z,coraline_crustose_algae,572,0.08660625000000005
2023-08-25T13:40:10Z,coraline_crustose_algae,574,0.09017333333333338
2023-08-25T13:40:10Z,coraline_crustose_algae,576,0.09480000000000001
2023-08-25T13:40:10Z,coraline_crustose_algae,578,0.10046874999999998
2023-08-25T13:40:10Z,coraline_crustose_algae,580,0.10657999999999992
2023-08-25T13:40:10Z,coraline_crustose_algae,582,0.11278749999999987
2023-08-25T13:40:10Z,coraline_crustose_algae,584,0.11921999999999987
2023-08-25T13:40:10Z,coraline_crustose_algae,586,0.125
2023-08-25T13:40:10Z,coraline_crustose_algae,588,0.1303800000000001
2023-08-25T13:40:10Z,coraline_crustose_algae,590,0.1348866666666667
2023-08-25T13:40:10Z,coraline_crustose_algae,592,0.13858750000000003
2023-08-25T13:40:10Z,coraline_crustose_algae,594,0.1422
2023-08-25T13:40:10Z,coraline_crustose_algae,596,0.14529999999999998
2023-08-25T13:40:10Z,coraline_crustose_algae,598,0.14734666666666663
2023-08-25T13:40:10Z,coraline_crustose_algae,600,0.14869374999999999
2023-08-25T13:40:10Z,coraline_crustose_algae,602,0.149
2023-08-25T13:40:10Z,coraline_crustose_algae,604,0.14826875
2023-08-25T13:40:10Z,coraline_crustose_algae,606,0.1472333333333333
2023-08-25T13:40:10Z,coraline_crustose_algae,608,0.14581999999999998
2023-08-25T13:40:10Z,coraline_crustose_algae,610,0.14409999999999998
2023-08-25T13:40:10Z,coraline_crustose_algae,612,0.14209999999999998
2023-08-25T13:40:10Z,coraline_crustose_algae,614,0.14016875
2023-08-25T13:40:10Z,coraline_crustose_algae,616,0.1384
2023-08-25T13:40:10Z,coraline_crustose_algae,618,0.13690000000000002
2023-08-25T13:40:10Z,coraline_crustose_algae,620,0.1359875
2023-08-25T13:40:10Z,coraline_crustose_algae,622,0.13570666666666667
2023-08-25T13:40:10Z,coraline_crustose_algae,624,0.13595
2023-08-25T13:40:10Z,coraline_crustose_algae,626,0.13636666666666666
2023-08-25T13:40:10Z,coraline_crustose_algae,628,0.13737999999999997
2023-08-25T13:40:10Z,coraline_crustose_algae,630,0.13872499999999996
2023-08-25T13:40:10Z,coraline_crustose_algae,632,0.14030666666666672
2023-08-25T13:40:10Z,coraline_crustose_algae,634,0.14236000000000004
2023-08-25T13:40:10Z,coraline_crustose_algae,636,0.1449933333333334
2023-08-25T13:40:10Z,coraline_crustose_algae,638,0.14799375000000006
2023-08-25T13:40:10Z,coraline_crustose_algae,640,0.1513066666666667
2023-08-25T13:40:10Z,coraline_crustose_algae,642,0.15474666666666673
2023-08-25T13:40:10Z,coraline_crustose_algae,644,0.15768000000000004
2023-08-25T13:40:10Z,coraline_crustose_algae,646,0.16044375
2023-08-25T13:40:10Z,coraline_crustose_algae,648,0.1625
2023-08-25T13:40:10Z,coraline_crustose_algae,650,0.1625
2023-08-25T13:40:10Z,coraline_crustose_algae,652,0.1615
2023-08-25T13:40:10Z,coraline_crustose_algae,654,0.15960000000000002
2023-08-25T13:40:10Z,coraline_crustose_algae,656,0.15723333333333334
2023-08-25T13:40:10Z,coraline_crustose_algae,658,0.15251250000000005
2023-08-25T13:40:10Z,coraline_crustose_algae,660,0.1450933333333334
2023-08-25T13:40:10Z,coraline_crustose_algae,662,0.13697333333333342
2023-08-25T13:40:10Z,coraline_crustose_algae,664,0.1288400000000001
2023-08-25T13:40:10Z,coraline_crustose_algae,666,0.12089333333333344
2023-08-25T13:40:10Z,coraline_crustose_algae,668,0.11412666666666674
2023-08-25T13:40:10Z,coraline_crustose_algae,670,0.10892000000000004
2023-08-25T13:40:10Z,coraline_crustose_algae,672,0.1060468735188873
2023-08-25T13:40:10Z,coraline_crustose_algae,674,0.105591498802943
2023-08-25T13:40:10Z,coraline_crustose_algae,676,0.10766523714308596
2023-08-25T13:40:10Z,coraline_crustose_algae,678,0.1119714844098558
2023-08-25T13:40:10Z,coraline_crustose_algae,680,0.11886454587188686
2023-08-25T13:40:10Z,coraline_crustose_algae,682,0.12837160045092025
2023-08-25T13:40:10Z,coraline_crustose_algae,684,0.14107098944019772
2023-08-25T13:40:10Z,coraline_crustose_algae,686,0.15827476346626324
2023-08-25T13:40:10Z,coraline_crustose_algae,688,0.17993218981875458
2023-08-25T13:40:10Z,coraline_crustose_algae,690,0.2047928420825758
2023-08-25T13:40:10Z,coraline_crustose_algae,692,0.23565438961430796
2023-08-25T13:40:10Z,coraline_crustose_algae,694,0.273173309974701
2023-08-25T13:40:10Z,coraline_crustose_algae,696,0.31748219853281834
2023-08-25T13:40:10Z,coraline_crustose_algae,698,0.36980295909979366
2023-08-25T13:40:10Z,coraline_crustose_algae,700,0.43101122284302046
2023-08-25T13:40:10Z,coraline_crustose_algae,702,0.5004851849027119
2023-08-25T13:40:10Z,coraline_crustose_algae,704,0.577611222149941
2023-08-25T13:40:10Z,coraline_crustose_algae,706,0.6597461480102738
2023-08-25T13:40:10Z,coraline_crustose_algae,708,0.7444558518973706
2023-08-25T13:40:10Z,coraline_crustose_algae,710,0.828769105266432
2023-08-25T13:40:10Z,coraline_crustose_algae,712,0.9088496087277147
2023-08-25T13:40:10Z,coraline_crustose_algae,714,0.97967699712
2023-08-25T13:40:10Z,coraline_crustose_algae,716,0.99157401344
2023-08-25T13:40:10Z,coraline_crustose_algae,718,0.9975349230933335
2023-08-25T13:40:10Z,coraline_crustose_algae,720,0.999
2023-08-25T13:40:10Z,coraline_crustose_algae,722,0.999
2023-08-25T13:40:10Z,coraline_crustose_algae,724,0.999
2023-08-25T13:40:10Z,coraline_crustose_algae,726,0.999
2023-08-25T13:40:10Z,coraline_crustose_algae,728,0.999
2023-08-25T13:40:10Z,coraline_crustose_algae,730,0.999
2023-08-25T13:40:10Z,coraline_crustose_algae,732,0.999
2023-08-25T13:40:10Z,coraline_crustose_algae,734,0.999
2023-08-25T13:40:10Z,coraline_crustose_algae,736,0.999
2023-08-25T13:40:10Z,coraline_crustose_algae,738,0.999
2023-08-25T13:40:10Z,coraline_crustose_algae,740,0.999
2023-08-25T13:40:10Z,coraline_crustose_algae,742,0.999
2023-08-25T13:40:10Z,coraline_crustose_algae,744,0.999
2023-08-25T13:40:10Z,coraline_crustose_algae,746,0.999
2023-08-25T13:40:10Z,coraline_crustose_algae,748,0.999
2023-08-25T13:40:10Z,coraline_crustose_algae,750,0.999
2023-08-25T13:40:10Z,coraline_crustose_algae,752,0.999
2023-08-25T13:40:10Z,coraline_crustose_algae,754,0.999
2023-08-25T13:40:10Z,coraline_crustose_algae,756,0.999
2023-08-25T13:40:10Z,coraline_crustose_algae,758,0.999
2023-08-25T13:40:10Z,coraline_crustose_algae,760,0.999
2023-08-25T13:40:10Z,coraline_crustose_algae,762,0.999
2023-08-25T13:40:10Z,coraline_crustose_algae,764,0.999
2023-08-25T13:40:10Z,coraline_crustose_algae,766,0.999
2023-08-25T13:40:10Z,coraline_crustose_algae,768,0.999
2023-08-25T13:40:10Z,coraline_crustose_algae,770,0.999
2023-08-25T13:40:10Z,coraline_crustose_algae,772,0.999
2023-08-25T13:40:10Z,coraline_crustose_algae,774,0.999
2023-08-25T13:40:10Z,coraline_crustose_algae,776,0.999
2023-08-25T13:40:10Z,coraline_crustose_algae,778,0.999
2023-08-25T13:40:10Z,coraline_crustose_algae,780,0.999
2023-08-25T13:40:10Z,coraline_crustose_algae,782,0.999
2023-08-25T13:40:10Z,coraline_crustose_algae,784,0.999
2023-08-25T13:40:10Z,coraline_crustose_algae,786,0.999
2023-08-25T13:40:10Z,coraline_crustose_algae,788,0.999
2023-08-25T13:40:10Z,coraline_crustose_algae,790,0.999
2023-08-25T13:40:10Z,coraline_crustose_algae,792,0.999
2023-08-25T13:40:10Z,coraline_crustose_algae,794,0.999
2023-08-25T13:40:10Z,coraline_crustose_algae,796,0.999
2023-08-25T13:40:10Z,coraline_crustose_algae,798,0.999
2023-08-25T13:40:10Z,coraline_crustose_algae,800,0.999
2023-08-25T13:42:26Z,sediment,340,0.05726470588235293
2023-08-25T13:42:26Z,sediment,342,0.05638749999999998
2023-08-25T13:42:26Z,sediment,344,0.0605
2023-08-25T13:42:26Z,sediment,346,0.06145625
2023-08-25T13:42:26Z,sediment,348,0.06120588235294116
2023-08-25T13:42:26Z,sediment,350,0.0596
2023-08-25T13:42:26Z,sediment,352,0.05658235294117649
2023-08-25T13:42:26Z,sediment,354,0.053981249999999995
2023-08-25T13:42:26Z,sediment,356,0.05273125
2023-08-25T13:42:26Z,sediment,358,0.05420000000000001
2023-08-25T13:42:26Z,sediment,360,0.05617499999999999
2023-08-25T13:42:26Z,sediment,362,0.056829411764705864
2023-08-25T13:42:26Z,sediment,364,0.05315
2023-08-25T13:42:26Z,sediment,366,0.05250625
2023-08-25T13:42:26Z,sediment,368,0.053099999999999994
2023-08-25T13:42:26Z,sediment,370,0.050900000000000015
2023-08-25T13:42:26Z,sediment,372,0.0492
2023-08-25T13:42:26Z,sediment,374,0.0488235294117647
2023-08-25T13:42:26Z,sediment,376,0.04946875
2023-08-25T13:42:26Z,sediment,378,0.04952941176470588
2023-08-25T13:42:26Z,sediment,380,0.049650000000000014
2023-08-25T13:42:26Z,sediment,382,0.0504
2023-08-25T13:42:26Z,sediment,384,0.04882499999999999
2023-08-25T13:42:26Z,sediment,386,0.04838823529411765
2023-08-25T13:42:26Z,sediment,388,0.04786250000000001
2023-08-25T13:42:26Z,sediment,390,0.046843749999999997
2023-08-25T13:42:26Z,sediment,392,0.04712499999999999
2023-08-25T13:42:26Z,sediment,394,0.047400000000000005
2023-08-25T13:42:26Z,sediment,396,0.04635
2023-08-25T13:42:26Z,sediment,398,0.0458
2023-08-25T13:42:26Z,sediment,400,0.045325
2023-08-25T13:42:26Z,sediment,402,0.0453
2023-08-25T13:42:26Z,sediment,404,0.04545294117647059
2023-08-25T13:42:26Z,sediment,406,0.0453
2023-08-25T13:42:26Z,sediment,408,0.04523125
2023-08-25T13:42:26Z,sediment,410,0.04529375
2023-08-25T13:42:26Z,sediment,412,0.04511875
2023-08-25T13:42:26Z,sediment,414,0.0452875
2023-08-25T13:42:26Z,sediment,416,0.04546875
2023-08-25T13:42:26Z,sediment,418,0.0456764705882353
2023-08-25T13:42:26Z,sediment,420,0.0461
2023-08-25T13:42:26Z,sediment,422,0.046212500000000004
2023-08-25T13:42:26Z,sediment,424,0.046462500000000004
2023-08-25T13:42:26Z,sediment,426,0.04685000000000001
2023-08-25T13:42:26Z,sediment,428,0.047375
2023-08-25T13:42:26Z,sediment,430,0.047862499999999995
2023-08-25T13:42:26Z,sediment,432,0.04748750000000001
2023-08-25T13:42:26Z,sediment,434,0.0477375
2023-08-25T13:42:26Z,sediment,436,0.0480875
2023-08-25T13:42:26Z,sediment,438,0.048850000000000005
2023-08-25T13:42:26Z,sediment,440,0.049225
2023-08-25T13:42:26Z,sediment,442,0.0495625
2023-08-25T13:42:26Z,sediment,444,0.05028749999999999
2023-08-25T13:42:26Z,sediment,446,0.0510875
2023-08-25T13:42:26Z,sediment,448,0.051649999999999995
2023-08-25T13:42:26Z,sediment,450,0.052237500000000006
2023-08-25T13:42:26Z,sediment,452,0.05319999999999999
2023-08-25T13:42:26Z,sediment,454,0.0540125
2023-08-25T13:42:26Z,sediment,456,0.05445
2023-08-25T13:42:26Z,sediment,458,0.055125
2023-08-25T13:42:26Z,sediment,460,0.05563749999999999
2023-08-25T13:42:26Z,sediment,462,0.05605
2023-08-25T13:42:26Z,sediment,464,0.056549999999999996
2023-08-25T13:42:26Z,sediment,466,0.056962500000000006
2023-08-25T13:42:26Z,sediment,468,0.05734
2023-08-25T13:42:26Z,sediment,470,0.057775
2023-08-25T13:42:26Z,sediment,472,0.0581375
2023-08-25T13:42:26Z,sediment,474,0.058575
2023-08-25T13:42:26Z,sediment,476,0.059056250000000005
2023-08-25T13:42:26Z,sediment,478,0.05934375
2023-08-25T13:42:26Z,sediment,480,0.05960625
2023-08-25T13:42:26Z,sediment,482,0.06
2023-08-25T13:42:26Z,sediment,484,0.060524999999999995
2023-08-25T13:42:26Z,sediment,486,0.06095
2023-08-25T13:42:26Z,sediment,488,0.060474999999999994
2023-08-25T13:42:26Z,sediment,490,0.0604
2023-08-25T13:42:26Z,sediment,492,0.0608625
2023-08-25T13:42:26Z,sediment,494,0.06105625
2023-08-25T13:42:26Z,sediment,496,0.061425
2023-08-25T13:42:26Z,sediment,498,0.06205
2023-08-25T13:42:26Z,sediment,500,0.0625875
2023-08-25T13:42:26Z,sediment,502,0.0630875
2023-08-25T13:42:26Z,sediment,504,0.06357333333333333
2023-08-25T13:42:26Z,sediment,506,0.06425
2023-08-25T13:42:26Z,sediment,508,0.06520625
2023-08-25T13:42:26Z,sediment,510,0.0660125
2023-08-25T13:42:26Z,sediment,512,0.0669
2023-08-25T13:42:26Z,sediment,514,0.06774999999999998
2023-08-25T13:42:26Z,sediment,516,0.0685733333333333
2023-08-25T13:42:26Z,sediment,518,0.0690625
2023-08-25T13:42:26Z,sediment,520,0.06914375
2023-08-25T13:42:26Z,sediment,522,0.07003333333333334
2023-08-25T13:42:26Z,sediment,524,0.07075
2023-08-25T13:42:26Z,sediment,526,0.07151249999999998
2023-08-25T13:42:26Z,sediment,528,0.0715625
2023-08-25T13:42:26Z,sediment,530,0.07158666666666667
2023-08-25T13:42:26Z,sediment,532,0.07217500000000002
2023-08-25T13:42:26Z,sediment,534,0.0724
2023-08-25T13:42:26Z,sediment,536,0.07239375
2023-08-25T13:42:26Z,sediment,538,0.0727125
2023-08-25T13:42:26Z,sediment,540,0.07297333333333332
2023-08-25T13:42:26Z,sediment,542,0.07278666666666667
2023-08-25T13:42:26Z,sediment,544,0.07274375000000001
2023-08-25T13:42:26Z,sediment,546,0.0729375
2023-08-25T13:42:26Z,sediment,548,0.0731
2023-08-25T13:42:26Z,sediment,550,0.07325
2023-08-25T13:42:26Z,sediment,552,0.07350666666666665
2023-08-25T13:42:26Z,sediment,554,0.07368125
2023-08-25T13:42:26Z,sediment,556,0.07403750000000002
2023-08-25T13:42:26Z,sediment,558,0.07438
2023-08-25T13:42:26Z,sediment,560,0.07443125
2023-08-25T13:42:26Z,sediment,562,0.07440000000000001
2023-08-25T13:42:26Z,sediment,564,0.07468
2023-08-25T13:42:26Z,sediment,566,0.07506874999999999
2023-08-25T13:42:26Z,sediment,568,0.07545999999999999
2023-08-25T13:42:26Z,sediment,570,0.07608000000000002
2023-08-25T13:42:26Z,sediment,572,0.07690625000000002
2023-08-25T13:42:26Z,sediment,574,0.07810666666666669
2023-08-25T13:42:26Z,sediment,576,0.0797
2023-08-25T13:42:26Z,sediment,578,0.08088125
2023-08-25T13:42:26Z,sediment,580,0.08186
2023-08-25T13:42:26Z,sediment,582,0.08279999999999997
2023-08-25T13:42:26Z,sediment,584,0.08387999999999997
2023-08-25T13:42:26Z,sediment,586,0.08499999999999999
2023-08-25T13:42:26Z,sediment,588,0.08612000000000003
2023-08-25T13:42:26Z,sediment,590,0.08707333333333334
2023-08-25T13:42:26Z,sediment,592,0.086775
2023-08-25T13:42:26Z,sediment,594,0.08723333333333333
2023-08-25T13:42:26Z,sediment,596,0.08779999999999999
2023-08-25T13:42:26Z,sediment,598,0.08833333333333332
2023-08-25T13:42:26Z,sediment,600,0.08875625
2023-08-25T13:42:26Z,sediment,602,0.08862666666666667
2023-08-25T13:42:26Z,sediment,604,0.08786875000000002
2023-08-25T13:42:26Z,sediment,606,0.08711333333333332
2023-08-25T13:42:26Z,sediment,608,0.08657999999999999
2023-08-25T13:42:26Z,sediment,610,0.08627333333333333
2023-08-25T13:42:26Z,sediment,612,0.08582
2023-08-25T13:42:26Z,sediment,614,0.0855625
2023-08-25T13:42:26Z,sediment,616,0.0855
2023-08-25T13:42:26Z,sediment,618,0.08516666666666665
2023-08-25T13:42:26Z,sediment,620,0.0849
2023-08-25T13:42:26Z,sediment,622,0.08508666666666666
2023-08-25T13:42:26Z,sediment,624,0.08532499999999998
2023-08-25T13:42:26Z,sediment,626,0.08539999999999999
2023-08-25T13:42:26Z,sediment,628,0.08557333333333333
2023-08-25T13:42:26Z,sediment,630,0.0857
2023-08-25T13:42:26Z,sediment,632,0.08574666666666667
2023-08-25T13:42:26Z,sediment,634,0.08588000000000001
2023-08-25T13:42:26Z,sediment,636,0.08614000000000001
2023-08-25T13:42:26Z,sediment,638,0.08653125
2023-08-25T13:42:26Z,sediment,640,0.08692
2023-08-25T13:42:26Z,sediment,642,0.0872
2023-08-25T13:42:26Z,sediment,644,0.0874
2023-08-25T13:42:26Z,sediment,646,0.08797500000000001
2023-08-25T13:42:26Z,sediment,648,0.0885
2023-08-25T13:42:26Z,sediment,650,0.08816666666666667
2023-08-25T13:42:26Z,sediment,652,0.0877
2023-08-25T13:42:26Z,sediment,654,0.0876
2023-08-25T13:42:26Z,sediment,656,0.08793333333333334
2023-08-25T13:42:26Z,sediment,658,0.08673750000000001
2023-08-25T13:42:26Z,sediment,660,0.08479333333333336
2023-08-25T13:42:26Z,sediment,662,0.08356000000000002
2023-08-25T13:42:26Z,sediment,664,0.08218000000000002
2023-08-25T13:42:26Z,sediment,666,0.08095333333333335
2023-08-25T13:42:26Z,sediment,668,0.07946
2023-08-25T13:42:26Z,sediment,670,0.07844000000000001
2023-08-25T13:42:26Z,sediment,672,0.07801333333333334
2023-08-25T13:42:26Z,sediment,674,0.0779
2023-08-25T13:42:26Z,sediment,676,0.07813999999999999
2023-08-25T13:42:26Z,sediment,678,0.07867333333333333
2023-08-25T13:42:26Z,sediment,680,0.07913333333333333
2023-08-25T13:42:26Z,sediment,682,0.07997999999999998
2023-08-25T13:42:26Z,sediment,684,0.08141999999999998
2023-08-25T13:42:26Z,sediment,686,0.08429333333333329
2023-08-25T13:42:26Z,sediment,688,0.08661999999999999
2023-08-25T13:42:26Z,sediment,690,0.08727333333333333
2023-08-25T13:42:26Z,sediment,692,0.08946666666666664
2023-08-25T13:42:26Z,sediment,694,0.09339999999999996
2023-08-25T13:42:26Z,sediment,696,0.09694666666666664
2023-08-25T13:42:26Z,sediment,698,0.10082666666666662
2023-08-25T13:42:26Z,sediment,700,0.10501999999999996
2023-08-25T13:42:26Z,sediment,702,0.10872666666666664
2023-08-25T13:42:26Z,sediment,704,0.11323333333333334
2023-08-25T13:42:26Z,sediment,706,0.11743333333333333
2023-08-25T13:42:26Z,sediment,708,0.1219
2023-08-25T13:42:26Z,sediment,710,0.12836666666666666
2023-08-25T13:42:26Z,sediment,712,0.13649999999999998
2023-08-25T13:42:26Z,sediment,714,0.14778666666666676
2023-08-25T13:42:26Z,sediment,716,0.15672000000000014
2023-08-25T13:42:26Z,sediment,718,0.16662000000000007
2023-08-25T13:42:26Z,sediment,720,0.17416428571428588
2023-08-25T13:42:26Z,sediment,722,0.18364000000000008
2023-08-25T13:42:26Z,sediment,724,0.19348000000000035
2023-08-25T13:42:26Z,sediment,726,0.20964285714285716
2023-08-25T13:42:26Z,sediment,728,0.20490000000000033
2023-08-25T13:42:26Z,sediment,730,0.19514666666666686
2023-08-25T13:42:26Z,sediment,732,0.20267857142857107
2023-08-25T13:42:26Z,sediment,734,0.2169999999999999
2023-08-25T13:42:26Z,sediment,736,0.19508000000000036
2023-08-25T13:42:26Z,sediment,738,0.19523333333333334
2023-08-25T13:42:26Z,sediment,740,0.1857
2023-08-25T13:42:26Z,sediment,742,0.1714
2023-08-25T13:42:26Z,sediment,744,0.1815199999999999
2023-08-25T13:42:26Z,sediment,746,0.17084999999999978
2023-08-25T13:42:26Z,sediment,748,0.18108666666666615
2023-08-25T13:42:26Z,sediment,750,0.1542
2023-08-25T13:42:26Z,sediment,752,0.14499333333333322
2023-08-25T13:42:26Z,sediment,754,0.1507499999999993
2023-08-25T13:42:26Z,sediment,756,0.17
2023-08-25T13:42:26Z,sediment,758,0.18
2023-08-25T13:42:26Z,sediment,760,0.16285714285714276
2023-08-25T13:42:26Z,sediment,762,0.14266666666666653
2023-08-25T13:42:26Z,sediment,764,0.12895999999999977
2023-08-25T13:42:26Z,sediment,766,0.13256000000000068
2023-08-25T13:42:26Z,sediment,768,0.12537142857142908
2023-08-25T13:42:26Z,sediment,770,0.14202142857142888
2023-08-25T13:42:26Z,sediment,772,0.11902857142857155
2023-08-25T13:42:26Z,sediment,774,0.1125
2023-08-25T13:42:26Z,sediment,776,0.10749999999999982
2023-08-25T13:42:26Z,sediment,778,0.10982142857142893
2023-08-25T13:42:26Z,sediment,780,0.09821428571428543
2023-08-25T13:42:26Z,sediment,782,0.10083333333333258
2023-08-25T13:42:26Z,sediment,784,0.1125
2023-08-25T13:42:26Z,sediment,786,0.1143
2023-08-25T13:42:26Z,sediment,788,0.10408571428571413
2023-08-25T13:42:26Z,sediment,790,0.1
2023-08-25T13:42:26Z,sediment,792,0.1
2023-08-25T13:42:26Z,sediment,794,0.07344285714285763
2023-08-25T13:42:26Z,sediment,796,0.08434285714285661
2023-08-25T13:42:26Z,sediment,798,0.1167
2023-08-25T13:42:26Z,sediment,800,0.11550714285714256
2023-08-25T13:44:32Z,saccharina_latissima,340,0.0163
2023-08-25T13:44:32Z,saccharina_latissima,342,0.0144625
2023-08-25T13:44:32Z,saccharina_latissima,344,0.014552941176470591
2023-08-25T13:44:32Z,saccharina_latissima,346,0.015425
2023-08-25T13:44:32Z,saccharina_latissima,348,0.015370588235294115
2023-08-25T13:44:32Z,saccharina_latissima,350,0.016200000000000003
2023-08-25T13:44:32Z,saccharina_latissima,352,0.017382352941176477
2023-08-25T13:44:32Z,saccharina_latissima,354,0.016693749999999997
2023-08-25T13:44:32Z,saccharina_latissima,356,0.014718749999999989
2023-08-25T13:44:32Z,saccharina_latissima,358,0.014352941176470591
2023-08-25T13:44:32Z,saccharina_latissima,360,0.013612500000000003
2023-08-25T13:44:32Z,saccharina_latissima,362,0.013564705882352947
2023-08-25T13:44:32Z,saccharina_latissima,364,0.013700000000000004
2023-08-25T13:44:32Z,saccharina_latissima,366,0.01340625
2023-08-25T13:44:32Z,saccharina_latissima,368,0.0132
2023-08-25T13:44:32Z,saccharina_latissima,370,0.012574999999999998
2023-08-25T13:44:32Z,saccharina_latissima,372,0.01285
2023-08-25T13:44:32Z,saccharina_latissima,374,0.012829411764705883
2023-08-25T13:44:32Z,saccharina_latissima,376,0.011768750000000014
2023-08-25T13:44:32Z,saccharina_latissima,378,0.011341176470588228
2023-08-25T13:44:32Z,saccharina_latissima,380,0.010862500000000006
2023-08-25T13:44:32Z,saccharina_latissima,382,0.011237500000000001
2023-08-25T13:44:32Z,saccharina_latissima,384,0.011025
2023-08-25T13:44:32Z,saccharina_latissima,386,0.010588235294117648
2023-08-25T13:44:32Z,saccharina_latissima,388,0.0105
2023-08-25T13:44:32Z,saccharina_latissima,390,0.009993750000000003
2023-08-25T13:44:32Z,saccharina_latissima,392,0.0094375
2023-08-25T13:44:32Z,saccharina_latissima,394,0.009000000000000001
2023-08-25T13:44:32Z,saccharina_latissima,396,0.009075000000000005
2023-08-25T13:44:32Z,saccharina_latissima,398,0.0086
2023-08-25T13:44:32Z,saccharina_latissima,400,0.008274999999999996
2023-08-25T13:44:32Z,saccharina_latissima,402,0.0079
2023-08-25T13:44:32Z,saccharina_latissima,404,0.007876470588235296
2023-08-25T13:44:32Z,saccharina_latissima,406,0.007668749999999999
2023-08-25T13:44:32Z,saccharina_latissima,408,0.007362499999999999
2023-08-25T13:44:32Z,saccharina_latissima,410,0.006925000000000005
2023-08-25T13:44:32Z,saccharina_latissima,412,0.006862499999999999
2023-08-25T13:44:32Z,saccharina_latissima,414,0.0066125
2023-08-25T13:44:32Z,saccharina_latissima,416,0.00643125
2023-08-25T13:44:32Z,saccharina_latissima,418,0.0064
2023-08-25T13:44:32Z,saccharina_latissima,420,0.0062875000000000006
2023-08-25T13:44:32Z,saccharina_latissima,422,0.006162499999999999
2023-08-25T13:44:32Z,saccharina_latissima,424,0.0060999999999999995
2023-08-25T13:44:32Z,saccharina_latissima,426,0.0060125
2023-08-25T13:44:32Z,saccharina_latissima,428,0.005987500000000001
2023-08-25T13:44:32Z,saccharina_latissima,430,0.005862499999999999
2023-08-25T13:44:32Z,saccharina_latissima,432,0.0057375
2023-08-25T13:44:32Z,saccharina_latissima,434,0.0056125
2023-08-25T13:44:32Z,saccharina_latissima,436,0.0055000000000000005
2023-08-25T13:44:32Z,saccharina_latissima,438,0.0054624999999999995
2023-08-25T13:44:32Z,saccharina_latissima,440,0.0054
2023-08-25T13:44:32Z,saccharina_latissima,442,0.005487500000000001
2023-08-25T13:44:32Z,saccharina_latissima,444,0.0055000000000000005
2023-08-25T13:44:32Z,saccharina_latissima,446,0.005537500000000002
2023-08-25T13:44:32Z,saccharina_latissima,448,0.005600000000000001
2023-08-25T13:44:32Z,saccharina_latissima,450,0.0056875
2023-08-25T13:44:32Z,saccharina_latissima,452,0.005812499999999999
2023-08-25T13:44:32Z,saccharina_latissima,454,0.0059
2023-08-25T13:44:32Z,saccharina_latissima,456,0.0059
2023-08-25T13:44:32Z,saccharina_latissima,458,0.005987500000000001
2023-08-25T13:44:32Z,saccharina_latissima,460,0.006
2023-08-25T13:44:32Z,saccharina_latissima,462,0.006037500000000001
2023-08-25T13:44:32Z,saccharina_latissima,464,0.0060999999999999995
2023-08-25T13:44:32Z,saccharina_latissima,466,0.0061875
2023-08-25T13:44:32Z,saccharina_latissima,468,0.006313333333333332
2023-08-25T13:44:32Z,saccharina_latissima,470,0.006443750000000001
2023-08-25T13:44:32Z,saccharina_latissima,472,0.006568750000000001
2023-08-25T13:44:32Z,saccharina_latissima,474,0.0067874999999999975
2023-08-25T13:44:32Z,saccharina_latissima,476,0.0070375
2023-08-25T13:44:32Z,saccharina_latissima,478,0.007287500000000001
2023-08-25T13:44:32Z,saccharina_latissima,480,0.0074687500000000006
2023-08-25T13:44:32Z,saccharina_latissima,482,0.0076
2023-08-25T13:44:32Z,saccharina_latissima,484,0.007724999999999999
2023-08-25T13:44:32Z,saccharina_latissima,486,0.0078000000000000005
2023-08-25T13:44:32Z,saccharina_latissima,488,0.0078000000000000005
2023-08-25T13:44:32Z,saccharina_latissima,490,0.0079
2023-08-25T13:44:32Z,saccharina_latissima,492,0.0079
2023-08-25T13:44:32Z,saccharina_latissima,494,0.0079
2023-08-25T13:44:32Z,saccharina_latissima,496,0.0079
2023-08-25T13:44:32Z,saccharina_latissima,498,0.008
2023-08-25T13:44:32Z,saccharina_latissima,500,0.008037500000000001
2023-08-25T13:44:32Z,saccharina_latissima,502,0.008224999999999998
2023-08-25T13:44:32Z,saccharina_latissima,504,0.008486666666666665
2023-08-25T13:44:32Z,saccharina_latissima,506,0.008637500000000001
2023-08-25T13:44:32Z,saccharina_latissima,508,0.008887500000000001
2023-08-25T13:44:32Z,saccharina_latissima,510,0.009206250000000003
2023-08-25T13:44:32Z,saccharina_latissima,512,0.0095
2023-08-25T13:44:32Z,saccharina_latissima,514,0.009874999999999995
2023-08-25T13:44:32Z,saccharina_latissima,516,0.01025999999999999
2023-08-25T13:44:32Z,saccharina_latissima,518,0.010643750000000006
2023-08-25T13:44:32Z,saccharina_latissima,520,0.011025000000000007
2023-08-25T13:44:32Z,saccharina_latissima,522,0.011499999999999998
2023-08-25T13:44:32Z,saccharina_latissima,524,0.011949999999999995
2023-08-25T13:44:32Z,saccharina_latissima,526,0.012362499999999992
2023-08-25T13:44:32Z,saccharina_latissima,528,0.012856249999999994
2023-08-25T13:44:32Z,saccharina_latissima,530,0.01328666666666668
2023-08-25T13:44:32Z,saccharina_latissima,532,0.013875000000000009
2023-08-25T13:44:32Z,saccharina_latissima,534,0.0144
2023-08-25T13:44:32Z,saccharina_latissima,536,0.015056249999999998
2023-08-25T13:44:32Z,saccharina_latissima,538,0.01568124999999999
2023-08-25T13:44:32Z,saccharina_latissima,540,0.016419999999999983
2023-08-25T13:44:32Z,saccharina_latissima,542,0.017193333333333356
2023-08-25T13:44:32Z,saccharina_latissima,544,0.01815000000000002
2023-08-25T13:44:32Z,saccharina_latissima,546,0.019150000000000004
2023-08-25T13:44:32Z,saccharina_latissima,548,0.0204
2023-08-25T13:44:32Z,saccharina_latissima,550,0.02179999999999998
2023-08-25T13:44:32Z,saccharina_latissima,552,0.023446666666666626
2023-08-25T13:44:32Z,saccharina_latissima,554,0.02531875000000003
2023-08-25T13:44:32Z,saccharina_latissima,556,0.027412500000000048
2023-08-25T13:44:32Z,saccharina_latissima,558,0.02966000000000003
2023-08-25T13:44:32Z,saccharina_latissima,560,0.03210625000000001
2023-08-25T13:44:32Z,saccharina_latissima,562,0.0348
2023-08-25T13:44:32Z,saccharina_latissima,564,0.03745999999999997
2023-08-25T13:44:32Z,saccharina_latissima,566,0.04012499999999995
2023-08-25T13:44:32Z,saccharina_latissima,568,0.04264666666666661
2023-08-25T13:44:32Z,saccharina_latissima,570,0.04471333333333339
2023-08-25T13:44:32Z,saccharina_latissima,572,0.04666875000000003
2023-08-25T13:44:32Z,saccharina_latissima,574,0.048280000000000024
2023-08-25T13:44:32Z,saccharina_latissima,576,0.0496
2023-08-25T13:44:32Z,saccharina_latissima,578,0.0504875
2023-08-25T13:44:32Z,saccharina_latissima,580,0.05108
2023-08-25T13:44:32Z,saccharina_latissima,582,0.05128749999999999
2023-08-25T13:44:32Z,saccharina_latissima,584,0.051399999999999994
2023-08-25T13:44:32Z,saccharina_latissima,586,0.051449999999999996
2023-08-25T13:44:32Z,saccharina_latissima,588,0.05174000000000001
2023-08-25T13:44:32Z,saccharina_latissima,590,0.05234666666666668
2023-08-25T13:44:32Z,saccharina_latissima,592,0.05341250000000001
2023-08-25T13:44:32Z,saccharina_latissima,594,0.054900000000000004
2023-08-25T13:44:32Z,saccharina_latissima,596,0.056799999999999996
2023-08-25T13:44:32Z,saccharina_latissima,598,0.058646666666666646
2023-08-25T13:44:32Z,saccharina_latissima,600,0.06010624999999998
2023-08-25T13:44:32Z,saccharina_latissima,602,0.06084666666666665
2023-08-25T13:44:32Z,saccharina_latissima,604,0.06029375000000002
2023-08-25T13:44:32Z,saccharina_latissima,606,0.05860666666666661
2023-08-25T13:44:32Z,saccharina_latissima,608,0.05585999999999993
2023-08-25T13:44:32Z,saccharina_latissima,610,0.05271999999999996
2023-08-25T13:44:32Z,saccharina_latissima,612,0.049159999999999954
2023-08-25T13:44:32Z,saccharina_latissima,614,0.04588124999999999
2023-08-25T13:44:32Z,saccharina_latissima,616,0.0429
2023-08-25T13:44:32Z,saccharina_latissima,618,0.04043333333333333
2023-08-25T13:44:32Z,saccharina_latissima,620,0.038487500000000015
2023-08-25T13:44:32Z,saccharina_latissima,622,0.03716000000000001
2023-08-25T13:44:32Z,saccharina_latissima,624,0.036175000000000006
2023-08-25T13:44:32Z,saccharina_latissima,626,0.03548000000000002
2023-08-25T13:44:32Z,saccharina_latissima,628,0.03485333333333334
2023-08-25T13:44:32Z,saccharina_latissima,630,0.034087500000000014
2023-08-25T13:44:32Z,saccharina_latissima,632,0.03327333333333331
2023-08-25T13:44:32Z,saccharina_latissima,634,0.03249999999999999
2023-08-25T13:44:32Z,saccharina_latissima,636,0.0321
2023-08-25T13:44:32Z,saccharina_latissima,638,0.03231875000000001
2023-08-25T13:44:32Z,saccharina_latissima,640,0.03333333333333335
2023-08-25T13:44:32Z,saccharina_latissima,642,0.03490000000000002
2023-08-25T13:44:32Z,saccharina_latissima,644,0.03686000000000002
2023-08-25T13:44:32Z,saccharina_latissima,646,0.03852500000000001
2023-08-25T13:44:32Z,saccharina_latissima,648,0.039599999999999996
2023-08-25T13:44:32Z,saccharina_latissima,650,0.039266666666666665
2023-08-25T13:44:32Z,saccharina_latissima,652,0.03766666666666667
2023-08-25T13:44:32Z,saccharina_latissima,654,0.0349
2023-08-25T13:44:32Z,saccharina_latissima,656,0.031166666666666665
2023-08-25T13:44:32Z,saccharina_latissima,658,0.02703750000000003
2023-08-25T13:44:32Z,saccharina_latissima,660,0.02272000000000005
2023-08-25T13:44:32Z,saccharina_latissima,662,0.01919333333333336
2023-08-25T13:44:32Z,saccharina_latissima,664,0.017140000000000016
2023-08-25T13:44:32Z,saccharina_latissima,666,0.016233333333333343
2023-08-25T13:44:32Z,saccharina_latissima,668,0.016766666666666652
2023-08-25T13:44:32Z,saccharina_latissima,670,0.018459999999999976
2023-08-25T13:44:32Z,saccharina_latissima,672,0.021343866098137494
2023-08-25T13:44:32Z,saccharina_latissima,674,0.025280894783512097
2023-08-25T13:44:32Z,saccharina_latissima,676,0.03013436710324241
2023-08-25T13:44:32Z,saccharina_latissima,678,0.03560245931476572
2023-08-25T13:44:32Z,saccharina_latissima,680,0.041421924342860454
2023-08-25T13:44:32Z,saccharina_latissima,682,0.047730497985398315
2023-08-25T13:44:32Z,saccharina_latissima,684,0.054776580379063786
2023-08-25T13:44:32Z,saccharina_latissima,686,0.0635913688158985
2023-08-25T13:44:32Z,saccharina_latissima,688,0.07476326425253303
2023-08-25T13:44:32Z,saccharina_latissima,690,0.08514275913136826
2023-08-25T13:44:32Z,saccharina_latissima,692,0.09629099890041065
2023-08-25T13:44:32Z,saccharina_latissima,694,0.11005356216656387
2023-08-25T13:44:32Z,saccharina_latissima,696,0.12523258290917022
2023-08-25T13:44:32Z,saccharina_latissima,698,0.14180367769990943
2023-08-25T13:44:32Z,saccharina_latissima,700,0.15936240641914293
2023-08-25T13:44:32Z,saccharina_latissima,702,0.17749830693089966
2023-08-25T13:44:32Z,saccharina_latissima,704,0.19534149497935038
2023-08-25T13:44:32Z,saccharina_latissima,706,0.21256946063981294
2023-08-25T13:44:32Z,saccharina_latissima,708,0.22916903976148278
2023-08-25T13:44:32Z,saccharina_latissima,710,0.24507606575345905
2023-08-25T13:44:32Z,saccharina_latissima,712,0.259736023384402
2023-08-25T13:44:32Z,saccharina_latissima,714,0.27290693067107924
2023-08-25T13:44:32Z,saccharina_latissima,716,0.2840926060534728
2023-08-25T13:44:32Z,saccharina_latissima,718,0.29347026351971367
2023-08-25T13:44:32Z,saccharina_latissima,720,0.30222349192555736
2023-08-25T13:44:32Z,saccharina_latissima,722,0.31057437882915423
2023-08-25T13:44:32Z,saccharina_latissima,724,0.3174647794294202
2023-08-25T13:44:32Z,saccharina_latissima,726,0.3231186916598647
2023-08-25T13:44:32Z,saccharina_latissima,728,0.3277527158125042
2023-08-25T13:44:32Z,saccharina_latissima,730,0.3315622160555427
2023-08-25T13:44:32Z,saccharina_latissima,732,0.3347153193673262
2023-08-25T13:44:32Z,saccharina_latissima,734,0.3373519980136276
2023-08-25T13:44:32Z,saccharina_latissima,736,0.33958602348396677
2023-08-25T13:44:32Z,saccharina_latissima,738,0.34150825561923076
2023-08-25T13:44:32Z,saccharina_latissima,740,0.34319031398734445
2023-08-25T13:44:32Z,saccharina_latissima,742,0.3446881036349301
2023-08-25T13:44:32Z,saccharina_latissima,744,0.34604494478340114
2023-08-25T13:44:32Z,saccharina_latissima,746,0.3472942214945219
2023-08-25T13:44:32Z,saccharina_latissima,748,0.34846155416666275
2023-08-25T13:44:32Z,saccharina_latissima,750,0.349566543559836
2023-08-25T13:44:32Z,saccharina_latissima,752,0.3506241497173347
2023-08-25T13:44:32Z,saccharina_latissima,754,0.35164577031589894
2023-08-25T13:44:32Z,saccharina_latissima,756,0.3526400772206799
2023-08-25T13:44:32Z,saccharina_latissima,758,0.35361366162848884
2023-08-25T13:44:32Z,saccharina_latissima,760,0.35457152941025366
2023-08-25T13:44:32Z,saccharina_latissima,762,0.3555174801873792
2023-08-25T13:44:32Z,saccharina_latissima,764,0.3564543967175709
2023-08-25T13:44:32Z,saccharina_latissima,766,0.35738446540222085
2023-08-25T13:44:32Z,saccharina_latissima,768,0.35830934407524034
2023-08-25T13:44:32Z,saccharina_latissima,770,0.35923028954291364
2023-08-25T13:44:32Z,saccharina_latissima,772,0.3601482544526474
2023-08-25T13:44:32Z,saccharina_latissima,774,0.3610639608223126
2023-08-25T13:44:32Z,saccharina_latissima,776,0.36197795582820486
2023-08-25T13:44:32Z,saccharina_latissima,778,0.3628906541177783
2023-08-25T13:44:32Z,saccharina_latissima,780,0.3638023698936682
2023-08-25T13:44:32Z,saccharina_latissima,782,0.36471334123690957
2023-08-25T13:44:32Z,saccharina_latissima,784,0.3656237485438659
2023-08-25T13:44:32Z,saccharina_latissima,786,0.36653372849979127
2023-08-25T13:44:32Z,saccharina_latissima,788,0.36744338466864834
2023-08-25T13:44:32Z,saccharina_latissima,790,0.3683527955180491
2023-08-25T13:44:32Z,saccharina_latissima,792,0.36926202050023876
2023-08-25T13:44:32Z,saccharina_latissima,794,0.3701711046598534
2023-08-25T13:44:32Z,saccharina_latissima,796,0.37108008212527077
2023-08-25T13:44:32Z,saccharina_latissima,798,0.37198897875398756
2023-08-25T13:44:32Z,saccharina_latissima,800,0.37289781413697726
