wave,bb
394,0.04970202
420,0.049835625
470,0.040053047
532,0.043521919
620,0.02919109
700,0.037100257
