wave,bb
394,0.009425784
420,0.008085816
470,0.007190939
532,0.007587641
620,0.0068844
700,0.006606299
